run,type,module,name,attrname,attrvalue,value,vectime,vecvalue
VoIP-UL-0-20250917-22:24:49-144340,runattr,,,configname,VoIP-UL,,,
VoIP-UL-0-20250917-22:24:49-144340,runattr,,,datetime,20250917-22:24:49,,,
VoIP-UL-0-20250917-22:24:49-144340,runattr,,,experiment,VoIP-UL,,,
VoIP-UL-0-20250917-22:24:49-144340,runattr,,,inifile,omnetpp.ini,,,
VoIP-UL-0-20250917-22:24:49-144340,runattr,,,iterationvars,,,,
VoIP-UL-0-20250917-22:24:49-144340,runattr,,,iterationvarsf,,,,
VoIP-UL-0-20250917-22:24:49-144340,runattr,,,measurement,,,,
VoIP-UL-0-20250917-22:24:49-144340,runattr,,,network,simu5g.simulations.NR.cars.Highway,,,
VoIP-UL-0-20250917-22:24:49-144340,runattr,,,processid,144340,,,
VoIP-UL-0-20250917-22:24:49-144340,runattr,,,repetition,0,,,
VoIP-UL-0-20250917-22:24:49-144340,runattr,,,replication,#0,,,
VoIP-UL-0-20250917-22:24:49-144340,runattr,,,resultdir,results,,,
VoIP-UL-0-20250917-22:24:49-144340,runattr,,,runnumber,0,,,
VoIP-UL-0-20250917-22:24:49-144340,runattr,,,seedset,0,,,
VoIP-UL-0-20250917-22:24:49-144340,param,,,*.server.numApps,10,,,
VoIP-UL-0-20250917-22:24:49-144340,param,,,*.server.app[*].typename,"""VoIPReceiver""",,,
VoIP-UL-0-20250917-22:24:49-144340,param,,,*.server.app[*].localPort,3000 + ancestorIndex(0),,,
VoIP-UL-0-20250917-22:24:49-144340,param,,,*.car[*].numApps,1,,,
VoIP-UL-0-20250917-22:24:49-144340,param,,,*.car[*].app[0].typename,"""VoIPSender""",,,
VoIP-UL-0-20250917-22:24:49-144340,param,,,*.car[*].app[0].destAddress,"""server""",,,
VoIP-UL-0-20250917-22:24:49-144340,param,,,*.car[*].app[0].destPort,3000 + ancestorIndex(1),,,
VoIP-UL-0-20250917-22:24:49-144340,param,,,**.routingRecorder.enabled,false,,,
VoIP-UL-0-20250917-22:24:49-144340,param,,,*.playgroundSizeX,20000m,,,
VoIP-UL-0-20250917-22:24:49-144340,param,,,*.playgroundSizeY,20000m,,,
VoIP-UL-0-20250917-22:24:49-144340,param,,,*.playgroundSizeZ,50m,,,
VoIP-UL-0-20250917-22:24:49-144340,param,,,*.veinsManager.host,"""localhost""",,,
VoIP-UL-0-20250917-22:24:49-144340,param,,,*.veinsManager.moduleType,"""simu5g.nodes.cars.NRCar""",,,
VoIP-UL-0-20250917-22:24:49-144340,param,,,*.veinsManager.moduleName,"""car""",,,
VoIP-UL-0-20250917-22:24:49-144340,param,,,*.veinsManager.launchConfig,"xmldoc(""heterogeneous.launchd.xml"")",,,
VoIP-UL-0-20250917-22:24:49-144340,param,,,*.veinsManager.updateInterval,0.1s,,,
VoIP-UL-0-20250917-22:24:49-144340,param,,,*.car[*].mobilityType,"""VeinsInetMobility""",,,
VoIP-UL-0-20250917-22:24:49-144340,param,,,**.numBands,25,,,
VoIP-UL-0-20250917-22:24:49-144340,param,,,**.ueTxPower,26,,,
VoIP-UL-0-20250917-22:24:49-144340,param,,,**.eNodeBTxPower,46,,,
VoIP-UL-0-20250917-22:24:49-144340,param,,,*.car[*].cellularNic.nrPhy.dynamicCellAssociation,true,,,
VoIP-UL-0-20250917-22:24:49-144340,param,,,*.car[*].masterId,0,,,
VoIP-UL-0-20250917-22:24:49-144340,param,,,*.car[*].macCellId,0,,,
VoIP-UL-0-20250917-22:24:49-144340,param,,,*.car[*].nrMasterId,1,,,
VoIP-UL-0-20250917-22:24:49-144340,param,,,*.car[*].nrMacCellId,1,,,
VoIP-UL-0-20250917-22:24:49-144340,param,,,**.gNodeB1.macCellId,1,,,
VoIP-UL-0-20250917-22:24:49-144340,param,,,**.gNodeB1.macNodeId,1,,,
VoIP-UL-0-20250917-22:24:49-144340,param,,,**.gNodeB2.macCellId,2,,,
VoIP-UL-0-20250917-22:24:49-144340,param,,,**.gNodeB2.macNodeId,2,,,
VoIP-UL-0-20250917-22:24:49-144340,param,,,*.car[*].cellularNic.nrPhy.enableHandover,true,,,
VoIP-UL-0-20250917-22:24:49-144340,param,,,*.gNodeB*.cellularNic.phy.enableHandover,true,,,
VoIP-UL-0-20250917-22:24:49-144340,param,,,*.gNodeB*.cellularNic.phy.handoverLatency,50ms,,,
VoIP-UL-0-20250917-22:24:49-144340,param,,,*.gNodeB*.cellInfo.broadcastMessageInterval,1s,,,
VoIP-UL-0-20250917-22:24:49-144340,param,,,*.gNodeB*.numX2Apps,1,,,
VoIP-UL-0-20250917-22:24:49-144340,param,,,*.gNodeB*.x2App[*].server.localPort,5000 + ancestorIndex(1),,,
VoIP-UL-0-20250917-22:24:49-144340,param,,,*.gNodeB1.x2App[0].client.connectAddress,"""gNodeB2%x2ppp0""",,,
VoIP-UL-0-20250917-22:24:49-144340,param,,,*.gNodeB2.x2App[0].client.connectAddress,"""gNodeB1%x2ppp0""",,,
VoIP-UL-0-20250917-22:24:49-144340,param,,,**.sctp.nagleEnabled,false,,,
VoIP-UL-0-20250917-22:24:49-144340,param,,,**.sctp.enableHeartbeats,false,,,
VoIP-UL-0-20250917-22:24:49-144340,param,,,*.server.numApps,10,,,
VoIP-UL-0-20250917-22:24:49-144340,param,,,*.server.app[*].typename,"""VoIPReceiver""",,,
VoIP-UL-0-20250917-22:24:49-144340,param,,,*.server.app[*].localPort,3000 + ancestorIndex(0),,,
VoIP-UL-0-20250917-22:24:49-144340,param,,,*.car[*].numApps,1,,,
VoIP-UL-0-20250917-22:24:49-144340,param,,,*.car[*].app[0].typename,"""VoIPSender""",,,
VoIP-UL-0-20250917-22:24:49-144340,param,,,*.car[*].app[0].destAddress,"""server""",,,
VoIP-UL-0-20250917-22:24:49-144340,param,,,*.car[*].app[0].destPort,3000 + ancestorIndex(1),,,
VoIP-UL-0-20250917-22:24:49-144340,param,,,**.routingRecorder.enabled,false,,,
VoIP-UL-0-20250917-22:24:49-144340,param,,,*.playgroundSizeX,20000m,,,
VoIP-UL-0-20250917-22:24:49-144340,param,,,*.playgroundSizeY,20000m,,,
VoIP-UL-0-20250917-22:24:49-144340,param,,,*.playgroundSizeZ,50m,,,
VoIP-UL-0-20250917-22:24:49-144340,param,,,*.veinsManager.host,"""localhost""",,,
VoIP-UL-0-20250917-22:24:49-144340,param,,,*.veinsManager.moduleType,"""simu5g.nodes.cars.NRCar""",,,
VoIP-UL-0-20250917-22:24:49-144340,param,,,*.veinsManager.moduleName,"""car""",,,
VoIP-UL-0-20250917-22:24:49-144340,param,,,*.veinsManager.launchConfig,"xmldoc(""heterogeneous.launchd.xml"")",,,
VoIP-UL-0-20250917-22:24:49-144340,param,,,*.veinsManager.updateInterval,0.1s,,,
VoIP-UL-0-20250917-22:24:49-144340,param,,,*.car[*].mobilityType,"""VeinsInetMobility""",,,
VoIP-UL-0-20250917-22:24:49-144340,param,,,**.numBands,25,,,
VoIP-UL-0-20250917-22:24:49-144340,param,,,**.ueTxPower,26,,,
VoIP-UL-0-20250917-22:24:49-144340,param,,,**.eNodeBTxPower,46,,,
VoIP-UL-0-20250917-22:24:49-144340,param,,,*.car[*].cellularNic.nrPhy.dynamicCellAssociation,true,,,
VoIP-UL-0-20250917-22:24:49-144340,param,,,*.car[*].masterId,0,,,
VoIP-UL-0-20250917-22:24:49-144340,param,,,*.car[*].macCellId,0,,,
VoIP-UL-0-20250917-22:24:49-144340,param,,,*.car[*].nrMasterId,1,,,
VoIP-UL-0-20250917-22:24:49-144340,param,,,*.car[*].nrMacCellId,1,,,
VoIP-UL-0-20250917-22:24:49-144340,param,,,**.gNodeB1.macCellId,1,,,
VoIP-UL-0-20250917-22:24:49-144340,param,,,**.gNodeB1.macNodeId,1,,,
VoIP-UL-0-20250917-22:24:49-144340,param,,,**.gNodeB2.macCellId,2,,,
VoIP-UL-0-20250917-22:24:49-144340,param,,,**.gNodeB2.macNodeId,2,,,
VoIP-UL-0-20250917-22:24:49-144340,param,,,*.car[*].cellularNic.nrPhy.enableHandover,true,,,
VoIP-UL-0-20250917-22:24:49-144340,param,,,*.gNodeB*.cellularNic.phy.enableHandover,true,,,
VoIP-UL-0-20250917-22:24:49-144340,param,,,*.gNodeB*.cellularNic.phy.handoverLatency,50ms,,,
VoIP-UL-0-20250917-22:24:49-144340,param,,,*.gNodeB*.cellInfo.broadcastMessageInterval,1s,,,
VoIP-UL-0-20250917-22:24:49-144340,param,,,*.gNodeB*.numX2Apps,1,,,
VoIP-UL-0-20250917-22:24:49-144340,param,,,*.gNodeB*.x2App[*].server.localPort,5000 + ancestorIndex(1),,,
VoIP-UL-0-20250917-22:24:49-144340,param,,,*.gNodeB1.x2App[0].client.connectAddress,"""gNodeB2%x2ppp0""",,,
VoIP-UL-0-20250917-22:24:49-144340,param,,,*.gNodeB2.x2App[0].client.connectAddress,"""gNodeB1%x2ppp0""",,,
VoIP-UL-0-20250917-22:24:49-144340,param,,,**.sctp.nagleEnabled,false,,,
VoIP-UL-0-20250917-22:24:49-144340,param,,,**.sctp.enableHeartbeats,false,,,
VoIP-UL-0-20250917-22:24:49-144340,vector,Highway.upf.pppIf.ppp,transmissionState:vector,,,,"0 0.1090001388 0.1090001988 0.1090001988 0.1090002588 0.1280001388 0.1280001988 0.1280001988 0.1280002588 0.1480001388 0.1480001988 0.1480001988 0.1480002588 0.1680001388 0.1680001988 0.1680001988 0.1680002588 0.1880001388 0.1880001988 0.1880001988 0.1880002588 0.2080001388 0.2080001988 0.2080001988 0.2080002588 0.2280001388 0.2280001988 0.2480001388 0.2480001988 0.2680001388 0.2680001988 0.2880001388 0.2880001988 0.3080001388 0.3080001988 0.3280001388 0.3280001988 0.3480001388 0.3480001988 0.3680001388 0.3680001988 0.3880001388 0.3880001988 0.4080001388 0.4080001988 0.4280001388 0.4280001988 0.4480001388 0.4480001988 0.4680001388 0.4680001988 0.4880001388 0.4880001988 0.5080001388 0.5080001988 0.5280001388 0.5280001988 0.5480001388 0.5480001988 0.5680001388 0.5680001988 0.5880001388 0.5880001988 0.6080001388 0.6080001988 0.6280001388 0.6280001988 0.6480001388 0.6480001988 0.6680001388 0.6680001988 0.6880001388 0.6880001988 0.7080001388 0.7080001988 0.7280001388 0.7280001988 0.7480001388 0.7480001988 0.7680001388 0.7680001988 0.7880001388 0.7880001988 0.8080001388 0.8080001988 0.8280001388 0.8280001988 0.8480001388 0.8480001988 0.8680001388 0.8680001988 0.8880001388 0.8880001988 0.9080001388 0.9080001988 0.9280001388 0.9280001988 0.9480001388 0.9480001988 0.9680001388 0.9680001988 0.9880001388 0.9880001988 1.0080001388 1.0080001988 1.3970001388 1.3970001988 1.4170001388 1.4170001988 1.4370001388 1.4370001988 1.4570001388 1.4570001988 1.4770001388 1.4770001988 1.4970001388 1.4970001988 1.5170001388 1.5170001988 1.5370001388 1.5370001988 1.5570001388 1.5570001988 1.5770001388 1.5770001988 1.5970001388 1.5970001988 1.6170001388 1.6170001988 1.6370001388 1.6370001988 1.6570001388 1.6570001988 1.6770001388 1.6770001988 1.6970001388 1.6970001988 1.7170001388 1.7170001988 1.7370001388 1.7370001988 1.7570001388 1.7570001988 1.7770001388 1.7770001988 1.7970001388 1.7970001988 1.8170001388 1.8170001988 1.8370001388 1.8370001988 1.8570001388 1.8570001988 1.8770001388 1.8770001988 1.8970001388 1.8970001988 1.9070001388 1.9070001988 1.9170001388 1.9170001988 1.9270001388 1.9270001988 1.9370001388 1.9370001988 1.9470001388 1.9470001988 1.9570001388 1.9570001988 1.9670001388 1.9670001988 1.9770001388 1.9770001988 1.9970001388 1.9970001988 2.0170001388 2.0170001988 2.0370001388 2.0370001988 2.0570001388 2.0570001988 2.0770001388 2.0770001988 2.0970001388 2.0970001988 2.1150001388 2.1150001988 2.1170001388 2.1170001988 2.1350001388 2.1350001988 2.1370001388 2.1370001988 2.1550001388 2.1550001988 2.1570001388 2.1570001988 2.1750001388 2.1750001988 2.1770001388 2.1770001988 2.1950001388 2.1950001988 2.1970001388 2.1970001988 2.2150001388 2.2150001988 2.2170001388 2.2170001988 2.2350001388 2.2350001988 2.2370001388 2.2370001988 2.2550001388 2.2550001988 2.2570001388 2.2570001988 2.2750001388 2.2750001988 2.2770001388 2.2770001988 2.2950001388 2.2950001988 2.2970001388 2.2970001988 2.3150001388 2.3150001988 2.3170001388 2.3170001988 2.3350001388 2.3350001988 2.3370001388 2.3370001988 2.3550001388 2.3550001988 2.3570001388 2.3570001988 2.3750001388 2.3750001988 2.3770001388 2.3770001988 2.3950001388 2.3950001988 2.3970001388 2.3970001988 2.4150001388 2.4150001988 2.4170001388 2.4170001988 2.4350001388 2.4350001988 2.4370001388 2.4370001988 2.4550001388 2.4550001988 2.4570001388 2.4570001988 2.4750001388 2.4750001988 2.4770001388 2.4770001988 2.4950001388 2.4950001988 2.4970001388 2.4970001988 2.5150001388 2.5150001988 2.5170001388 2.5170001988 2.5350001388 2.5350001988 2.5370001388 2.5370001988 2.5550001388 2.5550001988 2.5570001388 2.5570001988 2.5750001388 2.5750001988 2.5770001388 2.5770001988 2.5950001388 2.5950001988 2.5970001388 2.5970001988 2.6150001388 2.6150001988 2.6170001388 2.6170001988 2.6350001388 2.6350001988 2.6370001388 2.6370001988 2.6550001388 2.6550001988 2.6570001388 2.6570001988 2.6750001388 2.6750001988 2.6770001388 2.6770001988 2.6950001388 2.6950001988 2.6970001388 2.6970001988 2.7150001388 2.7150001988 2.7170001388 2.7170001988 2.7350001388 2.7350001988 2.7370001388 2.7370001988 2.7570001388 2.7570001988 2.7770001388 2.7770001988 2.7970001388 2.7970001988 2.8170001388 2.8170001988 2.8370001388 2.8370001988 2.8570001388 2.8570001988 2.8770001388 2.8770001988 2.8970001388 2.8970001988 2.9170001388 2.9170001988 2.9370001388 2.9370001988 2.9570001388 2.9570001988 2.9770001388 2.9770001988 2.9970001388 2.9970001988 3.0170001388 3.0170001988 3.0370001388 3.0370001988 3.0570001388 3.0570001988 3.0770001388 3.0770001988 3.0970001388 3.0970001988 3.1170001388 3.1170001988 3.1370001388 3.1370001988 3.1570001388 3.1570001988 3.1770001388 3.1770001988 3.1970001388 3.1970001988 3.2170001388 3.2170001988 3.2370001388 3.2370001988 3.2570001388 3.2570001988 3.2770001388 3.2770001988 3.2970001388 3.2970001988 3.3170001388 3.3170001988 3.3370001388 3.3370001988 3.3570001388 3.3570001988 3.3770001388 3.3770001988 3.3970001388 3.3970001988 3.4170001388 3.4170001988 3.4370001388 3.4370001988 3.4570001388 3.4570001988 3.4770001388 3.4770001988 3.4970001388 3.4970001988 3.5170001388 3.5170001988 3.5370001388 3.5370001988 3.5570001388 3.5570001988 3.5770001388 3.5770001988 3.5970001388 3.5970001988 3.6170001388 3.6170001988 3.6370001388 3.6370001988 3.6570001388 3.6570001988 3.6770001388 3.6770001988 3.6970001388 3.6970001988 3.7170001388 3.7170001988 3.7370001388 3.7370001988 3.7570001388 3.7570001988 3.7770001388 3.7770001988 3.7970001388 3.7970001988 3.8170001388 3.8170001988 3.8370001388 3.8370001988 3.8570001388 3.8570001988 3.8770001388 3.8770001988 3.8970001388 3.8970001988 3.9170001388 3.9170001988 3.9370001388 3.9370001988 3.9570001388 3.9570001988 3.9770001388 3.9770001988 3.9970001388 3.9970001988 4.2960001388 4.2960001988 4.3160001388 4.3160001988 4.3260001388 4.3260001988 4.3360001388 4.3360001988 4.3460001388 4.3460001988 4.3560001388 4.3560001988 4.3660001388 4.3660001988 4.3760001388 4.3760001988 4.3860001388 4.3860001988 4.3960001388 4.3960001988 4.4060001388 4.4060001988 4.4160001388 4.4160001988 4.4260001388 4.4260001988 4.4360001388 4.4360001988 4.4460001388 4.4460001988 4.4560001388 4.4560001988 4.4660001388 4.4660001988 4.4760001388 4.4760001988 4.4860001388 4.4860001988 4.4960001388 4.4960001988 4.5060001388 4.5060001988 4.5160001388 4.5160001988 4.5260001388 4.5260001988 4.5360001388 4.5360001988 4.5460001388 4.5460001988 4.5560001388 4.5560001988 4.5660001388 4.5660001988 4.5760001388 4.5760001988 4.5860001388 4.5860001988 4.5960001388 4.5960001988 4.6060001388 4.6060001988 4.6160001388 4.6160001988 4.6260001388 4.6260001988 4.6360001388 4.6360001988 4.6460001388 4.6460001988 4.6560001388 4.6560001988 4.6660001388 4.6660001988 4.6760001388 4.6760001988 4.6860001388 4.6860001988 4.6960001388 4.6960001988 4.7060001388 4.7060001988 4.7160001388 4.7160001988 4.7260001388 4.7260001988 4.7460001388 4.7460001988 4.7660001388 4.7660001988 4.7860001388 4.7860001988 4.8060001388 4.8060001988 4.8260001388 4.8260001988 4.8430001388 4.8430001988 4.8460001388 4.8460001988 4.8630001388 4.8630001988 4.8660001388 4.8660001988 4.8830001388 4.8830001988 4.8860001388 4.8860001988 4.9030001388 4.9030001988 4.9230001388 4.9230001988 4.9430001388 4.9430001988 4.9630001388 4.9630001988 4.9830001388 4.9830001988 5.0030001388 5.0030001988 5.2090001388 5.2090001988 5.2280001388 5.2280001988 5.2470001388 5.2470001988 5.2480001388 5.2480001988 5.2670001388 5.2670001988 5.2680001388 5.2680001988 5.2870001388 5.2870001988 5.2880001388 5.2880001988 5.3070001388 5.3070001988 5.3080001388 5.3080001988 5.3270001388 5.3270001988 5.3280001388 5.3280001988 5.3470001388 5.3470001988 5.3480001388 5.3480001988 5.3670001388 5.3670001988 5.3680001388 5.3680001988 5.3870001388 5.3870001988 5.3880001388 5.3880001988 5.4070001388 5.4070001988 5.4080001388 5.4080001988 5.4090001388 5.4090001988 5.4270001388 5.4270001988 5.4280001388 5.4280001988 5.4280001988 5.4280002588 5.4470001388 5.4470001988 5.4480001388 5.4480001988 5.4480001988 5.4480002588 5.4670001388 5.4670001988 5.4680001388 5.4680001988 5.4680001988 5.4680002588 5.4870001388 5.4870001988 5.4880001388 5.4880001988 5.4880001988 5.4880002588 5.5070001388 5.5070001988 5.5080001388 5.5080001988 5.5080001988 5.5080002588 5.5270001388 5.5270001988 5.5280001388 5.5280001988 5.5280001988 5.5280002588 5.5470001388 5.5470001988 5.5480001388 5.5480001988 5.5480001988 5.5480002588 5.5670001388 5.5670001988 5.5680001388 5.5680001988 5.5680001988 5.5680002588 5.5870001388 5.5870001988 5.5880001388 5.5880001988 5.5880001988 5.5880002588 5.6070001388 5.6070001988 5.6080001388 5.6080001988 5.6080001988 5.6080002588 5.6270001388 5.6270001988 5.6280001388 5.6280001988 5.6280001988 5.6280002588 5.6470001388 5.6470001988 5.6480001388 5.6480001988 5.6480001988 5.6480002588 5.6670001388 5.6670001988 5.6680001388 5.6680001988 5.6680001988 5.6680002588 5.6870001388 5.6870001988 5.6880001388 5.6880001988 5.6880001988 5.6880002588 5.7070001388 5.7070001988 5.7080001388 5.7080001988 5.7080001988 5.7080002588 5.7270001388 5.7270001988 5.7280001388 5.7280001988 5.7280001988 5.7280002588 5.7470001388 5.7470001988 5.7480001388 5.7480001988 5.7480001988 5.7480002588 5.7670001388 5.7670001988 5.7680001388 5.7680001988 5.7680001988 5.7680002588 5.7870001388 5.7870001988 5.7880001388 5.7880001988 5.7880001988 5.7880002588 5.8070001388 5.8070001988 5.8080001388 5.8080001988 5.8080001988 5.8080002588 5.8150001388 5.8150001988 5.8270001388 5.8270001988 5.8280001388 5.8280001988 5.8280001988 5.8280002588 5.8350001388 5.8350001988 5.8470001388 5.8470001988 5.8480001388 5.8480001988 5.8480001988 5.8480002588 5.8550001388 5.8550001988 5.8670001388 5.8670001988 5.8680001388 5.8680001988 5.8680001988 5.8680002588 5.8870001388 5.8870001988 5.8880001388 5.8880001988 5.8880001988 5.8880002588 5.9070001388 5.9070001988 5.9080001388 5.9080001988 5.9140001388 5.9140001988 5.9270001388 5.9270001988 5.9280001388 5.9280001988 5.9280001988 5.9280002588 5.9470001388 5.9470001988 5.9480001388 5.9480001988 5.9480001988 5.9480002588 5.9670001388 5.9670001988 5.9680001388 5.9680001988 5.9680001988 5.9680002588 5.9880001388 5.9880001988 5.9880001988 5.9880002588 6.0080001388 6.0080001988 6.0080001988 6.0080002588 6.0280001388 6.0280001988 6.0280001988 6.0280002588 6.0480001388 6.0480001988 6.0480001988 6.0480002588 6.0680001388 6.0680001988 6.0680001988 6.0680002588 6.0880001388 6.0880001988 6.0880001988 6.0880002588 6.1080001388 6.1080001988 6.1080001988 6.1080002588 6.1280001388 6.1280001988 6.1280001988 6.1280002588 6.1480001388 6.1480001988 6.1480001988 6.1480002588 6.1680001388 6.1680001988 6.1680001988 6.1680002588 6.1730001388 6.1730001988 6.1880001388 6.1880001988 6.1880001988 6.1880002588 6.1930001388 6.1930001988 6.2080001388 6.2080001988 6.2080001988 6.2080002588 6.2130001388 6.2130001988 6.2280001388 6.2280001988 6.2280001988 6.2280002588 6.2330001388 6.2330001988 6.2480001388 6.2480001988 6.2480001988 6.2480002588 6.2530001388 6.2530001988 6.2680001388 6.2680001988 6.2680001988 6.2680002588 6.2730001388 6.2730001988 6.2880001388 6.2880001988 6.2880001988 6.2880002588 6.2930001388 6.2930001988 6.3080001388 6.3080001988 6.3080001988 6.3080002588 6.3190001388 6.3190001988 6.3280001388 6.3280001988 6.3280001988 6.3280002588 6.3330001388 6.3330001988 6.3480001388 6.3480001988 6.3480001988 6.3480002588 6.3530001388 6.3530001988 6.3680001388 6.3680001988 6.3680001988 6.3680002588 6.3730001388 6.3730001988 6.3880001388 6.3880001988 6.3880001988 6.3880002588 6.3930001388 6.3930001988 6.4080001388 6.4080001988 6.4080001988 6.4080002588 6.4130001388 6.4130001988 6.4280001388 6.4280001988 6.4280001988 6.4280002588 6.4330001388 6.4330001988 6.4360001388 6.4360001988 6.4480001388 6.4480001988 6.4480001988 6.4480002588 6.4530001388 6.4530001988 6.4560001388 6.4560001988 6.4680001388 6.4680001988 6.4680001988 6.4680002588 6.4730001388 6.4730001988 6.4760001388 6.4760001988 6.4880001388 6.4880001988 6.4880001988 6.4880002588 6.4930001388 6.4930001988 6.4960001388 6.4960001988 6.5080001388 6.5080001988 6.5080001988 6.5080002588 6.5130001388 6.5130001988 6.5160001388 6.5160001988 6.5280001388 6.5280001988 6.5280001988 6.5280002588 6.5330001388 6.5330001988 6.5360001388 6.5360001988 6.5480001388 6.5480001988 6.5480001988 6.5480002588 6.5530001388 6.5530001988 6.5560001388 6.5560001988 6.5680001388 6.5680001988 6.5730001388 6.5730001988 6.5760001388 6.5760001988 6.5880001388 6.5880001988 6.5930001388 6.5930001988 6.5960001388 6.5960001988 6.6080001388 6.6080001988 6.6130001388 6.6130001988 6.6160001388 6.6160001988 6.6280001388 6.6280001988 6.6330001388 6.6330001988 6.6360001388 6.6360001988 6.6480001388 6.6480001988 6.6530001388 6.6530001988 6.6560001388 6.6560001988 6.6680001388 6.6680001988 6.6730001388 6.6730001988 6.6760001388 6.6760001988 6.6880001388 6.6880001988 6.6930001388 6.6930001988 6.6960001388 6.6960001988 6.7080001388 6.7080001988 6.7130001388 6.7130001988 6.7160001388 6.7160001988 6.7280001388 6.7280001988 6.7330001388 6.7330001988 6.7480001388 6.7480001988 6.7530001388 6.7530001988 6.7680001388 6.7680001988 6.7730001388 6.7730001988 6.7880001388 6.7880001988 6.7930001388 6.7930001988 6.8080001388 6.8080001988 6.8120001388 6.8120001988 6.8130001388 6.8130001988 6.8280001388 6.8280001988 6.8320001388 6.8320001988 6.8330001388 6.8330001988 6.8480001388 6.8480001988 6.8520001388 6.8520001988 6.8530001388 6.8530001988 6.8550001388 6.8550001988 6.8680001388 6.8680001988 6.8720001388 6.8720001988 6.8730001388 6.8730001988 6.8750001388 6.8750001988 6.8880001388 6.8880001988 6.8920001388 6.8920001988 6.8930001388 6.8930001988 6.8950001388 6.8950001988 6.9080001388 6.9080001988 6.9120001388 6.9120001988 6.9130001388 6.9130001988 6.9150001388 6.9150001988 6.9280001388 6.9280001988 6.9320001388 6.9320001988 6.9330001388 6.9330001988 6.9350001388 6.9350001988 6.9480001388 6.9480001988 6.9520001388 6.9520001988 6.9530001388 6.9530001988 6.9550001388 6.9550001988 6.9680001388 6.9680001988 6.9720001388 6.9720001988 6.9730001388 6.9730001988 6.9750001388 6.9750001988 6.9880001388 6.9880001988 6.9920001388 6.9920001988 6.9930001388 6.9930001988 6.9950001388 6.9950001988 7.0080001388 7.0080001988 7.0120001388 7.0120001988 7.0130001388 7.0130001988 7.0150001388 7.0150001988 7.0280001388 7.0280001988 7.0320001388 7.0320001988 7.0330001388 7.0330001988 7.0350001388 7.0350001988 7.0480001388 7.0480001988 7.0520001388 7.0520001988 7.0530001388 7.0530001988 7.0550001388 7.0550001988 7.0680001388 7.0680001988 7.0720001388 7.0720001988 7.0730001388 7.0730001988 7.0750001388 7.0750001988 7.0880001388 7.0880001988 7.0920001388 7.0920001988 7.0930001388 7.0930001988 7.0950001388 7.0950001988 7.1080001388 7.1080001988 7.1120001388 7.1120001988 7.1130001388 7.1130001988 7.1150001388 7.1150001988 7.1280001388 7.1280001988 7.1320001388 7.1320001988 7.1330001388 7.1330001988 7.1350001388 7.1350001988 7.1480001388 7.1480001988 7.1520001388 7.1520001988 7.1530001388 7.1530001988 7.1550001388 7.1550001988 7.1680001388 7.1680001988 7.1720001388 7.1720001988 7.1730001388 7.1730001988 7.1750001388 7.1750001988 7.1880001388 7.1880001988 7.1920001388 7.1920001988 7.1930001388 7.1930001988 7.1950001388 7.1950001988 7.2080001388 7.2080001988 7.2120001388 7.2120001988 7.2130001388 7.2130001988 7.2150001388 7.2150001988 7.2280001388 7.2280001988 7.2320001388 7.2320001988 7.2330001388 7.2330001988 7.2350001388 7.2350001988 7.2480001388 7.2480001988 7.2520001388 7.2520001988 7.2530001388 7.2530001988 7.2550001388 7.2550001988 7.2680001388 7.2680001988 7.2720001388 7.2720001988 7.2730001388 7.2730001988 7.2750001388 7.2750001988 7.2880001388 7.2880001988 7.2920001388 7.2920001988 7.2930001388 7.2930001988 7.2950001388 7.2950001988 7.3080001388 7.3080001988 7.3120001388 7.3120001988 7.3130001388 7.3130001988 7.3150001388 7.3150001988 7.3280001388 7.3280001988 7.3320001388 7.3320001988 7.3330001388 7.3330001988 7.3350001388 7.3350001988 7.3480001388 7.3480001988 7.3520001388 7.3520001988 7.3530001388 7.3530001988 7.3550001388 7.3550001988 7.3680001388 7.3680001988 7.3720001388 7.3720001988 7.3730001388 7.3730001988 7.3750001388 7.3750001988 7.3880001388 7.3880001988 7.3920001388 7.3920001988 7.3930001388 7.3930001988 7.3950001388 7.3950001988 7.4080001388 7.4080001988 7.4120001388 7.4120001988 7.4130001388 7.4130001988 7.4150001388 7.4150001988 7.4280001388 7.4280001988 7.4320001388 7.4320001988 7.4330001388 7.4330001988 7.4350001388 7.4350001988 7.4480001388 7.4480001988 7.4520001388 7.4520001988 7.4530001388 7.4530001988 7.4550001388 7.4550001988 7.4680001388 7.4680001988 7.4720001388 7.4720001988 7.4730001388 7.4730001988 7.4750001388 7.4750001988 7.4880001388 7.4880001988 7.4920001388 7.4920001988 7.4930001388 7.4930001988 7.4950001388 7.4950001988 7.5080001388 7.5080001988 7.5120001388 7.5120001988 7.5130001388 7.5130001988 7.5150001388 7.5150001988 7.5280001388 7.5280001988 7.5320001388 7.5320001988 7.5330001388 7.5330001988 7.5350001388 7.5350001988 7.5480001388 7.5480001988 7.5520001388 7.5520001988 7.5530001388 7.5530001988 7.5550001388 7.5550001988 7.5680001388 7.5680001988 7.5720001388 7.5720001988 7.5730001388 7.5730001988 7.5750001388 7.5750001988 7.5880001388 7.5880001988 7.5920001388 7.5920001988 7.5930001388 7.5930001988 7.5950001388 7.5950001988 7.6080001388 7.6080001988 7.6120001388 7.6120001988 7.6130001388 7.6130001988 7.6150001388 7.6150001988 7.6280001388 7.6280001988 7.6320001388 7.6320001988 7.6330001388 7.6330001988 7.6350001388 7.6350001988 7.6480001388 7.6480001988 7.6520001388 7.6520001988 7.6530001388 7.6530001988 7.6550001388 7.6550001988 7.6680001388 7.6680001988 7.6720001388 7.6720001988 7.6730001388 7.6730001988 7.6750001388 7.6750001988 7.6880001388 7.6880001988 7.6920001388 7.6920001988 7.6930001388 7.6930001988 7.6950001388 7.6950001988 7.7080001388 7.7080001988 7.7120001388 7.7120001988 7.7130001388 7.7130001988 7.7150001388 7.7150001988 7.7280001388 7.7280001988 7.7320001388 7.7320001988 7.7330001388 7.7330001988 7.7350001388 7.7350001988 7.7480001388 7.7480001988 7.7520001388 7.7520001988 7.7530001388 7.7530001988 7.7550001388 7.7550001988 7.7680001388 7.7680001988 7.7720001388 7.7720001988 7.7730001388 7.7730001988 7.7750001388 7.7750001988 7.7880001388 7.7880001988 7.7920001388 7.7920001988 7.7930001388 7.7930001988 7.7950001388 7.7950001988 7.8080001388 7.8080001988 7.8120001388 7.8120001988 7.8130001388 7.8130001988 7.8150001388 7.8150001988 7.8280001388 7.8280001988 7.8320001388 7.8320001988 7.8330001388 7.8330001988 7.8350001388 7.8350001988 7.8480001388 7.8480001988 7.8520001388 7.8520001988 7.8530001388 7.8530001988 7.8550001388 7.8550001988 7.8680001388 7.8680001988 7.8720001388 7.8720001988 7.8730001388 7.8730001988 7.8750001388 7.8750001988 7.8880001388 7.8880001988 7.8920001388 7.8920001988 7.8930001388 7.8930001988 7.8950001388 7.8950001988 7.9080001388 7.9080001988 7.9120001388 7.9120001988 7.9130001388 7.9130001988 7.9150001388 7.9150001988 7.9280001388 7.9280001988 7.9320001388 7.9320001988 7.9330001388 7.9330001988 7.9350001388 7.9350001988 7.9480001388 7.9480001988 7.9520001388 7.9520001988 7.9530001388 7.9530001988 7.9550001388 7.9550001988 7.9680001388 7.9680001988 7.9720001388 7.9720001988 7.9730001388 7.9730001988 7.9750001388 7.9750001988 7.9880001388 7.9880001988 7.9920001388 7.9920001988 7.9930001388 7.9930001988 7.9950001388 7.9950001988 8.0080001388 8.0080001988 8.0120001388 8.0120001988 8.0130001388 8.0130001988 8.0150001388 8.0150001988 8.0280001388 8.0280001988 8.0320001388 8.0320001988 8.0330001388 8.0330001988 8.0350001388 8.0350001988 8.0480001388 8.0480001988 8.0520001388 8.0520001988 8.0530001388 8.0530001988 8.0550001388 8.0550001988 8.0680001388 8.0680001988 8.0720001388 8.0720001988 8.0730001388 8.0730001988 8.0750001388 8.0750001988 8.0880001388 8.0880001988 8.0920001388 8.0920001988 8.0930001388 8.0930001988 8.0950001388 8.0950001988 8.1080001388 8.1080001988 8.1120001388 8.1120001988 8.1130001388 8.1130001988 8.1150001388 8.1150001988 8.1280001388 8.1280001988 8.1330001388 8.1330001988 8.1350001388 8.1350001988 8.1480001388 8.1480001988 8.1530001388 8.1530001988 8.1550001388 8.1550001988 8.1680001388 8.1680001988 8.1730001388 8.1730001988 8.1750001388 8.1750001988 8.1880001388 8.1880001988 8.1930001388 8.1930001988 8.1950001388 8.1950001988 8.2080001388 8.2080001988 8.2130001388 8.2130001988 8.2150001388 8.2150001988 8.2280001388 8.2280001988 8.2330001388 8.2330001988 8.2350001388 8.2350001988 8.2480001388 8.2480001988 8.2530001388 8.2530001988 8.2550001388 8.2550001988 8.2680001388 8.2680001988 8.2730001388 8.2730001988 8.2750001388 8.2750001988 8.2880001388 8.2880001988 8.2930001388 8.2930001988 8.2950001388 8.2950001988 8.3080001388 8.3080001988 8.3130001388 8.3130001988 8.3150001388 8.3150001988 8.3280001388 8.3280001988 8.3330001388 8.3330001988 8.3350001388 8.3350001988 8.3480001388 8.3480001988 8.3530001388 8.3530001988 8.3550001388 8.3550001988 8.3680001388 8.3680001988 8.3730001388 8.3730001988 8.3750001388 8.3750001988 8.3880001388 8.3880001988 8.3930001388 8.3930001988 8.3950001388 8.3950001988 8.4080001388 8.4080001988 8.4130001388 8.4130001988 8.4150001388 8.4150001988 8.4280001388 8.4280001988 8.4330001388 8.4330001988 8.4350001388 8.4350001988 8.4480001388 8.4480001988 8.4530001388 8.4530001988 8.4550001388 8.4550001988 8.4730001388 8.4730001988 8.4750001388 8.4750001988 8.4930001388 8.4930001988 8.4950001388 8.4950001988 8.5130001388 8.5130001988 8.5150001388 8.5150001988 8.5170001388 8.5170001988 8.5330001388 8.5330001988 8.5350001388 8.5350001988 8.5370001388 8.5370001988 8.5530001388 8.5530001988 8.5550001388 8.5550001988 8.5570001388 8.5570001988 8.5730001388 8.5730001988 8.5750001388 8.5750001988 8.5770001388 8.5770001988 8.5930001388 8.5930001988 8.5950001388 8.5950001988 8.5970001388 8.5970001988 8.6150001388 8.6150001988 8.6170001388 8.6170001988 8.6350001388 8.6350001988 8.6370001388 8.6370001988 8.6550001388 8.6550001988 8.6570001388 8.6570001988 8.6750001388 8.6750001988 8.6770001388 8.6770001988 8.6950001388 8.6950001988 8.6970001388 8.6970001988 8.7150001388 8.7150001988 8.7170001388 8.7170001988 8.7350001388 8.7350001988 8.7370001388 8.7370001988 8.7550001388 8.7550001988 8.7570001388 8.7570001988 8.7750001388 8.7750001988 8.7770001388 8.7770001988 8.7950001388 8.7950001988 8.7970001388 8.7970001988 8.8150001388 8.8150001988 8.8170001388 8.8170001988 8.8350001388 8.8350001988 8.8370001388 8.8370001988 8.8550001388 8.8550001988 8.8570001388 8.8570001988 8.8750001388 8.8750001988 8.8770001388 8.8770001988 8.8950001388 8.8950001988 8.8970001388 8.8970001988 8.9070001388 8.9070001988 8.9150001388 8.9150001988 8.9170001388 8.9170001988 8.9270001388 8.9270001988 8.9350001388 8.9350001988 8.9370001388 8.9370001988 8.9470001388 8.9470001988 8.9550001388 8.9550001988 8.9570001388 8.9570001988 8.9670001388 8.9670001988 8.9750001388 8.9750001988 8.9770001388 8.9770001988 8.9870001388 8.9870001988 8.9950001388 8.9950001988 8.9970001388 8.9970001988 9.0070001388 9.0070001988 9.0150001388 9.0150001988 9.0170001388 9.0170001988 9.0270001388 9.0270001988 9.0350001388 9.0350001988 9.0370001388 9.0370001988 9.0470001388 9.0470001988 9.0550001388 9.0550001988 9.0570001388 9.0570001988 9.0670001388 9.0670001988 9.0750001388 9.0750001988 9.0770001388 9.0770001988 9.0870001388 9.0870001988 9.0950001388 9.0950001988 9.0970001388 9.0970001988 9.1070001388 9.1070001988 9.1150001388 9.1150001988 9.1170001388 9.1170001988 9.1270001388 9.1270001988 9.1350001388 9.1350001988 9.1370001388 9.1370001988 9.1470001388 9.1470001988 9.1550001388 9.1550001988 9.1570001388 9.1570001988 9.1670001388 9.1670001988 9.1750001388 9.1750001988 9.1770001388 9.1770001988 9.1870001388 9.1870001988 9.1950001388 9.1950001988 9.1970001388 9.1970001988 9.2070001388 9.2070001988 9.2150001388 9.2150001988 9.2170001388 9.2170001988 9.2270001388 9.2270001988 9.2350001388 9.2350001988 9.2370001388 9.2370001988 9.2470001388 9.2470001988 9.2550001388 9.2550001988 9.2570001388 9.2570001988 9.2670001388 9.2670001988 9.2750001388 9.2750001988 9.2870001388 9.2870001988 9.2950001388 9.2950001988 9.3070001388 9.3070001988 9.3150001388 9.3150001988 9.3350001388 9.3350001988 9.3550001388 9.3550001988 9.3750001388 9.3750001988 9.3950001388 9.3950001988 9.4150001388 9.4150001988 9.4350001388 9.4350001988 9.4550001388 9.4550001988 9.4750001388 9.4750001988 9.4950001388 9.4950001988 9.5150001388 9.5150001988 9.5350001388 9.5350001988 9.5550001388 9.5550001988 9.5750001388 9.5750001988 9.5950001388 9.5950001988 9.6150001388 9.6150001988 9.6350001388 9.6350001988 9.6550001388 9.6550001988 9.6750001388 9.6750001988 9.6950001388 9.6950001988 9.7150001388 9.7150001988 9.7350001388 9.7350001988 9.7550001388 9.7550001988 9.7750001388 9.7750001988 9.7950001388 9.7950001988 9.8150001388 9.8150001988 9.8350001388 9.8350001988 9.8370001388 9.8370001988 9.8550001388 9.8550001988 9.8570001388 9.8570001988 9.8750001388 9.8750001988 9.8770001388 9.8770001988 9.8950001388 9.8950001988 9.8970001388 9.8970001988 9.9150001388 9.9150001988 9.9170001388 9.9170001988 9.9350001388 9.9350001988 9.9370001388 9.9370001988 9.9550001388 9.9550001988 9.9570001388 9.9570001988 9.9750001388 9.9750001988 9.9770001388 9.9770001988 9.9950001388 9.9950001988 9.9970001388 9.9970001988 10.0150001388 10.0150001988 10.0170001388 10.0170001988 10.0350001388 10.0350001988 10.0370001388 10.0370001988 10.0550001388 10.0550001988 10.0570001388 10.0570001988 10.0750001388 10.0750001988 10.0770001388 10.0770001988 10.0950001388 10.0950001988 10.0970001388 10.0970001988 10.1120001388 10.1120001988 10.1150001388 10.1150001988 10.1170001388 10.1170001988 10.1350001388 10.1350001988 10.1370001388 10.1370001988 10.1550001388 10.1550001988 10.1570001388 10.1570001988 10.1750001388 10.1750001988 10.1770001388 10.1770001988 10.1950001388 10.1950001988 10.1970001388 10.1970001988 10.2150001388 10.2150001988 10.2170001388 10.2170001988 10.2350001388 10.2350001988 10.2370001388 10.2370001988 10.2550001388 10.2550001988 10.2570001388 10.2570001988 10.2750001388 10.2750001988 10.2770001388 10.2770001988 10.2950001388 10.2950001988 10.2970001388 10.2970001988 10.3150001388 10.3150001988 10.3170001388 10.3170001988 10.3350001388 10.3350001988 10.3370001388 10.3370001988 10.3550001388 10.3550001988 10.3570001388 10.3570001988 10.3600001388 10.3600001988 10.3750001388 10.3750001988 10.3770001388 10.3770001988 10.3800001388 10.3800001988 10.3950001388 10.3950001988 10.3970001388 10.3970001988 10.4000001388 10.4000001988 10.4150001388 10.4150001988 10.4170001388 10.4170001988 10.4200001388 10.4200001988 10.4350001388 10.4350001988 10.4370001388 10.4370001988 10.4400001388 10.4400001988 10.4550001388 10.4550001988 10.4570001388 10.4570001988 10.4600001388 10.4600001988 10.4750001388 10.4750001988 10.4770001388 10.4770001988 10.4800001388 10.4800001988 10.4950001388 10.4950001988 10.4970001388 10.4970001988 10.5000001388 10.5000001988 10.5170001388 10.5170001988 10.5200001388 10.5200001988 10.5210001388 10.5210001988 10.5370001388 10.5370001988 10.5400001388 10.5400001988 10.5410001388 10.5410001988 10.5550001388 10.5550001988 10.5570001388 10.5570001988 10.5600001388 10.5600001988 10.5750001388 10.5750001988 10.5770001388 10.5770001988 10.5800001388 10.5800001988 10.5950001388 10.5950001988 10.5970001388 10.5970001988 10.6000001388 10.6000001988 10.6090001388 10.6090001988 10.6150001388 10.6150001988 10.6170001388 10.6170001988 10.6200001388 10.6200001988 10.6280001388 10.6280001988 10.6350001388 10.6350001988 10.6370001388 10.6370001988 10.6400001388 10.6400001988 10.6480001388 10.6480001988 10.6550001388 10.6550001988 10.6570001388 10.6570001988 10.6600001388 10.6600001988 10.6680001388 10.6680001988 10.6750001388 10.6750001988 10.6770001388 10.6770001988 10.6800001388 10.6800001988 10.6880001388 10.6880001988 10.6950001388 10.6950001988 10.6970001388 10.6970001988 10.7000001388 10.7000001988 10.7080001388 10.7080001988 10.7150001388 10.7150001988 10.7170001388 10.7170001988 10.7200001388 10.7200001988 10.7280001388 10.7280001988 10.7350001388 10.7350001988 10.7370001388 10.7370001988 10.7400001388 10.7400001988 10.7480001388 10.7480001988 10.7550001388 10.7550001988 10.7570001388 10.7570001988 10.7600001388 10.7600001988 10.7680001388 10.7680001988 10.7750001388 10.7750001988 10.7770001388 10.7770001988 10.7800001388 10.7800001988 10.7880001388 10.7880001988 10.7950001388 10.7950001988 10.7970001388 10.7970001988 10.8000001388 10.8000001988 10.8080001388 10.8080001988 10.8090001388 10.8090001988 10.8150001388 10.8150001988 10.8170001388 10.8170001988 10.8200001388 10.8200001988 10.8280001388 10.8280001988 10.8280001988 10.8280002588 10.8350001388 10.8350001988 10.8370001388 10.8370001988 10.8400001388 10.8400001988 10.8480001388 10.8480001988 10.8480001988 10.8480002588 10.8570001388 10.8570001988 10.8600001388 10.8600001988 10.8610001388 10.8610001988 10.8680001388 10.8680001988 10.8680001988 10.8680002588 10.8750001388 10.8750001988 10.8770001388 10.8770001988 10.8800001388 10.8800001988 10.8880001388 10.8880001988 10.8880001988 10.8880002588 10.8950001388 10.8950001988 10.8970001388 10.8970001988 10.9080001388 10.9080001988 10.9080001988 10.9080002588 10.9150001388 10.9150001988 10.9170001388 10.9170001988 10.9280001388 10.9280001988 10.9280001988 10.9280002588 10.9350001388 10.9350001988 10.9370001388 10.9370001988 10.9480001388 10.9480001988 10.9480001988 10.9480002588 10.9550001388 10.9550001988 10.9570001388 10.9570001988 10.9680001388 10.9680001988 10.9680001988 10.9680002588 10.9770001388 10.9770001988 10.9810001388 10.9810001988 10.9880001388 10.9880001988 10.9880001988 10.9880002588 10.9950001388 10.9950001988 10.9970001388 10.9970001988 11.0080001388 11.0080001988 11.0080001988 11.0080002588 11.0170001388 11.0170001988 11.0210001388 11.0210001988 11.0280001388 11.0280001988 11.0280001988 11.0280002588 11.0370001388 11.0370001988 11.0410001388 11.0410001988 11.0480001388 11.0480001988 11.0480001988 11.0480002588 11.0550001388 11.0550001988 11.0570001388 11.0570001988 11.0680001388 11.0680001988 11.0680001988 11.0680002588 11.0770001388 11.0770001988 11.0810001388 11.0810001988 11.0880001388 11.0880001988 11.0880001988 11.0880002588 11.0950001388 11.0950001988 11.0970001388 11.0970001988 11.1080001388 11.1080001988 11.1080001988 11.1080002588 11.1170001388 11.1170001988 11.1210001388 11.1210001988 11.1280001388 11.1280001988 11.1350001388 11.1350001988 11.1370001388 11.1370001988 11.1480001388 11.1480001988 11.1550001388 11.1550001988 11.1570001388 11.1570001988 11.1680001388 11.1680001988 11.1740001388 11.1740001988 11.1750001388 11.1750001988 11.1770001388 11.1770001988 11.1880001388 11.1880001988 11.1940001388 11.1940001988 11.1970001388 11.1970001988 11.2010001388 11.2010001988 11.2080001388 11.2080001988 11.2140001388 11.2140001988 11.2150001388 11.2150001988 11.2170001388 11.2170001988 11.2280001388 11.2280001988 11.2340001388 11.2340001988 11.2350001388 11.2350001988 11.2370001388 11.2370001988 11.2480001388 11.2480001988 11.2540001388 11.2540001988 11.2550001388 11.2550001988 11.2570001388 11.2570001988 11.2680001388 11.2680001988 11.2740001388 11.2740001988 11.2750001388 11.2750001988 11.2770001388 11.2770001988 11.2880001388 11.2880001988 11.2940001388 11.2940001988 11.2950001388 11.2950001988 11.2970001388 11.2970001988 11.3080001388 11.3080001988 11.3140001388 11.3140001988 11.3150001388 11.3150001988 11.3170001388 11.3170001988 11.3280001388 11.3280001988 11.3340001388 11.3340001988 11.3350001388 11.3350001988 11.3370001388 11.3370001988 11.3480001388 11.3480001988 11.3540001388 11.3540001988 11.3550001388 11.3550001988 11.3570001388 11.3570001988 11.3680001388 11.3680001988 11.3750001388 11.3750001988 11.3770001388 11.3770001988 11.3880001388 11.3880001988 11.3950001388 11.3950001988 11.3970001388 11.3970001988 11.4150001388 11.4150001988 11.4170001388 11.4170001988 11.4350001388 11.4350001988 11.4370001388 11.4370001988 11.4550001388 11.4550001988 11.4570001388 11.4570001988 11.4750001388 11.4750001988 11.4770001388 11.4770001988 11.4950001388 11.4950001988 11.4970001388 11.4970001988 11.5150001388 11.5150001988 11.5170001388 11.5170001988 11.5350001388 11.5350001988 11.5370001388 11.5370001988 11.5550001388 11.5550001988 11.5570001388 11.5570001988 11.5750001388 11.5750001988 11.5770001388 11.5770001988 11.5950001388 11.5950001988 11.5970001388 11.5970001988 11.6150001388 11.6150001988 11.6170001388 11.6170001988 11.6350001388 11.6350001988 11.6370001388 11.6370001988 11.6550001388 11.6550001988 11.6570001388 11.6570001988 11.6750001388 11.6750001988 11.6770001388 11.6770001988 11.6950001388 11.6950001988 11.6970001388 11.6970001988 11.7150001388 11.7150001988 11.7170001388 11.7170001988 11.7350001388 11.7350001988 11.7370001388 11.7370001988 11.7550001388 11.7550001988 11.7570001388 11.7570001988 11.7750001388 11.7750001988 11.7770001388 11.7770001988 11.7950001388 11.7950001988 11.7970001388 11.7970001988 11.8150001388 11.8150001988 11.8170001388 11.8170001988 11.8350001388 11.8350001988 11.8370001388 11.8370001988 11.8550001388 11.8550001988 11.8570001388 11.8570001988 11.8750001388 11.8750001988 11.8770001388 11.8770001988 11.8950001388 11.8950001988 11.8970001388 11.8970001988 11.9150001388 11.9150001988 11.9170001388 11.9170001988 11.9330001388 11.9330001988 11.9350001388 11.9350001988 11.9370001388 11.9370001988 11.9530001388 11.9530001988 11.9550001388 11.9550001988 11.9570001388 11.9570001988 11.9730001388 11.9730001988 11.9750001388 11.9750001988 11.9770001388 11.9770001988 11.9930001388 11.9930001988 11.9950001388 11.9950001988 11.9970001388 11.9970001988 12.0130001388 12.0130001988 12.0150001388 12.0150001988 12.0170001388 12.0170001988 12.0330001388 12.0330001988 12.0350001388 12.0350001988 12.0370001388 12.0370001988 12.0410001388 12.0410001988 12.0530001388 12.0530001988 12.0550001388 12.0550001988 12.0570001388 12.0570001988 12.0610001388 12.0610001988 12.0730001388 12.0730001988 12.0750001388 12.0750001988 12.0770001388 12.0770001988 12.0810001388 12.0810001988 12.0930001388 12.0930001988 12.0950001388 12.0950001988 12.0970001388 12.0970001988 12.1010001388 12.1010001988 12.1130001388 12.1130001988 12.1150001388 12.1150001988 12.1170001388 12.1170001988 12.1210001388 12.1210001988 12.1330001388 12.1330001988 12.1350001388 12.1350001988 12.1370001388 12.1370001988 12.1410001388 12.1410001988 12.1530001388 12.1530001988 12.1550001388 12.1550001988 12.1570001388 12.1570001988 12.1610001388 12.1610001988 12.1730001388 12.1730001988 12.1750001388 12.1750001988 12.1770001388 12.1770001988 12.1810001388 12.1810001988 12.1930001388 12.1930001988 12.1950001388 12.1950001988 12.1970001388 12.1970001988 12.2010001388 12.2010001988 12.2130001388 12.2130001988 12.2150001388 12.2150001988 12.2170001388 12.2170001988 12.2210001388 12.2210001988 12.2330001388 12.2330001988 12.2350001388 12.2350001988 12.2370001388 12.2370001988 12.2410001388 12.2410001988 12.2530001388 12.2530001988 12.2550001388 12.2550001988 12.2570001388 12.2570001988 12.2610001388 12.2610001988 12.2730001388 12.2730001988 12.2750001388 12.2750001988 12.2770001388 12.2770001988 12.2810001388 12.2810001988 12.2930001388 12.2930001988 12.2950001388 12.2950001988 12.2970001388 12.2970001988 12.3010001388 12.3010001988 12.3130001388 12.3130001988 12.3150001388 12.3150001988 12.3170001388 12.3170001988 12.3210001388 12.3210001988 12.3330001388 12.3330001988 12.3350001388 12.3350001988 12.3370001388 12.3370001988 12.3410001388 12.3410001988 12.3530001388 12.3530001988 12.3550001388 12.3550001988 12.3570001388 12.3570001988 12.3610001388 12.3610001988 12.3730001388 12.3730001988 12.3750001388 12.3750001988 12.3770001388 12.3770001988 12.3810001388 12.3810001988 12.3930001388 12.3930001988 12.3950001388 12.3950001988 12.3970001388 12.3970001988 12.4010001388 12.4010001988 12.4130001388 12.4130001988 12.4150001388 12.4150001988 12.4170001388 12.4170001988 12.4210001388 12.4210001988 12.4330001388 12.4330001988 12.4350001388 12.4350001988 12.4370001388 12.4370001988 12.4410001388 12.4410001988 12.4530001388 12.4530001988 12.4550001388 12.4550001988 12.4570001388 12.4570001988 12.4610001388 12.4610001988 12.4730001388 12.4730001988 12.4750001388 12.4750001988 12.4770001388 12.4770001988 12.4810001388 12.4810001988 12.4930001388 12.4930001988 12.4950001388 12.4950001988 12.4970001388 12.4970001988 12.5010001388 12.5010001988 12.5130001388 12.5130001988 12.5150001388 12.5150001988 12.5170001388 12.5170001988 12.5210001388 12.5210001988 12.5330001388 12.5330001988 12.5350001388 12.5350001988 12.5370001388 12.5370001988 12.5410001388 12.5410001988 12.5530001388 12.5530001988 12.5550001388 12.5550001988 12.5570001388 12.5570001988 12.5610001388 12.5610001988 12.5730001388 12.5730001988 12.5750001388 12.5750001988 12.5770001388 12.5770001988 12.5810001388 12.5810001988 12.5930001388 12.5930001988 12.5950001388 12.5950001988 12.5970001388 12.5970001988 12.6010001388 12.6010001988 12.6130001388 12.6130001988 12.6150001388 12.6150001988 12.6170001388 12.6170001988 12.6210001388 12.6210001988 12.6330001388 12.6330001988 12.6350001388 12.6350001988 12.6370001388 12.6370001988 12.6410001388 12.6410001988 12.6530001388 12.6530001988 12.6550001388 12.6550001988 12.6570001388 12.6570001988 12.6610001388 12.6610001988 12.6730001388 12.6730001988 12.6750001388 12.6750001988 12.6770001388 12.6770001988 12.6810001388 12.6810001988 12.6930001388 12.6930001988 12.6950001388 12.6950001988 12.6970001388 12.6970001988 12.7010001388 12.7010001988 12.7130001388 12.7130001988 12.7150001388 12.7150001988 12.7170001388 12.7170001988 12.7210001388 12.7210001988 12.7330001388 12.7330001988 12.7350001388 12.7350001988 12.7370001388 12.7370001988 12.7410001388 12.7410001988 12.7530001388 12.7530001988 12.7550001388 12.7550001988 12.7570001388 12.7570001988 12.7610001388 12.7610001988 12.7730001388 12.7730001988 12.7750001388 12.7750001988 12.7770001388 12.7770001988 12.7810001388 12.7810001988 12.7930001388 12.7930001988 12.7950001388 12.7950001988 12.7970001388 12.7970001988 12.8010001388 12.8010001988 12.8130001388 12.8130001988 12.8150001388 12.8150001988 12.8170001388 12.8170001988 12.8210001388 12.8210001988 12.8330001388 12.8330001988 12.8350001388 12.8350001988 12.8370001388 12.8370001988 12.8410001388 12.8410001988 12.8530001388 12.8530001988 12.8550001388 12.8550001988 12.8570001388 12.8570001988 12.8610001388 12.8610001988 12.8730001388 12.8730001988 12.8750001388 12.8750001988 12.8770001388 12.8770001988 12.8810001388 12.8810001988 12.8930001388 12.8930001988 12.8950001388 12.8950001988 12.8970001388 12.8970001988 12.9010001388 12.9010001988 12.9130001388 12.9130001988 12.9150001388 12.9150001988 12.9170001388 12.9170001988 12.9210001388 12.9210001988 12.9330001388 12.9330001988 12.9350001388 12.9350001988 12.9370001388 12.9370001988 12.9410001388 12.9410001988 12.9530001388 12.9530001988 12.9550001388 12.9550001988 12.9570001388 12.9570001988 12.9610001388 12.9610001988 12.9730001388 12.9730001988 12.9750001388 12.9750001988 12.9770001388 12.9770001988 12.9810001388 12.9810001988 12.9930001388 12.9930001988 12.9950001388 12.9950001988 12.9970001388 12.9970001988 13.0010001388 13.0010001988 13.0130001388 13.0130001988 13.0150001388 13.0150001988 13.0170001388 13.0170001988 13.0210001388 13.0210001988 13.0330001388 13.0330001988 13.0350001388 13.0350001988 13.0370001388 13.0370001988 13.0410001388 13.0410001988 13.0530001388 13.0530001988 13.0550001388 13.0550001988 13.0570001388 13.0570001988 13.0610001388 13.0610001988 13.0730001388 13.0730001988 13.0750001388 13.0750001988 13.0770001388 13.0770001988 13.0810001388 13.0810001988 13.0930001388 13.0930001988 13.0950001388 13.0950001988 13.0970001388 13.0970001988 13.1010001388 13.1010001988 13.1130001388 13.1130001988 13.1150001388 13.1150001988 13.1170001388 13.1170001988 13.1210001388 13.1210001988 13.1330001388 13.1330001988 13.1350001388 13.1350001988 13.1370001388 13.1370001988 13.1410001388 13.1410001988 13.1530001388 13.1530001988 13.1550001388 13.1550001988 13.1570001388 13.1570001988 13.1610001388 13.1610001988 13.1730001388 13.1730001988 13.1750001388 13.1750001988 13.1770001388 13.1770001988 13.1810001388 13.1810001988 13.1930001388 13.1930001988 13.1950001388 13.1950001988 13.1970001388 13.1970001988 13.2010001388 13.2010001988 13.2130001388 13.2130001988 13.2150001388 13.2150001988 13.2170001388 13.2170001988 13.2250001388 13.2250001988 13.2330001388 13.2330001988 13.2350001388 13.2350001988 13.2370001388 13.2370001988 13.2450001388 13.2450001988 13.2530001388 13.2530001988 13.2550001388 13.2550001988 13.2570001388 13.2570001988 13.2650001388 13.2650001988 13.2730001388 13.2730001988 13.2750001388 13.2750001988 13.2770001388 13.2770001988 13.2850001388 13.2850001988 13.2930001388 13.2930001988 13.2950001388 13.2950001988 13.2970001388 13.2970001988 13.3050001388 13.3050001988 13.3130001388 13.3130001988 13.3150001388 13.3150001988 13.3170001388 13.3170001988 13.3190001388 13.3190001988 13.3250001388 13.3250001988 13.3330001388 13.3330001988 13.3350001388 13.3350001988 13.3370001388 13.3370001988 13.3390001388 13.3390001988 13.3450001388 13.3450001988 13.3530001388 13.3530001988 13.3550001388 13.3550001988 13.3570001388 13.3570001988 13.3590001388 13.3590001988 13.3650001388 13.3650001988 13.3730001388 13.3730001988 13.3750001388 13.3750001988 13.3770001388 13.3770001988 13.3790001388 13.3790001988 13.3850001388 13.3850001988 13.3930001388 13.3930001988 13.3950001388 13.3950001988 13.3970001388 13.3970001988 13.3990001388 13.3990001988 13.4050001388 13.4050001988 13.4130001388 13.4130001988 13.4150001388 13.4150001988 13.4170001388 13.4170001988 13.4190001388 13.4190001988 13.4250001388 13.4250001988 13.4330001388 13.4330001988 13.4350001388 13.4350001988 13.4370001388 13.4370001988 13.4390001388 13.4390001988 13.4450001388 13.4450001988 13.4530001388 13.4530001988 13.4550001388 13.4550001988 13.4570001388 13.4570001988 13.4590001388 13.4590001988 13.4650001388 13.4650001988 13.4730001388 13.4730001988 13.4750001388 13.4750001988 13.4770001388 13.4770001988 13.4790001388 13.4790001988 13.4850001388 13.4850001988 13.4930001388 13.4930001988 13.4950001388 13.4950001988 13.4970001388 13.4970001988 13.4990001388 13.4990001988 13.5050001388 13.5050001988 13.5130001388 13.5130001988 13.5150001388 13.5150001988 13.5170001388 13.5170001988 13.5190001388 13.5190001988 13.5250001388 13.5250001988 13.5330001388 13.5330001988 13.5350001388 13.5350001988 13.5370001388 13.5370001988 13.5390001388 13.5390001988 13.5450001388 13.5450001988 13.5530001388 13.5530001988 13.5550001388 13.5550001988 13.5570001388 13.5570001988 13.5590001388 13.5590001988 13.5650001388 13.5650001988 13.5730001388 13.5730001988 13.5750001388 13.5750001988 13.5770001388 13.5770001988 13.5790001388 13.5790001988 13.5850001388 13.5850001988 13.5930001388 13.5930001988 13.5950001388 13.5950001988 13.5970001388 13.5970001988 13.5990001388 13.5990001988 13.6050001388 13.6050001988 13.6130001388 13.6130001988 13.6150001388 13.6150001988 13.6170001388 13.6170001988 13.6190001388 13.6190001988 13.6250001388 13.6250001988 13.6330001388 13.6330001988 13.6350001388 13.6350001988 13.6370001388 13.6370001988 13.6390001388 13.6390001988 13.6450001388 13.6450001988 13.6530001388 13.6530001988 13.6550001388 13.6550001988 13.6570001388 13.6570001988 13.6590001388 13.6590001988 13.6650001388 13.6650001988 13.6730001388 13.6730001988 13.6750001388 13.6750001988 13.6770001388 13.6770001988 13.6790001388 13.6790001988 13.6850001388 13.6850001988 13.6930001388 13.6930001988 13.6950001388 13.6950001988 13.6970001388 13.6970001988 13.6990001388 13.6990001988 13.7050001388 13.7050001988 13.7130001388 13.7130001988 13.7150001388 13.7150001988 13.7170001388 13.7170001988 13.7190001388 13.7190001988 13.7250001388 13.7250001988 13.7330001388 13.7330001988 13.7350001388 13.7350001988 13.7370001388 13.7370001988 13.7390001388 13.7390001988 13.7450001388 13.7450001988 13.7530001388 13.7530001988 13.7550001388 13.7550001988 13.7570001388 13.7570001988 13.7590001388 13.7590001988 13.7650001388 13.7650001988 13.7730001388 13.7730001988 13.7750001388 13.7750001988 13.7770001388 13.7770001988 13.7790001388 13.7790001988 13.7850001388 13.7850001988 13.7930001388 13.7930001988 13.7950001388 13.7950001988 13.7970001388 13.7970001988 13.7990001388 13.7990001988 13.8050001388 13.8050001988 13.8130001388 13.8130001988 13.8150001388 13.8150001988 13.8170001388 13.8170001988 13.8190001388 13.8190001988 13.8250001388 13.8250001988 13.8330001388 13.8330001988 13.8350001388 13.8350001988 13.8370001388 13.8370001988 13.8390001388 13.8390001988 13.8450001388 13.8450001988 13.8530001388 13.8530001988 13.8550001388 13.8550001988 13.8570001388 13.8570001988 13.8590001388 13.8590001988 13.8650001388 13.8650001988 13.8730001388 13.8730001988 13.8770001388 13.8770001988 13.8790001388 13.8790001988 13.8850001388 13.8850001988 13.8930001388 13.8930001988 13.8970001388 13.8970001988 13.8990001388 13.8990001988 13.9050001388 13.9050001988 13.9130001388 13.9130001988 13.9170001388 13.9170001988 13.9190001388 13.9190001988 13.9250001388 13.9250001988 13.9330001388 13.9330001988 13.9370001388 13.9370001988 13.9390001388 13.9390001988 13.9450001388 13.9450001988 13.9530001388 13.9530001988 13.9570001388 13.9570001988 13.9590001388 13.9590001988 13.9650001388 13.9650001988 13.9730001388 13.9730001988 13.9770001388 13.9770001988 13.9790001388 13.9790001988 13.9850001388 13.9850001988 13.9930001388 13.9930001988 13.9970001388 13.9970001988 13.9990001388 13.9990001988 14.0050001388 14.0050001988 14.0130001388 14.0130001988 14.0170001388 14.0170001988 14.0190001388 14.0190001988 14.0250001388 14.0250001988 14.0330001388 14.0330001988 14.0370001388 14.0370001988 14.0390001388 14.0390001988 14.0450001388 14.0450001988 14.0530001388 14.0530001988 14.0570001388 14.0570001988 14.0590001388 14.0590001988 14.0650001388 14.0650001988 14.0720001388 14.0720001988 14.0730001388 14.0730001988 14.0770001388 14.0770001988 14.0790001388 14.0790001988 14.0850001388 14.0850001988 14.0920001388 14.0920001988 14.0930001388 14.0930001988 14.0970001388 14.0970001988 14.0990001388 14.0990001988 14.1050001388 14.1050001988 14.1120001388 14.1120001988 14.1130001388 14.1130001988 14.1170001388 14.1170001988 14.1190001388 14.1190001988 14.1250001388 14.1250001988 14.1320001388 14.1320001988 14.1330001388 14.1330001988 14.1370001388 14.1370001988 14.1390001388 14.1390001988 14.1450001388 14.1450001988 14.1520001388 14.1520001988 14.1530001388 14.1530001988 14.1570001388 14.1570001988 14.1590001388 14.1590001988 14.1650001388 14.1650001988 14.1720001388 14.1720001988 14.1730001388 14.1730001988 14.1770001388 14.1770001988 14.1790001388 14.1790001988 14.1850001388 14.1850001988 14.1920001388 14.1920001988 14.1930001388 14.1930001988 14.1970001388 14.1970001988 14.1990001388 14.1990001988 14.2050001388 14.2050001988 14.2120001388 14.2120001988 14.2130001388 14.2130001988 14.2170001388 14.2170001988 14.2190001388 14.2190001988 14.2250001388 14.2250001988 14.2320001388 14.2320001988 14.2330001388 14.2330001988 14.2370001388 14.2370001988 14.2390001388 14.2390001988 14.2450001388 14.2450001988 14.2520001388 14.2520001988 14.2530001388 14.2530001988 14.2570001388 14.2570001988 14.2590001388 14.2590001988 14.2650001388 14.2650001988 14.2720001388 14.2720001988 14.2730001388 14.2730001988 14.2770001388 14.2770001988 14.2790001388 14.2790001988 14.2850001388 14.2850001988 14.2920001388 14.2920001988 14.2930001388 14.2930001988 14.2970001388 14.2970001988 14.2990001388 14.2990001988 14.3050001388 14.3050001988 14.3120001388 14.3120001988 14.3130001388 14.3130001988 14.3170001388 14.3170001988 14.3190001388 14.3190001988 14.3250001388 14.3250001988 14.3320001388 14.3320001988 14.3330001388 14.3330001988 14.3370001388 14.3370001988 14.3390001388 14.3390001988 14.3450001388 14.3450001988 14.3520001388 14.3520001988 14.3530001388 14.3530001988 14.3570001388 14.3570001988 14.3590001388 14.3590001988 14.3650001388 14.3650001988 14.3720001388 14.3720001988 14.3730001388 14.3730001988 14.3770001388 14.3770001988 14.3790001388 14.3790001988 14.3850001388 14.3850001988 14.3920001388 14.3920001988 14.3930001388 14.3930001988 14.3970001388 14.3970001988 14.3990001388 14.3990001988 14.4050001388 14.4050001988 14.4120001388 14.4120001988 14.4130001388 14.4130001988 14.4170001388 14.4170001988 14.4190001388 14.4190001988 14.4250001388 14.4250001988 14.4270001388 14.4270001988 14.4320001388 14.4320001988 14.4330001388 14.4330001988 14.4370001388 14.4370001988 14.4390001388 14.4390001988 14.4450001388 14.4450001988 14.4520001388 14.4520001988 14.4530001388 14.4530001988 14.4570001388 14.4570001988 14.4590001388 14.4590001988 14.4650001388 14.4650001988 14.4720001388 14.4720001988 14.4730001388 14.4730001988 14.4770001388 14.4770001988 14.4790001388 14.4790001988 14.4850001388 14.4850001988 14.4920001388 14.4920001988 14.4930001388 14.4930001988 14.4970001388 14.4970001988 14.4990001388 14.4990001988 14.5050001388 14.5050001988 14.5120001388 14.5120001988 14.5130001388 14.5130001988 14.5170001388 14.5170001988 14.5190001388 14.5190001988 14.5250001388 14.5250001988 14.5320001388 14.5320001988 14.5330001388 14.5330001988 14.5370001388 14.5370001988 14.5390001388 14.5390001988 14.5450001388 14.5450001988 14.5520001388 14.5520001988 14.5530001388 14.5530001988 14.5570001388 14.5570001988 14.5590001388 14.5590001988 14.5650001388 14.5650001988 14.5720001388 14.5720001988 14.5730001388 14.5730001988 14.5770001388 14.5770001988 14.5790001388 14.5790001988 14.5850001388 14.5850001988 14.5920001388 14.5920001988 14.5930001388 14.5930001988 14.5970001388 14.5970001988 14.5990001388 14.5990001988 14.6050001388 14.6050001988 14.6120001388 14.6120001988 14.6130001388 14.6130001988 14.6170001388 14.6170001988 14.6190001388 14.6190001988 14.6250001388 14.6250001988 14.6320001388 14.6320001988 14.6330001388 14.6330001988 14.6370001388 14.6370001988 14.6390001388 14.6390001988 14.6520001388 14.6520001988 14.6530001388 14.6530001988 14.6570001388 14.6570001988 14.6590001388 14.6590001988 14.6720001388 14.6720001988 14.6730001388 14.6730001988 14.6770001388 14.6770001988 14.6790001388 14.6790001988 14.6920001388 14.6920001988 14.6930001388 14.6930001988 14.6970001388 14.6970001988 14.6990001388 14.6990001988 14.7120001388 14.7120001988 14.7130001388 14.7130001988 14.7170001388 14.7170001988 14.7190001388 14.7190001988 14.7320001388 14.7320001988 14.7330001388 14.7330001988 14.7370001388 14.7370001988 14.7390001388 14.7390001988 14.7520001388 14.7520001988 14.7530001388 14.7530001988 14.7570001388 14.7570001988 14.7590001388 14.7590001988 14.7720001388 14.7720001988 14.7730001388 14.7730001988 14.7770001388 14.7770001988 14.7790001388 14.7790001988 14.7920001388 14.7920001988 14.7930001388 14.7930001988 14.7970001388 14.7970001988 14.7990001388 14.7990001988 14.8120001388 14.8120001988 14.8130001388 14.8130001988 14.8170001388 14.8170001988 14.8190001388 14.8190001988 14.8320001388 14.8320001988 14.8330001388 14.8330001988 14.8370001388 14.8370001988 14.8390001388 14.8390001988 14.8530001388 14.8530001988 14.8570001388 14.8570001988 14.8590001388 14.8590001988 14.8730001388 14.8730001988 14.8770001388 14.8770001988 14.8790001388 14.8790001988 14.8930001388 14.8930001988 14.8970001388 14.8970001988 14.8990001388 14.8990001988 14.9130001388 14.9130001988 14.9170001388 14.9170001988 14.9190001388 14.9190001988 14.9330001388 14.9330001988 14.9370001388 14.9370001988 14.9390001388 14.9390001988 14.9530001388 14.9530001988 14.9570001388 14.9570001988 14.9590001388 14.9590001988 14.9730001388 14.9730001988 14.9770001388 14.9770001988 14.9790001388 14.9790001988 14.9930001388 14.9930001988 14.9970001388 14.9970001988 14.9990001388 14.9990001988 15.0130001388 15.0130001988 15.0170001388 15.0170001988 15.0190001388 15.0190001988 15.0330001388 15.0330001988 15.0370001388 15.0370001988 15.0390001388 15.0390001988 15.0530001388 15.0530001988 15.0570001388 15.0570001988 15.0590001388 15.0590001988 15.0730001388 15.0730001988 15.0770001388 15.0770001988 15.0790001388 15.0790001988 15.0930001388 15.0930001988 15.0970001388 15.0970001988 15.0990001388 15.0990001988 15.1130001388 15.1130001988 15.1170001388 15.1170001988 15.1190001388 15.1190001988 15.1330001388 15.1330001988 15.1370001388 15.1370001988 15.1390001388 15.1390001988 15.1530001388 15.1530001988 15.1570001388 15.1570001988 15.1590001388 15.1590001988 15.1730001388 15.1730001988 15.1770001388 15.1770001988 15.1790001388 15.1790001988 15.1930001388 15.1930001988 15.1970001388 15.1970001988 15.1990001388 15.1990001988 15.2130001388 15.2130001988 15.2170001388 15.2170001988 15.2190001388 15.2190001988 15.2330001388 15.2330001988 15.2370001388 15.2370001988 15.2390001388 15.2390001988 15.2530001388 15.2530001988 15.2570001388 15.2570001988 15.2590001388 15.2590001988 15.2730001388 15.2730001988 15.2770001388 15.2770001988 15.2790001388 15.2790001988 15.2930001388 15.2930001988 15.2970001388 15.2970001988 15.2990001388 15.2990001988 15.3130001388 15.3130001988 15.3170001388 15.3170001988 15.3190001388 15.3190001988 15.3330001388 15.3330001988 15.3370001388 15.3370001988 15.3390001388 15.3390001988 15.3530001388 15.3530001988 15.3570001388 15.3570001988 15.3590001388 15.3590001988 15.3730001388 15.3730001988 15.3770001388 15.3770001988 15.3790001388 15.3790001988 15.3930001388 15.3930001988 15.3970001388 15.3970001988 15.3990001388 15.3990001988 15.4130001388 15.4130001988 15.4170001388 15.4170001988 15.4190001388 15.4190001988 15.4330001388 15.4330001988 15.4370001388 15.4370001988 15.4390001388 15.4390001988 15.4530001388 15.4530001988 15.4570001388 15.4570001988 15.4590001388 15.4590001988 15.4730001388 15.4730001988 15.4770001388 15.4770001988 15.4790001388 15.4790001988 15.4930001388 15.4930001988 15.4970001388 15.4970001988 15.4990001388 15.4990001988 15.5130001388 15.5130001988 15.5170001388 15.5170001988 15.5190001388 15.5190001988 15.5330001388 15.5330001988 15.5370001388 15.5370001988 15.5390001388 15.5390001988 15.5530001388 15.5530001988 15.5570001388 15.5570001988 15.5590001388 15.5590001988 15.5730001388 15.5730001988 15.5770001388 15.5770001988 15.5790001388 15.5790001988 15.5930001388 15.5930001988 15.5970001388 15.5970001988 15.5990001388 15.5990001988 15.6130001388 15.6130001988 15.6170001388 15.6170001988 15.6190001388 15.6190001988 15.6330001388 15.6330001988 15.6370001388 15.6370001988 15.6390001388 15.6390001988 15.6450001388 15.6450001988 15.6530001388 15.6530001988 15.6570001388 15.6570001988 15.6590001388 15.6590001988 15.6650001388 15.6650001988 15.6730001388 15.6730001988 15.6770001388 15.6770001988 15.6790001388 15.6790001988 15.6850001388 15.6850001988 15.6930001388 15.6930001988 15.6970001388 15.6970001988 15.6990001388 15.6990001988 15.7130001388 15.7130001988 15.7170001388 15.7170001988 15.7190001388 15.7190001988 15.7330001388 15.7330001988 15.7370001388 15.7370001988 15.7390001388 15.7390001988 15.7530001388 15.7530001988 15.7570001388 15.7570001988 15.7590001388 15.7590001988 15.7730001388 15.7730001988 15.7770001388 15.7770001988 15.7790001388 15.7790001988 15.7930001388 15.7930001988 15.7970001388 15.7970001988 15.7990001388 15.7990001988 15.8090001388 15.8090001988 15.8090001988 15.8090002588 15.8130001388 15.8130001988 15.8170001388 15.8170001988 15.8190001388 15.8190001988 15.8280001388 15.8280001988 15.8280001988 15.8280002588 15.8330001388 15.8330001988 15.8370001388 15.8370001988 15.8390001388 15.8390001988 15.8480001388 15.8480001988 15.8480001988 15.8480002588 15.8530001388 15.8530001988 15.8570001388 15.8570001988 15.8590001388 15.8590001988 15.8680001388 15.8680001988 15.8680001988 15.8680002588 15.8730001388 15.8730001988 15.8770001388 15.8770001988 15.8790001388 15.8790001988 15.8880001388 15.8880001988 15.8880001988 15.8880002588 15.8930001388 15.8930001988 15.8970001388 15.8970001988 15.8990001388 15.8990001988 15.9080001388 15.9080001988 15.9080001988 15.9080002588 15.9130001388 15.9130001988 15.9170001388 15.9170001988 15.9190001388 15.9190001988 15.9280001388 15.9280001988 15.9280001988 15.9280002588 15.9330001388 15.9330001988 15.9390001388 15.9390001988 15.9480001388 15.9480001988 15.9480001988 15.9480002588 15.9530001388 15.9530001988 15.9590001388 15.9590001988 15.9680001388 15.9680001988 15.9680001988 15.9680002588 15.9730001388 15.9730001988 15.9790001388 15.9790001988 15.9880001388 15.9880001988 15.9880001988 15.9880002588 15.9930001388 15.9930001988 15.9990001388 15.9990001988 16.0080001388 16.0080001988 16.0080001988 16.0080002588 16.0130001388 16.0130001988 16.0190001388 16.0190001988 16.0280001388 16.0280001988 16.0280001988 16.0280002588 16.0330001388 16.0330001988 16.0390001388 16.0390001988 16.0480001388 16.0480001988 16.0480001988 16.0480002588 16.0530001388 16.0530001988 16.0590001388 16.0590001988 16.0680001388 16.0680001988 16.0680001988 16.0680002588 16.0730001388 16.0730001988 16.0790001388 16.0790001988 16.0880001388 16.0880001988 16.0880001988 16.0880002588 16.0930001388 16.0930001988 16.0990001388 16.0990001988 16.1080001388 16.1080001988 16.1080001988 16.1080002588 16.1080002588 16.1080003188 16.1130001388 16.1130001988 16.1190001388 16.1190001988 16.1280001388 16.1280001988 16.1280001988 16.1280002588 16.1280002588 16.1280003188 16.1330001388 16.1330001988 16.1390001388 16.1390001988 16.1480001388 16.1480001988 16.1480001988 16.1480002588 16.1480002588 16.1480003188 16.1530001388 16.1530001988 16.1590001388 16.1590001988 16.1680001388 16.1680001988 16.1680001988 16.1680002588 16.1680002588 16.1680003188 16.1730001388 16.1730001988 16.1790001388 16.1790001988 16.1880001388 16.1880001988 16.1880001988 16.1880002588 16.1880002588 16.1880003188 16.1930001388 16.1930001988 16.1990001388 16.1990001988 16.2080001388 16.2080001988 16.2080001988 16.2080002588 16.2080002588 16.2080003188 16.2130001388 16.2130001988 16.2190001388 16.2190001988 16.2280001388 16.2280001988 16.2280001988 16.2280002588 16.2280002588 16.2280003188 16.2330001388 16.2330001988 16.2390001388 16.2390001988 16.2480001388 16.2480001988 16.2480001988 16.2480002588 16.2480002588 16.2480003188 16.2530001388 16.2530001988 16.2590001388 16.2590001988 16.2680001388 16.2680001988 16.2680001988 16.2680002588 16.2730001388 16.2730001988 16.2790001388 16.2790001988 16.2880001388 16.2880001988 16.2880001988 16.2880002588 16.2930001388 16.2930001988 16.2990001388 16.2990001988 16.3080001388 16.3080001988 16.3080001988 16.3080002588 16.3130001388 16.3130001988 16.3190001388 16.3190001988 16.3280001388 16.3280001988 16.3280001988 16.3280002588 16.3330001388 16.3330001988 16.3390001388 16.3390001988 16.3480001388 16.3480001988 16.3480001988 16.3480002588 16.3530001388 16.3530001988 16.3590001388 16.3590001988 16.3680001388 16.3680001988 16.3680001988 16.3680002588 16.3730001388 16.3730001988 16.3790001388 16.3790001988 16.3880001388 16.3880001988 16.3880001988 16.3880002588 16.3930001388 16.3930001988 16.3990001388 16.3990001988 16.4080001388 16.4080001988 16.4080001988 16.4080002588 16.4130001388 16.4130001988 16.4190001388 16.4190001988 16.4280001388 16.4280001988 16.4280001988 16.4280002588 16.4330001388 16.4330001988 16.4390001388 16.4390001988 16.4480001388 16.4480001988 16.4480001988 16.4480002588 16.4530001388 16.4530001988 16.4590001388 16.4590001988 16.4680001388 16.4680001988 16.4680001988 16.4680002588 16.4730001388 16.4730001988 16.4880001388 16.4880001988 16.4880001988 16.4880002588 16.4930001388 16.4930001988 16.5080001388 16.5080001988 16.5080001988 16.5080002588 16.5130001388 16.5130001988 16.5280001388 16.5280001988 16.5330001388 16.5330001988 16.5480001388 16.5480001988 16.5530001388 16.5530001988 16.5680001388 16.5680001988 16.5730001388 16.5730001988 16.5880001388 16.5880001988 16.5930001388 16.5930001988 16.6080001388 16.6080001988 16.6130001388 16.6130001988 16.6250001388 16.6250001988 16.6280001388 16.6280001988 16.6310001388 16.6310001988 16.6330001388 16.6330001988 16.6450001388 16.6450001988 16.6480001388 16.6480001988 16.6510001388 16.6510001988 16.6530001388 16.6530001988 16.6530001988 16.6530002588 16.6650001388 16.6650001988 16.6680001388 16.6680001988 16.6710001388 16.6710001988 16.6730001388 16.6730001988 16.6730001988 16.6730002588 16.6850001388 16.6850001988 16.6880001388 16.6880001988 16.6910001388 16.6910001988 16.6930001388 16.6930001988 16.6930001988 16.6930002588 16.7050001388 16.7050001988 16.7080001388 16.7080001988 16.7110001388 16.7110001988 16.7130001388 16.7130001988 16.7130001988 16.7130002588 16.7250001388 16.7250001988 16.7280001388 16.7280001988 16.7310001388 16.7310001988 16.7330001388 16.7330001988 16.7330001988 16.7330002588 16.7450001388 16.7450001988 16.7480001388 16.7480001988 16.7510001388 16.7510001988 16.7530001388 16.7530001988 16.7530001988 16.7530002588 16.7650001388 16.7650001988 16.7680001388 16.7680001988 16.7710001388 16.7710001988 16.7730001388 16.7730001988 16.7730001988 16.7730002588 16.7850001388 16.7850001988 16.7880001388 16.7880001988 16.7910001388 16.7910001988 16.7930001388 16.7930001988 16.7930001988 16.7930002588 16.8050001388 16.8050001988 16.8080001388 16.8080001988 16.8110001388 16.8110001988 16.8130001388 16.8130001988 16.8130001988 16.8130002588 16.8250001388 16.8250001988 16.8280001388 16.8280001988 16.8310001388 16.8310001988 16.8330001388 16.8330001988 16.8330001988 16.8330002588 16.8450001388 16.8450001988 16.8510001388 16.8510001988 16.8530001388 16.8530001988 16.8530001988 16.8530002588 16.8650001388 16.8650001988 16.8710001388 16.8710001988 16.8730001388 16.8730001988 16.8730001988 16.8730002588 16.8850001388 16.8850001988 16.8910001388 16.8910001988 16.8930001388 16.8930001988 16.8930001988 16.8930002588 16.9050001388 16.9050001988 16.9110001388 16.9110001988 16.9130001388 16.9130001988 16.9130001988 16.9130002588 16.9250001388 16.9250001988 16.9310001388 16.9310001988 16.9330001388 16.9330001988 16.9330001988 16.9330002588 16.9450001388 16.9450001988 16.9510001388 16.9510001988 16.9530001388 16.9530001988 16.9530001988 16.9530002588 16.9650001388 16.9650001988 16.9710001388 16.9710001988 16.9730001388 16.9730001988 16.9730001988 16.9730002588 16.9850001388 16.9850001988 16.9910001388 16.9910001988 16.9930001388 16.9930001988 16.9930001988 16.9930002588 17.0050001388 17.0050001988 17.0110001388 17.0110001988 17.0130001388 17.0130001988 17.0130001988 17.0130002588 17.0250001388 17.0250001988 17.0270001388 17.0270001988 17.0310001388 17.0310001988 17.0330001388 17.0330001988 17.0330001988 17.0330002588 17.0450001388 17.0450001988 17.0470001388 17.0470001988 17.0510001388 17.0510001988 17.0530001388 17.0530001988 17.0530001988 17.0530002588 17.0650001388 17.0650001988 17.0670001388 17.0670001988 17.0710001388 17.0710001988 17.0730001388 17.0730001988 17.0730001988 17.0730002588 17.0850001388 17.0850001988 17.0870001388 17.0870001988 17.0910001388 17.0910001988 17.0930001388 17.0930001988 17.0930001988 17.0930002588 17.1050001388 17.1050001988 17.1070001388 17.1070001988 17.1110001388 17.1110001988 17.1130001388 17.1130001988 17.1190001388 17.1190001988 17.1270001388 17.1270001988 17.1310001388 17.1310001988 17.1330001388 17.1330001988 17.1330001988 17.1330002588 17.1470001388 17.1470001988 17.1510001388 17.1510001988 17.1530001388 17.1530001988 17.1530001988 17.1530002588 17.1650001388 17.1650001988 17.1670001388 17.1670001988 17.1710001388 17.1710001988 17.1730001388 17.1730001988 17.1730001988 17.1730002588 17.1850001388 17.1850001988 17.1870001388 17.1870001988 17.1910001388 17.1910001988 17.1930001388 17.1930001988 17.1930001988 17.1930002588 17.2050001388 17.2050001988 17.2070001388 17.2070001988 17.2110001388 17.2110001988 17.2130001388 17.2130001988 17.2130001988 17.2130002588 17.2250001388 17.2250001988 17.2270001388 17.2270001988 17.2310001388 17.2310001988 17.2330001388 17.2330001988 17.2330001988 17.2330002588 17.2450001388 17.2450001988 17.2470001388 17.2470001988 17.2510001388 17.2510001988 17.2530001388 17.2530001988 17.2530001988 17.2530002588 17.2650001388 17.2650001988 17.2670001388 17.2670001988 17.2710001388 17.2710001988 17.2730001388 17.2730001988 17.2730001988 17.2730002588 17.2850001388 17.2850001988 17.2870001388 17.2870001988 17.2910001388 17.2910001988 17.2930001388 17.2930001988 17.2930001988 17.2930002588 17.3050001388 17.3050001988 17.3070001388 17.3070001988 17.3110001388 17.3110001988 17.3130001388 17.3130001988 17.3130001988 17.3130002588 17.3250001388 17.3250001988 17.3270001388 17.3270001988 17.3310001388 17.3310001988 17.3330001388 17.3330001988 17.3330001988 17.3330002588 17.3450001388 17.3450001988 17.3470001388 17.3470001988 17.3510001388 17.3510001988 17.3530001388 17.3530001988 17.3530001988 17.3530002588 17.3650001388 17.3650001988 17.3670001388 17.3670001988 17.3710001388 17.3710001988 17.3730001388 17.3730001988 17.3730001988 17.3730002588 17.3850001388 17.3850001988 17.3870001388 17.3870001988 17.3910001388 17.3910001988 17.3930001388 17.3930001988 17.3930001988 17.3930002588 17.4050001388 17.4050001988 17.4070001388 17.4070001988 17.4090001388 17.4090001988 17.4110001388 17.4110001988 17.4130001388 17.4130001988 17.4130001988 17.4130002588 17.4250001388 17.4250001988 17.4270001388 17.4270001988 17.4290001388 17.4290001988 17.4310001388 17.4310001988 17.4330001388 17.4330001988 17.4330001988 17.4330002588 17.4450001388 17.4450001988 17.4470001388 17.4470001988 17.4490001388 17.4490001988 17.4510001388 17.4510001988 17.4530001388 17.4530001988 17.4530001988 17.4530002588 17.4650001388 17.4650001988 17.4670001388 17.4670001988 17.4690001388 17.4690001988 17.4710001388 17.4710001988 17.4730001388 17.4730001988 17.4730001988 17.4730002588 17.4850001388 17.4850001988 17.4870001388 17.4870001988 17.4890001388 17.4890001988 17.4910001388 17.4910001988 17.4930001388 17.4930001988 17.4930001988 17.4930002588 17.5050001388 17.5050001988 17.5070001388 17.5070001988 17.5090001388 17.5090001988 17.5110001388 17.5110001988 17.5130001388 17.5130001988 17.5130001988 17.5130002588 17.5250001388 17.5250001988 17.5270001388 17.5270001988 17.5290001388 17.5290001988 17.5310001388 17.5310001988 17.5330001388 17.5330001988 17.5330001988 17.5330002588 17.5450001388 17.5450001988 17.5470001388 17.5470001988 17.5490001388 17.5490001988 17.5510001388 17.5510001988 17.5530001388 17.5530001988 17.5530001988 17.5530002588 17.5650001388 17.5650001988 17.5670001388 17.5670001988 17.5690001388 17.5690001988 17.5710001388 17.5710001988 17.5730001388 17.5730001988 17.5730001988 17.5730002588 17.5850001388 17.5850001988 17.5870001388 17.5870001988 17.5890001388 17.5890001988 17.5910001388 17.5910001988 17.5930001388 17.5930001988 17.5930001988 17.5930002588 17.6050001388 17.6050001988 17.6070001388 17.6070001988 17.6090001388 17.6090001988 17.6110001388 17.6110001988 17.6130001388 17.6130001988 17.6130001988 17.6130002588 17.6250001388 17.6250001988 17.6270001388 17.6270001988 17.6290001388 17.6290001988 17.6310001388 17.6310001988 17.6330001388 17.6330001988 17.6330001988 17.6330002588 17.6450001388 17.6450001988 17.6470001388 17.6470001988 17.6490001388 17.6490001988 17.6510001388 17.6510001988 17.6530001388 17.6530001988 17.6530001988 17.6530002588 17.6650001388 17.6650001988 17.6670001388 17.6670001988 17.6690001388 17.6690001988 17.6710001388 17.6710001988 17.6730001388 17.6730001988 17.6730001988 17.6730002588 17.6850001388 17.6850001988 17.6870001388 17.6870001988 17.6890001388 17.6890001988 17.6910001388 17.6910001988 17.6930001388 17.6930001988 17.6930001988 17.6930002588 17.7050001388 17.7050001988 17.7070001388 17.7070001988 17.7090001388 17.7090001988 17.7110001388 17.7110001988 17.7130001388 17.7130001988 17.7130001988 17.7130002588 17.7250001388 17.7250001988 17.7270001388 17.7270001988 17.7290001388 17.7290001988 17.7310001388 17.7310001988 17.7330001388 17.7330001988 17.7330001988 17.7330002588 17.7450001388 17.7450001988 17.7470001388 17.7470001988 17.7490001388 17.7490001988 17.7510001388 17.7510001988 17.7530001388 17.7530001988 17.7530001988 17.7530002588 17.7650001388 17.7650001988 17.7670001388 17.7670001988 17.7690001388 17.7690001988 17.7710001388 17.7710001988 17.7730001388 17.7730001988 17.7730001988 17.7730002588 17.7850001388 17.7850001988 17.7870001388 17.7870001988 17.7890001388 17.7890001988 17.7910001388 17.7910001988 17.7930001388 17.7930001988 17.7930001988 17.7930002588 17.8050001388 17.8050001988 17.8070001388 17.8070001988 17.8090001388 17.8090001988 17.8110001388 17.8110001988 17.8130001388 17.8130001988 17.8130001988 17.8130002588 17.8250001388 17.8250001988 17.8270001388 17.8270001988 17.8290001388 17.8290001988 17.8310001388 17.8310001988 17.8330001388 17.8330001988 17.8330001988 17.8330002588 17.8410001388 17.8410001988 17.8450001388 17.8450001988 17.8470001388 17.8470001988 17.8490001388 17.8490001988 17.8510001388 17.8510001988 17.8530001388 17.8530001988 17.8530001988 17.8530002588 17.8610001388 17.8610001988 17.8650001388 17.8650001988 17.8670001388 17.8670001988 17.8690001388 17.8690001988 17.8710001388 17.8710001988 17.8730001388 17.8730001988 17.8730001988 17.8730002588 17.8810001388 17.8810001988 17.8850001388 17.8850001988 17.8870001388 17.8870001988 17.8890001388 17.8890001988 17.8910001388 17.8910001988 17.8930001388 17.8930001988 17.8930001988 17.8930002588 17.9010001388 17.9010001988 17.9050001388 17.9050001988 17.9070001388 17.9070001988 17.9090001388 17.9090001988 17.9110001388 17.9110001988 17.9130001388 17.9130001988 17.9130001988 17.9130002588 17.9210001388 17.9210001988 17.9250001388 17.9250001988 17.9270001388 17.9270001988 17.9290001388 17.9290001988 17.9310001388 17.9310001988 17.9330001388 17.9330001988 17.9330001988 17.9330002588 17.9410001388 17.9410001988 17.9450001388 17.9450001988 17.9470001388 17.9470001988 17.9490001388 17.9490001988 17.9510001388 17.9510001988 17.9530001388 17.9530001988 17.9530001988 17.9530002588 17.9610001388 17.9610001988 17.9650001388 17.9650001988 17.9670001388 17.9670001988 17.9690001388 17.9690001988 17.9710001388 17.9710001988 17.9730001388 17.9730001988 17.9730001988 17.9730002588 17.9810001388 17.9810001988 17.9850001388 17.9850001988 17.9870001388 17.9870001988 17.9890001388 17.9890001988 17.9910001388 17.9910001988 17.9930001388 17.9930001988 17.9930001988 17.9930002588 18.0010001388 18.0010001988 18.0050001388 18.0050001988 18.0070001388 18.0070001988 18.0090001388 18.0090001988 18.0110001388 18.0110001988 18.0130001388 18.0130001988 18.0130001988 18.0130002588 18.0210001388 18.0210001988 18.0250001388 18.0250001988 18.0270001388 18.0270001988 18.0290001388 18.0290001988 18.0310001388 18.0310001988 18.0330001388 18.0330001988 18.0330001988 18.0330002588 18.0410001388 18.0410001988 18.0450001388 18.0450001988 18.0470001388 18.0470001988 18.0490001388 18.0490001988 18.0510001388 18.0510001988 18.0530001388 18.0530001988 18.0530001988 18.0530002588 18.0610001388 18.0610001988 18.0650001388 18.0650001988 18.0670001388 18.0670001988 18.0690001388 18.0690001988 18.0710001388 18.0710001988 18.0730001388 18.0730001988 18.0730001988 18.0730002588 18.0810001388 18.0810001988 18.0850001388 18.0850001988 18.0870001388 18.0870001988 18.0890001388 18.0890001988 18.0910001388 18.0910001988 18.0930001388 18.0930001988 18.0930001988 18.0930002588 18.1010001388 18.1010001988 18.1050001388 18.1050001988 18.1070001388 18.1070001988 18.1090001388 18.1090001988 18.1110001388 18.1110001988 18.1130001388 18.1130001988 18.1130001988 18.1130002588 18.1210001388 18.1210001988 18.1250001388 18.1250001988 18.1270001388 18.1270001988 18.1290001388 18.1290001988 18.1310001388 18.1310001988 18.1330001388 18.1330001988 18.1330001988 18.1330002588 18.1410001388 18.1410001988 18.1450001388 18.1450001988 18.1470001388 18.1470001988 18.1490001388 18.1490001988 18.1510001388 18.1510001988 18.1530001388 18.1530001988 18.1530001988 18.1530002588 18.1610001388 18.1610001988 18.1650001388 18.1650001988 18.1670001388 18.1670001988 18.1690001388 18.1690001988 18.1710001388 18.1710001988 18.1730001388 18.1730001988 18.1730001988 18.1730002588 18.1810001388 18.1810001988 18.1850001388 18.1850001988 18.1870001388 18.1870001988 18.1890001388 18.1890001988 18.1910001388 18.1910001988 18.1930001388 18.1930001988 18.1930001988 18.1930002588 18.2010001388 18.2010001988 18.2050001388 18.2050001988 18.2070001388 18.2070001988 18.2090001388 18.2090001988 18.2110001388 18.2110001988 18.2130001388 18.2130001988 18.2130001988 18.2130002588 18.2210001388 18.2210001988 18.2250001388 18.2250001988 18.2270001388 18.2270001988 18.2290001388 18.2290001988 18.2330001388 18.2330001988 18.2330001988 18.2330002588 18.2410001388 18.2410001988 18.2450001388 18.2450001988 18.2470001388 18.2470001988 18.2490001388 18.2490001988 18.2530001388 18.2530001988 18.2530001988 18.2530002588 18.2610001388 18.2610001988 18.2650001388 18.2650001988 18.2670001388 18.2670001988 18.2690001388 18.2690001988 18.2730001388 18.2730001988 18.2730001988 18.2730002588 18.2810001388 18.2810001988 18.2850001388 18.2850001988 18.2870001388 18.2870001988 18.2890001388 18.2890001988 18.2930001388 18.2930001988 18.2930001988 18.2930002588 18.3010001388 18.3010001988 18.3050001388 18.3050001988 18.3070001388 18.3070001988 18.3090001388 18.3090001988 18.3130001388 18.3130001988 18.3130001988 18.3130002588 18.3210001388 18.3210001988 18.3250001388 18.3250001988 18.3270001388 18.3270001988 18.3290001388 18.3290001988 18.3330001388 18.3330001988 18.3330001988 18.3330002588 18.3410001388 18.3410001988 18.3450001388 18.3450001988 18.3470001388 18.3470001988 18.3490001388 18.3490001988 18.3530001388 18.3530001988 18.3530001988 18.3530002588 18.3610001388 18.3610001988 18.3650001388 18.3650001988 18.3670001388 18.3670001988 18.3690001388 18.3690001988 18.3730001388 18.3730001988 18.3730001988 18.3730002588 18.3810001388 18.3810001988 18.3850001388 18.3850001988 18.3870001388 18.3870001988 18.3890001388 18.3890001988 18.3930001388 18.3930001988 18.3930001988 18.3930002588 18.4010001388 18.4010001988 18.4050001388 18.4050001988 18.4070001388 18.4070001988 18.4090001388 18.4090001988 18.4130001388 18.4130001988 18.4130001988 18.4130002588 18.4210001388 18.4210001988 18.4250001388 18.4250001988 18.4270001388 18.4270001988 18.4290001388 18.4290001988 18.4330001388 18.4330001988 18.4330001988 18.4330002588 18.4400001388 18.4400001988 18.4410001388 18.4410001988 18.4450001388 18.4450001988 18.4470001388 18.4470001988 18.4490001388 18.4490001988 18.4530001388 18.4530001988 18.4530001988 18.4530002588 18.4600001388 18.4600001988 18.4610001388 18.4610001988 18.4650001388 18.4650001988 18.4670001388 18.4670001988 18.4690001388 18.4690001988 18.4730001388 18.4730001988 18.4730001988 18.4730002588 18.4800001388 18.4800001988 18.4810001388 18.4810001988 18.4850001388 18.4850001988 18.4870001388 18.4870001988 18.4890001388 18.4890001988 18.4930001388 18.4930001988 18.4930001988 18.4930002588 18.5000001388 18.5000001988 18.5010001388 18.5010001988 18.5050001388 18.5050001988 18.5070001388 18.5070001988 18.5090001388 18.5090001988 18.5130001388 18.5130001988 18.5130001988 18.5130002588 18.5200001388 18.5200001988 18.5210001388 18.5210001988 18.5250001388 18.5250001988 18.5270001388 18.5270001988 18.5290001388 18.5290001988 18.5330001388 18.5330001988 18.5330001988 18.5330002588 18.5340001388 18.5340001988 18.5400001388 18.5400001988 18.5410001388 18.5410001988 18.5450001388 18.5450001988 18.5470001388 18.5470001988 18.5490001388 18.5490001988 18.5530001388 18.5530001988 18.5530001988 18.5530002588 18.5540001388 18.5540001988 18.5600001388 18.5600001988 18.5650001388 18.5650001988 18.5670001388 18.5670001988 18.5690001388 18.5690001988 18.5730001388 18.5730001988 18.5730001988 18.5730002588 18.5740001388 18.5740001988 18.5800001388 18.5800001988 18.5850001388 18.5850001988 18.5870001388 18.5870001988 18.5890001388 18.5890001988 18.5930001388 18.5930001988 18.5930001988 18.5930002588 18.5940001388 18.5940001988 18.6000001388 18.6000001988 18.6050001388 18.6050001988 18.6070001388 18.6070001988 18.6090001388 18.6090001988 18.6130001388 18.6130001988 18.6130001988 18.6130002588 18.6140001388 18.6140001988 18.6200001388 18.6200001988 18.6250001388 18.6250001988 18.6270001388 18.6270001988 18.6290001388 18.6290001988 18.6330001388 18.6330001988 18.6330001988 18.6330002588 18.6340001388 18.6340001988 18.6400001388 18.6400001988 18.6450001388 18.6450001988 18.6470001388 18.6470001988 18.6490001388 18.6490001988 18.6530001388 18.6530001988 18.6530001988 18.6530002588 18.6540001388 18.6540001988 18.6600001388 18.6600001988 18.6650001388 18.6650001988 18.6670001388 18.6670001988 18.6690001388 18.6690001988 18.6730001388 18.6730001988 18.6740001388 18.6740001988 18.6800001388 18.6800001988 18.6850001388 18.6850001988 18.6870001388 18.6870001988 18.6890001388 18.6890001988 18.6930001388 18.6930001988 18.6940001388 18.6940001988 18.7000001388 18.7000001988 18.7050001388 18.7050001988 18.7070001388 18.7070001988 18.7090001388 18.7090001988 18.7130001388 18.7130001988 18.7140001388 18.7140001988 18.7200001388 18.7200001988 18.7250001388 18.7250001988 18.7270001388 18.7270001988 18.7290001388 18.7290001988 18.7330001388 18.7330001988 18.7340001388 18.7340001988 18.7400001388 18.7400001988 18.7450001388 18.7450001988 18.7470001388 18.7470001988 18.7490001388 18.7490001988 18.7530001388 18.7530001988 18.7540001388 18.7540001988 18.7600001388 18.7600001988 18.7650001388 18.7650001988 18.7670001388 18.7670001988 18.7690001388 18.7690001988 18.7730001388 18.7730001988 18.7740001388 18.7740001988 18.7800001388 18.7800001988 18.7850001388 18.7850001988 18.7870001388 18.7870001988 18.7890001388 18.7890001988 18.7930001388 18.7930001988 18.7940001388 18.7940001988 18.8000001388 18.8000001988 18.8050001388 18.8050001988 18.8070001388 18.8070001988 18.8090001388 18.8090001988 18.8130001388 18.8130001988 18.8140001388 18.8140001988 18.8200001388 18.8200001988 18.8250001388 18.8250001988 18.8270001388 18.8270001988 18.8290001388 18.8290001988 18.8330001388 18.8330001988 18.8340001388 18.8340001988 18.8400001388 18.8400001988 18.8450001388 18.8450001988 18.8470001388 18.8470001988 18.8490001388 18.8490001988 18.8530001388 18.8530001988 18.8540001388 18.8540001988 18.8600001388 18.8600001988 18.8650001388 18.8650001988 18.8670001388 18.8670001988 18.8690001388 18.8690001988 18.8730001388 18.8730001988 18.8740001388 18.8740001988 18.8800001388 18.8800001988 18.8850001388 18.8850001988 18.8870001388 18.8870001988 18.8890001388 18.8890001988 18.8930001388 18.8930001988 18.8940001388 18.8940001988 18.9000001388 18.9000001988 18.9050001388 18.9050001988 18.9070001388 18.9070001988 18.9090001388 18.9090001988 18.9130001388 18.9130001988 18.9140001388 18.9140001988 18.9200001388 18.9200001988 18.9250001388 18.9250001988 18.9270001388 18.9270001988 18.9280001388 18.9280001988 18.9290001388 18.9290001988 18.9330001388 18.9330001988 18.9340001388 18.9340001988 18.9400001388 18.9400001988 18.9450001388 18.9450001988 18.9470001388 18.9470001988 18.9480001388 18.9480001988 18.9490001388 18.9490001988 18.9530001388 18.9530001988 18.9540001388 18.9540001988 18.9600001388 18.9600001988 18.9650001388 18.9650001988 18.9670001388 18.9670001988 18.9680001388 18.9680001988 18.9690001388 18.9690001988 18.9730001388 18.9730001988 18.9740001388 18.9740001988 18.9800001388 18.9800001988 18.9850001388 18.9850001988 18.9870001388 18.9870001988 18.9880001388 18.9880001988 18.9890001388 18.9890001988 18.9930001388 18.9930001988 18.9940001388 18.9940001988 19.0000001388 19.0000001988 19.0050001388 19.0050001988 19.0070001388 19.0070001988 19.0080001388 19.0080001988 19.0090001388 19.0090001988 19.0130001388 19.0130001988 19.0140001388 19.0140001988 19.0200001388 19.0200001988 19.0250001388 19.0250001988 19.0270001388 19.0270001988 19.0280001388 19.0280001988 19.0290001388 19.0290001988 19.0330001388 19.0330001988 19.0340001388 19.0340001988 19.0400001388 19.0400001988 19.0450001388 19.0450001988 19.0470001388 19.0470001988 19.0480001388 19.0480001988 19.0490001388 19.0490001988 19.0530001388 19.0530001988 19.0540001388 19.0540001988 19.0600001388 19.0600001988 19.0650001388 19.0650001988 19.0670001388 19.0670001988 19.0680001388 19.0680001988 19.0690001388 19.0690001988 19.0730001388 19.0730001988 19.0740001388 19.0740001988 19.0800001388 19.0800001988 19.0850001388 19.0850001988 19.0870001388 19.0870001988 19.0880001388 19.0880001988 19.0890001388 19.0890001988 19.0930001388 19.0930001988 19.0940001388 19.0940001988 19.1000001388 19.1000001988 19.1050001388 19.1050001988 19.1070001388 19.1070001988 19.1080001388 19.1080001988 19.1090001388 19.1090001988 19.1130001388 19.1130001988 19.1140001388 19.1140001988 19.1200001388 19.1200001988 19.1250001388 19.1250001988 19.1270001388 19.1270001988 19.1280001388 19.1280001988 19.1290001388 19.1290001988 19.1330001388 19.1330001988 19.1340001388 19.1340001988 19.1400001388 19.1400001988 19.1450001388 19.1450001988 19.1470001388 19.1470001988 19.1480001388 19.1480001988 19.1490001388 19.1490001988 19.1530001388 19.1530001988 19.1540001388 19.1540001988 19.1600001388 19.1600001988 19.1650001388 19.1650001988 19.1670001388 19.1670001988 19.1680001388 19.1680001988 19.1690001388 19.1690001988 19.1730001388 19.1730001988 19.1740001388 19.1740001988 19.1800001388 19.1800001988 19.1850001388 19.1850001988 19.1870001388 19.1870001988 19.1880001388 19.1880001988 19.1890001388 19.1890001988 19.1930001388 19.1930001988 19.1940001388 19.1940001988 19.2000001388 19.2000001988 19.2050001388 19.2050001988 19.2070001388 19.2070001988 19.2080001388 19.2080001988 19.2090001388 19.2090001988 19.2130001388 19.2130001988 19.2140001388 19.2140001988 19.2200001388 19.2200001988 19.2250001388 19.2250001988 19.2270001388 19.2270001988 19.2280001388 19.2280001988 19.2290001388 19.2290001988 19.2330001388 19.2330001988 19.2340001388 19.2340001988 19.2400001388 19.2400001988 19.2450001388 19.2450001988 19.2470001388 19.2470001988 19.2480001388 19.2480001988 19.2490001388 19.2490001988 19.2530001388 19.2530001988 19.2540001388 19.2540001988 19.2600001388 19.2600001988 19.2650001388 19.2650001988 19.2670001388 19.2670001988 19.2680001388 19.2680001988 19.2690001388 19.2690001988 19.2730001388 19.2730001988 19.2740001388 19.2740001988 19.2800001388 19.2800001988 19.2850001388 19.2850001988 19.2870001388 19.2870001988 19.2880001388 19.2880001988 19.2890001388 19.2890001988 19.2930001388 19.2930001988 19.2940001388 19.2940001988 19.3000001388 19.3000001988 19.3050001388 19.3050001988 19.3070001388 19.3070001988 19.3080001388 19.3080001988 19.3090001388 19.3090001988 19.3130001388 19.3130001988 19.3140001388 19.3140001988 19.3200001388 19.3200001988 19.3250001388 19.3250001988 19.3270001388 19.3270001988 19.3280001388 19.3280001988 19.3290001388 19.3290001988 19.3330001388 19.3330001988 19.3340001388 19.3340001988 19.3450001388 19.3450001988 19.3470001388 19.3470001988 19.3480001388 19.3480001988 19.3490001388 19.3490001988 19.3530001388 19.3530001988 19.3540001388 19.3540001988 19.3650001388 19.3650001988 19.3670001388 19.3670001988 19.3680001388 19.3680001988 19.3690001388 19.3690001988 19.3730001388 19.3730001988 19.3740001388 19.3740001988 19.3850001388 19.3850001988 19.3870001388 19.3870001988 19.3880001388 19.3880001988 19.3890001388 19.3890001988 19.3930001388 19.3930001988 19.3940001388 19.3940001988 19.4050001388 19.4050001988 19.4070001388 19.4070001988 19.4080001388 19.4080001988 19.4090001388 19.4090001988 19.4130001388 19.4130001988 19.4140001388 19.4140001988 19.4250001388 19.4250001988 19.4270001388 19.4270001988 19.4280001388 19.4280001988 19.4290001388 19.4290001988 19.4330001388 19.4330001988 19.4340001388 19.4340001988 19.4450001388 19.4450001988 19.4470001388 19.4470001988 19.4480001388 19.4480001988 19.4490001388 19.4490001988 19.4530001388 19.4530001988 19.4540001388 19.4540001988 19.4650001388 19.4650001988 19.4670001388 19.4670001988 19.4680001388 19.4680001988 19.4690001388 19.4690001988 19.4730001388 19.4730001988 19.4740001388 19.4740001988 19.4850001388 19.4850001988 19.4870001388 19.4870001988 19.4880001388 19.4880001988 19.4890001388 19.4890001988 19.4930001388 19.4930001988 19.4940001388 19.4940001988 19.5050001388 19.5050001988 19.5070001388 19.5070001988 19.5080001388 19.5080001988 19.5090001388 19.5090001988 19.5130001388 19.5130001988 19.5140001388 19.5140001988 19.5250001388 19.5250001988 19.5270001388 19.5270001988 19.5280001388 19.5280001988 19.5290001388 19.5290001988 19.5330001388 19.5330001988 19.5340001388 19.5340001988 19.5450001388 19.5450001988 19.5470001388 19.5470001988 19.5480001388 19.5480001988 19.5490001388 19.5490001988 19.5530001388 19.5530001988 19.5540001388 19.5540001988 19.5650001388 19.5650001988 19.5670001388 19.5670001988 19.5680001388 19.5680001988 19.5730001388 19.5730001988 19.5740001388 19.5740001988 19.5850001388 19.5850001988 19.5870001388 19.5870001988 19.5880001388 19.5880001988 19.5930001388 19.5930001988 19.5940001388 19.5940001988 19.6050001388 19.6050001988 19.6070001388 19.6070001988 19.6080001388 19.6080001988 19.6130001388 19.6130001988 19.6140001388 19.6140001988 19.6250001388 19.6250001988 19.6270001388 19.6270001988 19.6280001388 19.6280001988 19.6330001388 19.6330001988 19.6340001388 19.6340001988 19.6450001388 19.6450001988 19.6470001388 19.6470001988 19.6480001388 19.6480001988 19.6530001388 19.6530001988 19.6540001388 19.6540001988 19.6650001388 19.6650001988 19.6670001388 19.6670001988 19.6680001388 19.6680001988 19.6730001388 19.6730001988 19.6740001388 19.6740001988 19.6850001388 19.6850001988 19.6870001388 19.6870001988 19.6880001388 19.6880001988 19.6930001388 19.6930001988 19.6940001388 19.6940001988 19.7050001388 19.7050001988 19.7070001388 19.7070001988 19.7080001388 19.7080001988 19.7130001388 19.7130001988 19.7140001388 19.7140001988 19.7250001388 19.7250001988 19.7270001388 19.7270001988 19.7280001388 19.7280001988 19.7330001388 19.7330001988 19.7340001388 19.7340001988 19.7450001388 19.7450001988 19.7470001388 19.7470001988 19.7480001388 19.7480001988 19.7530001388 19.7530001988 19.7540001388 19.7540001988 19.7650001388 19.7650001988 19.7670001388 19.7670001988 19.7680001388 19.7680001988 19.7730001388 19.7730001988 19.7740001388 19.7740001988 19.7850001388 19.7850001988 19.7870001388 19.7870001988 19.7880001388 19.7880001988 19.7930001388 19.7930001988 19.7940001388 19.7940001988 19.8050001388 19.8050001988 19.8070001388 19.8070001988 19.8080001388 19.8080001988 19.8130001388 19.8130001988 19.8140001388 19.8140001988 19.8250001388 19.8250001988 19.8270001388 19.8270001988 19.8280001388 19.8280001988 19.8330001388 19.8330001988 19.8340001388 19.8340001988 19.8450001388 19.8450001988 19.8470001388 19.8470001988 19.8480001388 19.8480001988 19.8530001388 19.8530001988 19.8540001388 19.8540001988 19.8650001388 19.8650001988 19.8670001388 19.8670001988 19.8680001388 19.8680001988 19.8730001388 19.8730001988 19.8740001388 19.8740001988 19.8850001388 19.8850001988 19.8870001388 19.8870001988 19.8880001388 19.8880001988 19.8930001388 19.8930001988 19.8940001388 19.8940001988 19.8970001388 19.8970001988 19.9050001388 19.9050001988 19.9070001388 19.9070001988 19.9080001388 19.9080001988 19.9130001388 19.9130001988 19.9140001388 19.9140001988 19.9170001388 19.9170001988 19.9250001388 19.9250001988 19.9270001388 19.9270001988 19.9280001388 19.9280001988 19.9330001388 19.9330001988 19.9340001388 19.9340001988 19.9370001388 19.9370001988 19.9450001388 19.9450001988 19.9470001388 19.9470001988 19.9480001388 19.9480001988 19.9530001388 19.9530001988 19.9540001388 19.9540001988 19.9570001388 19.9570001988 19.9650001388 19.9650001988 19.9670001388 19.9670001988 19.9680001388 19.9680001988 19.9730001388 19.9730001988 19.9740001388 19.9740001988 19.9770001388 19.9770001988 19.9850001388 19.9850001988 19.9870001388 19.9870001988 19.9880001388 19.9880001988 19.9930001388 19.9930001988 19.9940001388 19.9940001988 19.9970001388 19.9970001988 20.0050001388 20.0050001988 20.0070001388 20.0070001988 20.0080001388 20.0080001988 20.0130001388 20.0130001988 20.0140001388 20.0140001988 20.0170001388 20.0170001988 20.0250001388 20.0250001988 20.0270001388 20.0270001988 20.0280001388 20.0280001988 20.0330001388 20.0330001988 20.0340001388 20.0340001988 20.0370001388 20.0370001988 20.0450001388 20.0450001988 20.0470001388 20.0470001988 20.0480001388 20.0480001988 20.0530001388 20.0530001988 20.0540001388 20.0540001988 20.0570001388 20.0570001988 20.0650001388 20.0650001988 20.0670001388 20.0670001988 20.0680001388 20.0680001988 20.0730001388 20.0730001988 20.0740001388 20.0740001988 20.0770001388 20.0770001988 20.0870001388 20.0870001988 20.0880001388 20.0880001988 20.0930001388 20.0930001988 20.0940001388 20.0940001988 20.0970001388 20.0970001988 20.1070001388 20.1070001988 20.1080001388 20.1080001988 20.1130001388 20.1130001988 20.1140001388 20.1140001988 20.1170001388 20.1170001988 20.1270001388 20.1270001988 20.1280001388 20.1280001988 20.1330001388 20.1330001988 20.1340001388 20.1340001988 20.1370001388 20.1370001988 20.1470001388 20.1470001988 20.1480001388 20.1480001988 20.1530001388 20.1530001988 20.1540001388 20.1540001988 20.1570001388 20.1570001988 20.1670001388 20.1670001988 20.1680001388 20.1680001988 20.1730001388 20.1730001988 20.1740001388 20.1740001988 20.1770001388 20.1770001988 20.1790001388 20.1790001988 20.1870001388 20.1870001988 20.1880001388 20.1880001988 20.1930001388 20.1930001988 20.1940001388 20.1940001988 20.1970001388 20.1970001988 20.1980001388 20.1980001988 20.1990001388 20.1990001988 20.2070001388 20.2070001988 20.2080001388 20.2080001988 20.2130001388 20.2130001988 20.2140001388 20.2140001988 20.2170001388 20.2170001988 20.2180001388 20.2180001988 20.2190001388 20.2190001988 20.2270001388 20.2270001988 20.2280001388 20.2280001988 20.2340001388 20.2340001988 20.2370001388 20.2370001988 20.2380001388 20.2380001988 20.2390001388 20.2390001988 20.2470001388 20.2470001988 20.2480001388 20.2480001988 20.2540001388 20.2540001988 20.2570001388 20.2570001988 20.2580001388 20.2580001988 20.2590001388 20.2590001988 20.2670001388 20.2670001988 20.2680001388 20.2680001988 20.2740001388 20.2740001988 20.2770001388 20.2770001988 20.2780001388 20.2780001988 20.2790001388 20.2790001988 20.2870001388 20.2870001988 20.2880001388 20.2880001988 20.2940001388 20.2940001988 20.2970001388 20.2970001988 20.2980001388 20.2980001988 20.2990001388 20.2990001988 20.3070001388 20.3070001988 20.3080001388 20.3080001988 20.3140001388 20.3140001988 20.3170001388 20.3170001988 20.3180001388 20.3180001988 20.3190001388 20.3190001988 20.3270001388 20.3270001988 20.3280001388 20.3280001988 20.3340001388 20.3340001988 20.3370001388 20.3370001988 20.3380001388 20.3380001988 20.3390001388 20.3390001988 20.3470001388 20.3470001988 20.3480001388 20.3480001988 20.3540001388 20.3540001988 20.3570001388 20.3570001988 20.3580001388 20.3580001988 20.3590001388 20.3590001988 20.3670001388 20.3670001988 20.3680001388 20.3680001988 20.3740001388 20.3740001988 20.3770001388 20.3770001988 20.3780001388 20.3780001988 20.3790001388 20.3790001988 20.3870001388 20.3870001988 20.3880001388 20.3880001988 20.3940001388 20.3940001988 20.3970001388 20.3970001988 20.3980001388 20.3980001988 20.3990001388 20.3990001988 20.4070001388 20.4070001988 20.4080001388 20.4080001988 20.4140001388 20.4140001988 20.4170001388 20.4170001988 20.4180001388 20.4180001988 20.4190001388 20.4190001988 20.4270001388 20.4270001988 20.4280001388 20.4280001988 20.4340001388 20.4340001988 20.4370001388 20.4370001988 20.4380001388 20.4380001988 20.4390001388 20.4390001988 20.4470001388 20.4470001988 20.4480001388 20.4480001988 20.4540001388 20.4540001988 20.4570001388 20.4570001988 20.4580001388 20.4580001988 20.4590001388 20.4590001988 20.4670001388 20.4670001988 20.4680001388 20.4680001988 20.4740001388 20.4740001988 20.4770001388 20.4770001988 20.4780001388 20.4780001988 20.4790001388 20.4790001988 20.4870001388 20.4870001988 20.4880001388 20.4880001988 20.4940001388 20.4940001988 20.4970001388 20.4970001988 20.4980001388 20.4980001988 20.4990001388 20.4990001988 20.5070001388 20.5070001988 20.5080001388 20.5080001988 20.5140001388 20.5140001988 20.5170001388 20.5170001988 20.5180001388 20.5180001988 20.5190001388 20.5190001988 20.5270001388 20.5270001988 20.5280001388 20.5280001988 20.5340001388 20.5340001988 20.5370001388 20.5370001988 20.5380001388 20.5380001988 20.5390001388 20.5390001988 20.5470001388 20.5470001988 20.5480001388 20.5480001988 20.5540001388 20.5540001988 20.5580001388 20.5580001988 20.5590001388 20.5590001988 20.5670001388 20.5670001988 20.5680001388 20.5680001988 20.5740001388 20.5740001988 20.5780001388 20.5780001988 20.5790001388 20.5790001988 20.5870001388 20.5870001988 20.5880001388 20.5880001988 20.5940001388 20.5940001988 20.5980001388 20.5980001988 20.5990001388 20.5990001988 20.6070001388 20.6070001988 20.6080001388 20.6080001988 20.6140001388 20.6140001988 20.6180001388 20.6180001988 20.6190001388 20.6190001988 20.6270001388 20.6270001988 20.6280001388 20.6280001988 20.6340001388 20.6340001988 20.6380001388 20.6380001988 20.6390001388 20.6390001988 20.6470001388 20.6470001988 20.6480001388 20.6480001988 20.6540001388 20.6540001988 20.6580001388 20.6580001988 20.6590001388 20.6590001988 20.6670001388 20.6670001988 20.6680001388 20.6680001988 20.6740001388 20.6740001988 20.6780001388 20.6780001988 20.6790001388 20.6790001988 20.6870001388 20.6870001988 20.6880001388 20.6880001988 20.6940001388 20.6940001988 20.6980001388 20.6980001988 20.6990001388 20.6990001988 20.7070001388 20.7070001988 20.7080001388 20.7080001988 20.7140001388 20.7140001988 20.7180001388 20.7180001988 20.7190001388 20.7190001988 20.7270001388 20.7270001988 20.7280001388 20.7280001988 20.7340001388 20.7340001988 20.7380001388 20.7380001988 20.7390001388 20.7390001988 20.7470001388 20.7470001988 20.7480001388 20.7480001988 20.7540001388 20.7540001988 20.7580001388 20.7580001988 20.7590001388 20.7590001988 20.7670001388 20.7670001988 20.7680001388 20.7680001988 20.7740001388 20.7740001988 20.7780001388 20.7780001988 20.7790001388 20.7790001988 20.7870001388 20.7870001988 20.7880001388 20.7880001988 20.7940001388 20.7940001988 20.7980001388 20.7980001988 20.7990001388 20.7990001988 20.8070001388 20.8070001988 20.8080001388 20.8080001988 20.8140001388 20.8140001988 20.8180001388 20.8180001988 20.8190001388 20.8190001988 20.8270001388 20.8270001988 20.8280001388 20.8280001988 20.8340001388 20.8340001988 20.8380001388 20.8380001988 20.8390001388 20.8390001988 20.8470001388 20.8470001988 20.8480001388 20.8480001988 20.8540001388 20.8540001988 20.8580001388 20.8580001988 20.8590001388 20.8590001988 20.8670001388 20.8670001988 20.8680001388 20.8680001988 20.8740001388 20.8740001988 20.8780001388 20.8780001988 20.8790001388 20.8790001988 20.8870001388 20.8870001988 20.8880001388 20.8880001988 20.8940001388 20.8940001988 20.8980001388 20.8980001988 20.8990001388 20.8990001988 20.9000001388 20.9000001988 20.9070001388 20.9070001988 20.9080001388 20.9080001988 20.9140001388 20.9140001988 20.9180001388 20.9180001988 20.9190001388 20.9190001988 20.9200001388 20.9200001988 20.9270001388 20.9270001988 20.9280001388 20.9280001988 20.9340001388 20.9340001988 20.9380001388 20.9380001988 20.9390001388 20.9390001988 20.9400001388 20.9400001988 20.9470001388 20.9470001988 20.9480001388 20.9480001988 20.9540001388 20.9540001988 20.9580001388 20.9580001988 20.9590001388 20.9590001988 20.9600001388 20.9600001988 20.9670001388 20.9670001988 20.9680001388 20.9680001988 20.9740001388 20.9740001988 20.9780001388 20.9780001988 20.9790001388 20.9790001988 20.9800001388 20.9800001988 20.9870001388 20.9870001988 20.9880001388 20.9880001988 20.9940001388 20.9940001988 20.9980001388 20.9980001988 20.9990001388 20.9990001988 21.0070001388 21.0070001988 21.0080001388 21.0080001988 21.0140001388 21.0140001988 21.0180001388 21.0180001988 21.0190001388 21.0190001988 21.0270001388 21.0270001988 21.0280001388 21.0280001988 21.0340001388 21.0340001988 21.0380001388 21.0380001988 21.0390001388 21.0390001988 21.0470001388 21.0470001988 21.0480001388 21.0480001988 21.0540001388 21.0540001988 21.0580001388 21.0580001988 21.0590001388 21.0590001988 21.0670001388 21.0670001988 21.0680001388 21.0680001988 21.0740001388 21.0740001988 21.0780001388 21.0780001988 21.0790001388 21.0790001988 21.0870001388 21.0870001988 21.0880001388 21.0880001988 21.0940001388 21.0940001988 21.0980001388 21.0980001988 21.0990001388 21.0990001988 21.1070001388 21.1070001988 21.1080001388 21.1080001988 21.1140001388 21.1140001988 21.1180001388 21.1180001988 21.1190001388 21.1190001988 21.1270001388 21.1270001988 21.1340001388 21.1340001988 21.1380001388 21.1380001988 21.1390001388 21.1390001988 21.1470001388 21.1470001988 21.1540001388 21.1540001988 21.1580001388 21.1580001988 21.1590001388 21.1590001988 21.1670001388 21.1670001988 21.1740001388 21.1740001988 21.1780001388 21.1780001988 21.1790001388 21.1790001988 21.1870001388 21.1870001988 21.1940001388 21.1940001988 21.1980001388 21.1980001988 21.1990001388 21.1990001988 21.2070001388 21.2070001988 21.2140001388 21.2140001988 21.2180001388 21.2180001988 21.2190001388 21.2190001988 21.2270001388 21.2270001988 21.2340001388 21.2340001988 21.2380001388 21.2380001988 21.2390001388 21.2390001988 21.2470001388 21.2470001988 21.2540001388 21.2540001988 21.2550001388 21.2550001988 21.2580001388 21.2580001988 21.2590001388 21.2590001988 21.2670001388 21.2670001988 21.2740001388 21.2740001988 21.2750001388 21.2750001988 21.2780001388 21.2780001988 21.2790001388 21.2790001988 21.2870001388 21.2870001988 21.2940001388 21.2940001988 21.2950001388 21.2950001988 21.2980001388 21.2980001988 21.2990001388 21.2990001988 21.3070001388 21.3070001988 21.3140001388 21.3140001988 21.3150001388 21.3150001988 21.3180001388 21.3180001988 21.3190001388 21.3190001988 21.3270001388 21.3270001988 21.3340001388 21.3340001988 21.3350001388 21.3350001988 21.3380001388 21.3380001988 21.3390001388 21.3390001988 21.3470001388 21.3470001988 21.3540001388 21.3540001988 21.3550001388 21.3550001988 21.3580001388 21.3580001988 21.3590001388 21.3590001988 21.3670001388 21.3670001988 21.3740001388 21.3740001988 21.3750001388 21.3750001988 21.3780001388 21.3780001988 21.3790001388 21.3790001988 21.3870001388 21.3870001988 21.3940001388 21.3940001988 21.3950001388 21.3950001988 21.3980001388 21.3980001988 21.3990001388 21.3990001988 21.4070001388 21.4070001988 21.4120001388 21.4120001988 21.4140001388 21.4140001988 21.4150001388 21.4150001988 21.4180001388 21.4180001988 21.4190001388 21.4190001988 21.4270001388 21.4270001988 21.4320001388 21.4320001988 21.4340001388 21.4340001988 21.4350001388 21.4350001988 21.4380001388 21.4380001988 21.4390001388 21.4390001988 21.4470001388 21.4470001988 21.4520001388 21.4520001988 21.4540001388 21.4540001988 21.4550001388 21.4550001988 21.4580001388 21.4580001988 21.4590001388 21.4590001988 21.4670001388 21.4670001988 21.4720001388 21.4720001988 21.4740001388 21.4740001988 21.4750001388 21.4750001988 21.4780001388 21.4780001988 21.4790001388 21.4790001988 21.4870001388 21.4870001988 21.4920001388 21.4920001988 21.4940001388 21.4940001988 21.4950001388 21.4950001988 21.4980001388 21.4980001988 21.4990001388 21.4990001988 21.5070001388 21.5070001988 21.5120001388 21.5120001988 21.5140001388 21.5140001988 21.5150001388 21.5150001988 21.5180001388 21.5180001988 21.5190001388 21.5190001988 21.5270001388 21.5270001988 21.5320001388 21.5320001988 21.5340001388 21.5340001988 21.5350001388 21.5350001988 21.5380001388 21.5380001988 21.5390001388 21.5390001988 21.5470001388 21.5470001988 21.5520001388 21.5520001988 21.5540001388 21.5540001988 21.5550001388 21.5550001988 21.5580001388 21.5580001988 21.5590001388 21.5590001988 21.5670001388 21.5670001988 21.5690001388 21.5690001988 21.5720001388 21.5720001988 21.5740001388 21.5740001988 21.5750001388 21.5750001988 21.5780001388 21.5780001988 21.5790001388 21.5790001988 21.5870001388 21.5870001988 21.5890001388 21.5890001988 21.5920001388 21.5920001988 21.5940001388 21.5940001988 21.5950001388 21.5950001988 21.5980001388 21.5980001988 21.5990001388 21.5990001988 21.6070001388 21.6070001988 21.6090001388 21.6090001988 21.6120001388 21.6120001988 21.6140001388 21.6140001988 21.6150001388 21.6150001988 21.6180001388 21.6180001988 21.6190001388 21.6190001988 21.6270001388 21.6270001988 21.6290001388 21.6290001988 21.6320001388 21.6320001988 21.6340001388 21.6340001988 21.6350001388 21.6350001988 21.6380001388 21.6380001988 21.6390001388 21.6390001988 21.6470001388 21.6470001988 21.6490001388 21.6490001988 21.6520001388 21.6520001988 21.6540001388 21.6540001988 21.6550001388 21.6550001988 21.6580001388 21.6580001988 21.6590001388 21.6590001988 21.6670001388 21.6670001988 21.6690001388 21.6690001988 21.6720001388 21.6720001988 21.6740001388 21.6740001988 21.6750001388 21.6750001988 21.6780001388 21.6780001988 21.6790001388 21.6790001988 21.6870001388 21.6870001988 21.6890001388 21.6890001988 21.6920001388 21.6920001988 21.6940001388 21.6940001988 21.6950001388 21.6950001988 21.6980001388 21.6980001988 21.6990001388 21.6990001988 21.7090001388 21.7090001988 21.7120001388 21.7120001988 21.7130001388 21.7130001988 21.7140001388 21.7140001988 21.7150001388 21.7150001988 21.7180001388 21.7180001988 21.7190001388 21.7190001988 21.7270001388 21.7270001988 21.7290001388 21.7290001988 21.7320001388 21.7320001988 21.7340001388 21.7340001988 21.7350001388 21.7350001988 21.7380001388 21.7380001988 21.7390001388 21.7390001988 21.7470001388 21.7470001988 21.7490001388 21.7490001988 21.7520001388 21.7520001988 21.7540001388 21.7540001988 21.7550001388 21.7550001988 21.7580001388 21.7580001988 21.7590001388 21.7590001988 21.7670001388 21.7670001988 21.7690001388 21.7690001988 21.7720001388 21.7720001988 21.7740001388 21.7740001988 21.7750001388 21.7750001988 21.7780001388 21.7780001988 21.7790001388 21.7790001988 21.7870001388 21.7870001988 21.7890001388 21.7890001988 21.7920001388 21.7920001988 21.7940001388 21.7940001988 21.7950001388 21.7950001988 21.7980001388 21.7980001988 21.7990001388 21.7990001988 21.8070001388 21.8070001988 21.8090001388 21.8090001988 21.8120001388 21.8120001988 21.8140001388 21.8140001988 21.8150001388 21.8150001988 21.8180001388 21.8180001988 21.8190001388 21.8190001988 21.8220001388 21.8220001988 21.8270001388 21.8270001988 21.8290001388 21.8290001988 21.8320001388 21.8320001988 21.8340001388 21.8340001988 21.8350001388 21.8350001988 21.8380001388 21.8380001988 21.8390001388 21.8390001988 21.8420001388 21.8420001988 21.8470001388 21.8470001988 21.8490001388 21.8490001988 21.8520001388 21.8520001988 21.8540001388 21.8540001988 21.8550001388 21.8550001988 21.8580001388 21.8580001988 21.8590001388 21.8590001988 21.8620001388 21.8620001988 21.8670001388 21.8670001988 21.8690001388 21.8690001988 21.8720001388 21.8720001988 21.8740001388 21.8740001988 21.8750001388 21.8750001988 21.8780001388 21.8780001988 21.8790001388 21.8790001988 21.8820001388 21.8820001988 21.8870001388 21.8870001988 21.8890001388 21.8890001988 21.8920001388 21.8920001988 21.8940001388 21.8940001988 21.8950001388 21.8950001988 21.8980001388 21.8980001988 21.8990001388 21.8990001988 21.9020001388 21.9020001988 21.9070001388 21.9070001988 21.9090001388 21.9090001988 21.9120001388 21.9120001988 21.9140001388 21.9140001988 21.9150001388 21.9150001988 21.9180001388 21.9180001988 21.9190001388 21.9190001988 21.9220001388 21.9220001988 21.9270001388 21.9270001988 21.9290001388 21.9290001988 21.9320001388 21.9320001988 21.9340001388 21.9340001988 21.9350001388 21.9350001988 21.9380001388 21.9380001988 21.9390001388 21.9390001988 21.9420001388 21.9420001988 21.9470001388 21.9470001988 21.9490001388 21.9490001988 21.9520001388 21.9520001988 21.9540001388 21.9540001988 21.9550001388 21.9550001988 21.9580001388 21.9580001988 21.9590001388 21.9590001988 21.9620001388 21.9620001988 21.9670001388 21.9670001988 21.9690001388 21.9690001988 21.9720001388 21.9720001988 21.9740001388 21.9740001988 21.9750001388 21.9750001988 21.9780001388 21.9780001988 21.9790001388 21.9790001988 21.9820001388 21.9820001988 21.9870001388 21.9870001988 21.9890001388 21.9890001988 21.9920001388 21.9920001988 21.9940001388 21.9940001988 21.9950001388 21.9950001988 21.9980001388 21.9980001988 21.9990001388 21.9990001988 22.0020001388 22.0020001988 22.0070001388 22.0070001988 22.0090001388 22.0090001988 22.0120001388 22.0120001988 22.0140001388 22.0140001988 22.0150001388 22.0150001988 22.0180001388 22.0180001988 22.0190001388 22.0190001988 22.0220001388 22.0220001988 22.0270001388 22.0270001988 22.0290001388 22.0290001988 22.0320001388 22.0320001988 22.0340001388 22.0340001988 22.0350001388 22.0350001988 22.0380001388 22.0380001988 22.0390001388 22.0390001988 22.0420001388 22.0420001988 22.0470001388 22.0470001988 22.0490001388 22.0490001988 22.0520001388 22.0520001988 22.0540001388 22.0540001988 22.0550001388 22.0550001988 22.0580001388 22.0580001988 22.0590001388 22.0590001988 22.0620001388 22.0620001988 22.0670001388 22.0670001988 22.0690001388 22.0690001988 22.0720001388 22.0720001988 22.0740001388 22.0740001988 22.0750001388 22.0750001988 22.0780001388 22.0780001988 22.0790001388 22.0790001988 22.0820001388 22.0820001988 22.0870001388 22.0870001988 22.0890001388 22.0890001988 22.0920001388 22.0920001988 22.0940001388 22.0940001988 22.0950001388 22.0950001988 22.0980001388 22.0980001988 22.0990001388 22.0990001988 22.1020001388 22.1020001988 22.1070001388 22.1070001988 22.1090001388 22.1090001988 22.1120001388 22.1120001988 22.1140001388 22.1140001988 22.1150001388 22.1150001988 22.1180001388 22.1180001988 22.1190001388 22.1190001988 22.1220001388 22.1220001988 22.1270001388 22.1270001988 22.1340001388 22.1340001988 22.1350001388 22.1350001988 22.1380001388 22.1380001988 22.1390001388 22.1390001988 22.1420001388 22.1420001988 22.1470001388 22.1470001988 22.1540001388 22.1540001988 22.1550001388 22.1550001988 22.1580001388 22.1580001988 22.1590001388 22.1590001988 22.1620001388 22.1620001988 22.1670001388 22.1670001988 22.1740001388 22.1740001988 22.1750001388 22.1750001988 22.1780001388 22.1780001988 22.1790001388 22.1790001988 22.1820001388 22.1820001988 22.1870001388 22.1870001988 22.1940001388 22.1940001988 22.1950001388 22.1950001988 22.1980001388 22.1980001988 22.1990001388 22.1990001988 22.2020001388 22.2020001988 22.2020001988 22.2020002588 22.2070001388 22.2070001988 22.2140001388 22.2140001988 22.2150001388 22.2150001988 22.2180001388 22.2180001988 22.2190001388 22.2190001988 22.2220001388 22.2220001988 22.2220001988 22.2220002588 22.2270001388 22.2270001988 22.2340001388 22.2340001988 22.2350001388 22.2350001988 22.2380001388 22.2380001988 22.2390001388 22.2390001988 22.2420001388 22.2420001988 22.2420001988 22.2420002588 22.2470001388 22.2470001988 22.2540001388 22.2540001988 22.2550001388 22.2550001988 22.2580001388 22.2580001988 22.2590001388 22.2590001988 22.2620001388 22.2620001988 22.2620001988 22.2620002588 22.2670001388 22.2670001988 22.2740001388 22.2740001988 22.2750001388 22.2750001988 22.2780001388 22.2780001988 22.2790001388 22.2790001988 22.2820001388 22.2820001988 22.2820001988 22.2820002588 22.2870001388 22.2870001988 22.2940001388 22.2940001988 22.2950001388 22.2950001988 22.2980001388 22.2980001988 22.2990001388 22.2990001988 22.3020001388 22.3020001988 22.3020001988 22.3020002588 22.3070001388 22.3070001988 22.3140001388 22.3140001988 22.3150001388 22.3150001988 22.3180001388 22.3180001988 22.3190001388 22.3190001988 22.3220001388 22.3220001988 22.3220001988 22.3220002588 22.3270001388 22.3270001988 22.3340001388 22.3340001988 22.3380001388 22.3380001988 22.3390001388 22.3390001988 22.3420001388 22.3420001988 22.3420001988 22.3420002588 22.3470001388 22.3470001988 22.3540001388 22.3540001988 22.3580001388 22.3580001988 22.3590001388 22.3590001988 22.3620001388 22.3620001988 22.3620001988 22.3620002588 22.3670001388 22.3670001988 22.3740001388 22.3740001988 22.3780001388 22.3780001988 22.3790001388 22.3790001988 22.3820001388 22.3820001988 22.3820001988 22.3820002588 22.3870001388 22.3870001988 22.3940001388 22.3940001988 22.3980001388 22.3980001988 22.3990001388 22.3990001988 22.4020001388 22.4020001988 22.4070001388 22.4070001988 22.4140001388 22.4140001988 22.4180001388 22.4180001988 22.4190001388 22.4190001988 22.4220001388 22.4220001988 22.4270001388 22.4270001988 22.4340001388 22.4340001988 22.4380001388 22.4380001988 22.4390001388 22.4390001988 22.4420001388 22.4420001988 22.4470001388 22.4470001988 22.4540001388 22.4540001988 22.4580001388 22.4580001988 22.4590001388 22.4590001988 22.4620001388 22.4620001988 22.4670001388 22.4670001988 22.4680001388 22.4680001988 22.4740001388 22.4740001988 22.4780001388 22.4780001988 22.4790001388 22.4790001988 22.4820001388 22.4820001988 22.4870001388 22.4870001988 22.4880001388 22.4880001988 22.4940001388 22.4940001988 22.4980001388 22.4980001988 22.4990001388 22.4990001988 22.5020001388 22.5020001988 22.5070001388 22.5070001988 22.5080001388 22.5080001988 22.5140001388 22.5140001988 22.5180001388 22.5180001988 22.5190001388 22.5190001988 22.5220001388 22.5220001988 22.5270001388 22.5270001988 22.5280001388 22.5280001988 22.5340001388 22.5340001988 22.5380001388 22.5380001988 22.5390001388 22.5390001988 22.5420001388 22.5420001988 22.5470001388 22.5470001988 22.5480001388 22.5480001988 22.5540001388 22.5540001988 22.5580001388 22.5580001988 22.5590001388 22.5590001988 22.5620001388 22.5620001988 22.5670001388 22.5670001988 22.5680001388 22.5680001988 22.5740001388 22.5740001988 22.5780001388 22.5780001988 22.5790001388 22.5790001988 22.5820001388 22.5820001988 22.5870001388 22.5870001988 22.5880001388 22.5880001988 22.5940001388 22.5940001988 22.5980001388 22.5980001988 22.5990001388 22.5990001988 22.6020001388 22.6020001988 22.6070001388 22.6070001988 22.6080001388 22.6080001988 22.6140001388 22.6140001988 22.6180001388 22.6180001988 22.6190001388 22.6190001988 22.6220001388 22.6220001988 22.6270001388 22.6270001988 22.6280001388 22.6280001988 22.6340001388 22.6340001988 22.6380001388 22.6380001988 22.6390001388 22.6390001988 22.6420001388 22.6420001988 22.6470001388 22.6470001988 22.6480001388 22.6480001988 22.6540001388 22.6540001988 22.6580001388 22.6580001988 22.6590001388 22.6590001988 22.6620001388 22.6620001988 22.6670001388 22.6670001988 22.6680001388 22.6680001988 22.6740001388 22.6740001988 22.6780001388 22.6780001988 22.6790001388 22.6790001988 22.6820001388 22.6820001988 22.6870001388 22.6870001988 22.6880001388 22.6880001988 22.6940001388 22.6940001988 22.6980001388 22.6980001988 22.6990001388 22.6990001988 22.7020001388 22.7020001988 22.7070001388 22.7070001988 22.7080001388 22.7080001988 22.7140001388 22.7140001988 22.7180001388 22.7180001988 22.7190001388 22.7190001988 22.7220001388 22.7220001988 22.7270001388 22.7270001988 22.7280001388 22.7280001988 22.7340001388 22.7340001988 22.7380001388 22.7380001988 22.7390001388 22.7390001988 22.7420001388 22.7420001988 22.7470001388 22.7470001988 22.7480001388 22.7480001988 22.7540001388 22.7540001988 22.7580001388 22.7580001988 22.7590001388 22.7590001988 22.7610001388 22.7610001988 22.7620001388 22.7620001988 22.7670001388 22.7670001988 22.7680001388 22.7680001988 22.7740001388 22.7740001988 22.7780001388 22.7780001988 22.7790001388 22.7790001988 22.7810001388 22.7810001988 22.7820001388 22.7820001988 22.7870001388 22.7870001988 22.7880001388 22.7880001988 22.7940001388 22.7940001988 22.7980001388 22.7980001988 22.7990001388 22.7990001988 22.8020001388 22.8020001988 22.8070001388 22.8070001988 22.8080001388 22.8080001988 22.8140001388 22.8140001988 22.8180001388 22.8180001988 22.8190001388 22.8190001988 22.8220001388 22.8220001988 22.8270001388 22.8270001988 22.8280001388 22.8280001988 22.8340001388 22.8340001988 22.8380001388 22.8380001988 22.8390001388 22.8390001988 22.8420001388 22.8420001988 22.8470001388 22.8470001988 22.8480001388 22.8480001988 22.8540001388 22.8540001988 22.8580001388 22.8580001988 22.8590001388 22.8590001988 22.8620001388 22.8620001988 22.8670001388 22.8670001988 22.8680001388 22.8680001988 22.8740001388 22.8740001988 22.8780001388 22.8780001988 22.8790001388 22.8790001988 22.8820001388 22.8820001988 22.8870001388 22.8870001988 22.8880001388 22.8880001988 22.8940001388 22.8940001988 22.8980001388 22.8980001988 22.8990001388 22.8990001988 22.9020001388 22.9020001988 22.9070001388 22.9070001988 22.9080001388 22.9080001988 22.9140001388 22.9140001988 22.9180001388 22.9180001988 22.9190001388 22.9190001988 22.9220001388 22.9220001988 22.9270001388 22.9270001988 22.9280001388 22.9280001988 22.9340001388 22.9340001988 22.9380001388 22.9380001988 22.9390001388 22.9390001988 22.9420001388 22.9420001988 22.9470001388 22.9470001988 22.9480001388 22.9480001988 22.9540001388 22.9540001988 22.9580001388 22.9580001988 22.9590001388 22.9590001988 22.9620001388 22.9620001988 22.9670001388 22.9670001988 22.9680001388 22.9680001988 22.9740001388 22.9740001988 22.9780001388 22.9780001988 22.9790001388 22.9790001988 22.9820001388 22.9820001988 22.9870001388 22.9870001988 22.9870001988 22.9870002588 22.9880001388 22.9880001988 22.9940001388 22.9940001988 22.9980001388 22.9980001988 22.9990001388 22.9990001988 23.0020001388 23.0020001988 23.0070001388 23.0070001988 23.0070001988 23.0070002588 23.0080001388 23.0080001988 23.0140001388 23.0140001988 23.0180001388 23.0180001988 23.0190001388 23.0190001988 23.0220001388 23.0220001988 23.0270001388 23.0270001988 23.0270001988 23.0270002588 23.0280001388 23.0280001988 23.0340001388 23.0340001988 23.0380001388 23.0380001988 23.0390001388 23.0390001988 23.0420001388 23.0420001988 23.0470001388 23.0470001988 23.0470001988 23.0470002588 23.0480001388 23.0480001988 23.0540001388 23.0540001988 23.0580001388 23.0580001988 23.0590001388 23.0590001988 23.0620001388 23.0620001988 23.0670001388 23.0670001988 23.0670001988 23.0670002588 23.0680001388 23.0680001988 23.0740001388 23.0740001988 23.0780001388 23.0780001988 23.0790001388 23.0790001988 23.0820001388 23.0820001988 23.0870001388 23.0870001988 23.0870001988 23.0870002588 23.0880001388 23.0880001988 23.0940001388 23.0940001988 23.0980001388 23.0980001988 23.0990001388 23.0990001988 23.1020001388 23.1020001988 23.1070001388 23.1070001988 23.1070001988 23.1070002588 23.1080001388 23.1080001988 23.1140001388 23.1140001988 23.1180001388 23.1180001988 23.1190001388 23.1190001988 23.1220001388 23.1220001988 23.1270001388 23.1270001988 23.1270001988 23.1270002588 23.1280001388 23.1280001988 23.1340001388 23.1340001988 23.1380001388 23.1380001988 23.1390001388 23.1390001988 23.1420001388 23.1420001988 23.1470001388 23.1470001988 23.1470001988 23.1470002588 23.1480001388 23.1480001988 23.1540001388 23.1540001988 23.1580001388 23.1580001988 23.1590001388 23.1590001988 23.1620001388 23.1620001988 23.1670001388 23.1670001988 23.1670001988 23.1670002588 23.1680001388 23.1680001988 23.1740001388 23.1740001988 23.1790001388 23.1790001988 23.1820001388 23.1820001988 23.1870001388 23.1870001988 23.1870001988 23.1870002588 23.1880001388 23.1880001988 23.1940001388 23.1940001988 23.1990001388 23.1990001988 23.2020001388 23.2020001988 23.2070001388 23.2070001988 23.2070001988 23.2070002588 23.2080001388 23.2080001988 23.2140001388 23.2140001988 23.2190001388 23.2190001988 23.2220001388 23.2220001988 23.2270001388 23.2270001988 23.2270001988 23.2270002588 23.2280001388 23.2280001988 23.2340001388 23.2340001988 23.2390001388 23.2390001988 23.2420001388 23.2420001988 23.2470001388 23.2470001988 23.2470001988 23.2470002588 23.2480001388 23.2480001988 23.2540001388 23.2540001988 23.2590001388 23.2590001988 23.2620001388 23.2620001988 23.2650001388 23.2650001988 23.2670001388 23.2670001988 23.2680001388 23.2680001988 23.2740001388 23.2740001988 23.2790001388 23.2790001988 23.2820001388 23.2820001988 23.2850001388 23.2850001988 23.2870001388 23.2870001988 23.2880001388 23.2880001988 23.2940001388 23.2940001988 23.2990001388 23.2990001988 23.3020001388 23.3020001988 23.3050001388 23.3050001988 23.3070001388 23.3070001988 23.3080001388 23.3080001988 23.3140001388 23.3140001988 23.3190001388 23.3190001988 23.3220001388 23.3220001988 23.3250001388 23.3250001988 23.3270001388 23.3270001988 23.3280001388 23.3280001988 23.3340001388 23.3340001988 23.3390001388 23.3390001988 23.3420001388 23.3420001988 23.3450001388 23.3450001988 23.3470001388 23.3470001988 23.3480001388 23.3480001988 23.3540001388 23.3540001988 23.3590001388 23.3590001988 23.3620001388 23.3620001988 23.3650001388 23.3650001988 23.3670001388 23.3670001988 23.3680001388 23.3680001988 23.3740001388 23.3740001988 23.3790001388 23.3790001988 23.3820001388 23.3820001988 23.3850001388 23.3850001988 23.3870001388 23.3870001988 23.3880001388 23.3880001988 23.3940001388 23.3940001988 23.3990001388 23.3990001988 23.4020001388 23.4020001988 23.4050001388 23.4050001988 23.4070001388 23.4070001988 23.4080001388 23.4080001988 23.4140001388 23.4140001988 23.4190001388 23.4190001988 23.4220001388 23.4220001988 23.4250001388 23.4250001988 23.4270001388 23.4270001988 23.4280001388 23.4280001988 23.4340001388 23.4340001988 23.4390001388 23.4390001988 23.4420001388 23.4420001988 23.4450001388 23.4450001988 23.4470001388 23.4470001988 23.4480001388 23.4480001988 23.4540001388 23.4540001988 23.4590001388 23.4590001988 23.4620001388 23.4620001988 23.4650001388 23.4650001988 23.4670001388 23.4670001988 23.4680001388 23.4680001988 23.4740001388 23.4740001988 23.4790001388 23.4790001988 23.4820001388 23.4820001988 23.4850001388 23.4850001988 23.4870001388 23.4870001988 23.4880001388 23.4880001988 23.4940001388 23.4940001988 23.4990001388 23.4990001988 23.5020001388 23.5020001988 23.5050001388 23.5050001988 23.5070001388 23.5070001988 23.5080001388 23.5080001988 23.5140001388 23.5140001988 23.5190001388 23.5190001988 23.5220001388 23.5220001988 23.5250001388 23.5250001988 23.5270001388 23.5270001988 23.5280001388 23.5280001988 23.5340001388 23.5340001988 23.5390001388 23.5390001988 23.5420001388 23.5420001988 23.5450001388 23.5450001988 23.5470001388 23.5470001988 23.5480001388 23.5480001988 23.5540001388 23.5540001988 23.5590001388 23.5590001988 23.5620001388 23.5620001988 23.5650001388 23.5650001988 23.5670001388 23.5670001988 23.5680001388 23.5680001988 23.5740001388 23.5740001988 23.5790001388 23.5790001988 23.5820001388 23.5820001988 23.5850001388 23.5850001988 23.5870001388 23.5870001988 23.5880001388 23.5880001988 23.5940001388 23.5940001988 23.5990001388 23.5990001988 23.6020001388 23.6020001988 23.6050001388 23.6050001988 23.6070001388 23.6070001988 23.6080001388 23.6080001988 23.6140001388 23.6140001988 23.6190001388 23.6190001988 23.6220001388 23.6220001988 23.6250001388 23.6250001988 23.6270001388 23.6270001988 23.6280001388 23.6280001988 23.6340001388 23.6340001988 23.6390001388 23.6390001988 23.6420001388 23.6420001988 23.6450001388 23.6450001988 23.6470001388 23.6470001988 23.6480001388 23.6480001988 23.6540001388 23.6540001988 23.6590001388 23.6590001988 23.6620001388 23.6620001988 23.6650001388 23.6650001988 23.6670001388 23.6670001988 23.6680001388 23.6680001988 23.6740001388 23.6740001988 23.6790001388 23.6790001988 23.6820001388 23.6820001988 23.6850001388 23.6850001988 23.6870001388 23.6870001988 23.6880001388 23.6880001988 23.6940001388 23.6940001988 23.6990001388 23.6990001988 23.7020001388 23.7020001988 23.7050001388 23.7050001988 23.7050001988 23.7050002588 23.7070001388 23.7070001988 23.7080001388 23.7080001988 23.7140001388 23.7140001988 23.7190001388 23.7190001988 23.7220001388 23.7220001988 23.7250001388 23.7250001988 23.7250001988 23.7250002588 23.7270001388 23.7270001988 23.7280001388 23.7280001988 23.7340001388 23.7340001988 23.7390001388 23.7390001988 23.7420001388 23.7420001988 23.7450001388 23.7450001988 23.7450001988 23.7450002588 23.7470001388 23.7470001988 23.7480001388 23.7480001988 23.7540001388 23.7540001988 23.7590001388 23.7590001988 23.7620001388 23.7620001988 23.7650001388 23.7650001988 23.7650001988 23.7650002588 23.7670001388 23.7670001988 23.7680001388 23.7680001988 23.7740001388 23.7740001988 23.7790001388 23.7790001988 23.7820001388 23.7820001988 23.7850001388 23.7850001988 23.7850001988 23.7850002588 23.7870001388 23.7870001988 23.7880001388 23.7880001988 23.7940001388 23.7940001988 23.7990001388 23.7990001988 23.8020001388 23.8020001988 23.8050001388 23.8050001988 23.8050001988 23.8050002588 23.8070001388 23.8070001988 23.8080001388 23.8080001988 23.8140001388 23.8140001988 23.8190001388 23.8190001988 23.8220001388 23.8220001988 23.8250001388 23.8250001988 23.8250001988 23.8250002588 23.8270001388 23.8270001988 23.8280001388 23.8280001988 23.8340001388 23.8340001988 23.8390001388 23.8390001988 23.8420001388 23.8420001988 23.8450001388 23.8450001988 23.8450001988 23.8450002588 23.8470001388 23.8470001988 23.8480001388 23.8480001988 23.8540001388 23.8540001988 23.8590001388 23.8590001988 23.8620001388 23.8620001988 23.8650001388 23.8650001988 23.8650001988 23.8650002588 23.8670001388 23.8670001988 23.8680001388 23.8680001988 23.8740001388 23.8740001988 23.8790001388 23.8790001988 23.8820001388 23.8820001988 23.8850001388 23.8850001988 23.8850001988 23.8850002588 23.8870001388 23.8870001988 23.8880001388 23.8880001988 23.8940001388 23.8940001988 23.8990001388 23.8990001988 23.9020001388 23.9020001988 23.9050001388 23.9050001988 23.9050001988 23.9050002588 23.9070001388 23.9070001988 23.9080001388 23.9080001988 23.9140001388 23.9140001988 23.9190001388 23.9190001988 23.9220001388 23.9220001988 23.9250001388 23.9250001988 23.9250001988 23.9250002588 23.9270001388 23.9270001988 23.9280001388 23.9280001988 23.9340001388 23.9340001988 23.9390001388 23.9390001988 23.9420001388 23.9420001988 23.9450001388 23.9450001988 23.9450001988 23.9450002588 23.9470001388 23.9470001988 23.9480001388 23.9480001988 23.9540001388 23.9540001988 23.9590001388 23.9590001988 23.9620001388 23.9620001988 23.9650001388 23.9650001988 23.9650001988 23.9650002588 23.9670001388 23.9670001988 23.9680001388 23.9680001988 23.9740001388 23.9740001988 23.9790001388 23.9790001988 23.9820001388 23.9820001988 23.9850001388 23.9850001988 23.9850001988 23.9850002588 23.9870001388 23.9870001988 23.9880001388 23.9880001988 23.9940001388 23.9940001988 23.9990001388 23.9990001988 24.0020001388 24.0020001988 24.0050001388 24.0050001988 24.0050001988 24.0050002588 24.0080001388 24.0080001988 24.0130001388 24.0130001988 24.0140001388 24.0140001988 24.0190001388 24.0190001988 24.0220001388 24.0220001988 24.0250001388 24.0250001988 24.0250001988 24.0250002588 24.0270001388 24.0270001988 24.0280001388 24.0280001988 24.0340001388 24.0340001988 24.0390001388 24.0390001988 24.0420001388 24.0420001988 24.0450001388 24.0450001988 24.0450001988 24.0450002588 24.0470001388 24.0470001988 24.0480001388 24.0480001988 24.0540001388 24.0540001988 24.0590001388 24.0590001988 24.0620001388 24.0620001988 24.0650001388 24.0650001988 24.0650001988 24.0650002588 24.0670001388 24.0670001988 24.0680001388 24.0680001988 24.0740001388 24.0740001988 24.0790001388 24.0790001988 24.0820001388 24.0820001988 24.0850001388 24.0850001988 24.0850001988 24.0850002588 24.0870001388 24.0870001988 24.0880001388 24.0880001988 24.0940001388 24.0940001988 24.0990001388 24.0990001988 24.1020001388 24.1020001988 24.1050001388 24.1050001988 24.1050001988 24.1050002588 24.1070001388 24.1070001988 24.1080001388 24.1080001988 24.1140001388 24.1140001988 24.1190001388 24.1190001988 24.1220001388 24.1220001988 24.1250001388 24.1250001988 24.1250001988 24.1250002588 24.1270001388 24.1270001988 24.1280001388 24.1280001988 24.1340001388 24.1340001988 24.1390001388 24.1390001988 24.1420001388 24.1420001988 24.1450001388 24.1450001988 24.1450001988 24.1450002588 24.1470001388 24.1470001988 24.1480001388 24.1480001988 24.1540001388 24.1540001988 24.1590001388 24.1590001988 24.1620001388 24.1620001988 24.1650001388 24.1650001988 24.1650001988 24.1650002588 24.1670001388 24.1670001988 24.1680001388 24.1680001988 24.1740001388 24.1740001988 24.1790001388 24.1790001988 24.1820001388 24.1820001988 24.1850001388 24.1850001988 24.1850001988 24.1850002588 24.1870001388 24.1870001988 24.1880001388 24.1880001988 24.1940001388 24.1940001988 24.2020001388 24.2020001988 24.2050001388 24.2050001988 24.2050001988 24.2050002588 24.2050002588 24.2050003188 24.2070001388 24.2070001988 24.2080001388 24.2080001988 24.2140001388 24.2140001988 24.2190001388 24.2190001988 24.2220001388 24.2220001988 24.2250001388 24.2250001988 24.2250001988 24.2250002588 24.2270001388 24.2270001988 24.2280001388 24.2280001988 24.2340001388 24.2340001988 24.2390001388 24.2390001988 24.2420001388 24.2420001988 24.2450001388 24.2450001988 24.2450001988 24.2450002588 24.2470001388 24.2470001988 24.2480001388 24.2480001988 24.2540001388 24.2540001988 24.2590001388 24.2590001988 24.2620001388 24.2620001988 24.2650001388 24.2650001988 24.2650001988 24.2650002588 24.2670001388 24.2670001988 24.2680001388 24.2680001988 24.2740001388 24.2740001988 24.2790001388 24.2790001988 24.2820001388 24.2820001988 24.2850001388 24.2850001988 24.2850001988 24.2850002588 24.2870001388 24.2870001988 24.2880001388 24.2880001988 24.2940001388 24.2940001988 24.3020001388 24.3020001988 24.3050001388 24.3050001988 24.3050001988 24.3050002588 24.3050002588 24.3050003188 24.3070001388 24.3070001988 24.3140001388 24.3140001988 24.3140002276 24.3140002876 24.3190001388 24.3190001988 24.3220001388 24.3220001988 24.3250001388 24.3250001988 24.3250001988 24.3250002588 24.3270001388 24.3270001988 24.3280001388 24.3280001988 24.3340001388 24.3340001988 24.3390001388 24.3390001988 24.3420001388 24.3420001988 24.3450001388 24.3450001988 24.3450001988 24.3450002588 24.3470001388 24.3470001988 24.3480001388 24.3480001988 24.3540001388 24.3540001988 24.3590001388 24.3590001988 24.3620001388 24.3620001988 24.3650001388 24.3650001988 24.3650001988 24.3650002588 24.3670001388 24.3670001988 24.3680001388 24.3680001988 24.3740001388 24.3740001988 24.3790001388 24.3790001988 24.3820001388 24.3820001988 24.3850001388 24.3850001988 24.3850001988 24.3850002588 24.3870001388 24.3870001988 24.3880001388 24.3880001988 24.3940001388 24.3940001988 24.3990001388 24.3990001988 24.4020001388 24.4020001988 24.4050001388 24.4050001988 24.4050001988 24.4050002588 24.4070001388 24.4070001988 24.4080001388 24.4080001988 24.4140001388 24.4140001988 24.4190001388 24.4190001988 24.4220001388 24.4220001988 24.4250001388 24.4250001988 24.4250001988 24.4250002588 24.4270001388 24.4270001988 24.4280001388 24.4280001988 24.4340001388 24.4340001988 24.4420001388 24.4420001988 24.4450001388 24.4450001988 24.4450001988 24.4450002588 24.4450002588 24.4450003188 24.4470001388 24.4470001988 24.4480001388 24.4480001988 24.4540001388 24.4540001988 24.4590001388 24.4590001988 24.4620001388 24.4620001988 24.4650001388 24.4650001988 24.4650001988 24.4650002588 24.4670001388 24.4670001988 24.4680001388 24.4680001988 24.4740001388 24.4740001988 24.4790001388 24.4790001988 24.4820001388 24.4820001988 24.4850001388 24.4850001988 24.4850001988 24.4850002588 24.4870001388 24.4870001988 24.4880001388 24.4880001988 24.4940001388 24.4940001988 24.4990001388 24.4990001988 24.5020001388 24.5020001988 24.5050001388 24.5050001988 24.5050001988 24.5050002588 24.5070001388 24.5070001988 24.5080001388 24.5080001988 24.5140001388 24.5140001988 24.5190001388 24.5190001988 24.5220001388 24.5220001988 24.5250001388 24.5250001988 24.5250001988 24.5250002588 24.5270001388 24.5270001988 24.5280001388 24.5280001988 24.5340001388 24.5340001988 24.5390001388 24.5390001988 24.5420001388 24.5420001988 24.5450001388 24.5450001988 24.5450001988 24.5450002588 24.5470001388 24.5470001988 24.5480001388 24.5480001988 24.5540001388 24.5540001988 24.5590001388 24.5590001988 24.5620001388 24.5620001988 24.5650001388 24.5650001988 24.5650001988 24.5650002588 24.5670001388 24.5670001988 24.5680001388 24.5680001988 24.5740001388 24.5740001988 24.5790001388 24.5790001988 24.5820001388 24.5820001988 24.5850001388 24.5850001988 24.5850001988 24.5850002588 24.5870001388 24.5870001988 24.5880001388 24.5880001988 24.5940001388 24.5940001988 24.5990001388 24.5990001988 24.6020001388 24.6020001988 24.6050001388 24.6050001988 24.6050001988 24.6050002588 24.6070001388 24.6070001988 24.6080001388 24.6080001988 24.6140001388 24.6140001988 24.6190001388 24.6190001988 24.6220001388 24.6220001988 24.6250001388 24.6250001988 24.6250001988 24.6250002588 24.6270001388 24.6270001988 24.6280001388 24.6280001988 24.6340001388 24.6340001988 24.6390001388 24.6390001988 24.6420001388 24.6420001988 24.6450001388 24.6450001988 24.6450001988 24.6450002588 24.6470001388 24.6470001988 24.6480001388 24.6480001988 24.6540001388 24.6540001988 24.6590001388 24.6590001988 24.6620001388 24.6620001988 24.6650001388 24.6650001988 24.6650001988 24.6650002588 24.6670001388 24.6670001988 24.6680001388 24.6680001988 24.6740001388 24.6740001988 24.6790001388 24.6790001988 24.6820001388 24.6820001988 24.6850001388 24.6850001988 24.6850001988 24.6850002588 24.6870001388 24.6870001988 24.6880001388 24.6880001988 24.6940001388 24.6940001988 24.6990001388 24.6990001988 24.7020001388 24.7020001988 24.7050001388 24.7050001988 24.7050001988 24.7050002588 24.7070001388 24.7070001988 24.7080001388 24.7080001988 24.7140001388 24.7140001988 24.7190001388 24.7190001988 24.7220001388 24.7220001988 24.7250001388 24.7250001988 24.7250001988 24.7250002588 24.7270001388 24.7270001988 24.7280001388 24.7280001988 24.7340001388 24.7340001988 24.7390001388 24.7390001988 24.7420001388 24.7420001988 24.7450001388 24.7450001988 24.7450001988 24.7450002588 24.7470001388 24.7470001988 24.7480001388 24.7480001988 24.7540001388 24.7540001988 24.7590001388 24.7590001988 24.7620001388 24.7620001988 24.7650001388 24.7650001988 24.7650001988 24.7650002588 24.7670001388 24.7670001988 24.7680001388 24.7680001988 24.7740001388 24.7740001988 24.7790001388 24.7790001988 24.7820001388 24.7820001988 24.7850001388 24.7850001988 24.7850001988 24.7850002588 24.7870001388 24.7870001988 24.7880001388 24.7880001988 24.7940001388 24.7940001988 24.7990001388 24.7990001988 24.8020001388 24.8020001988 24.8050001388 24.8050001988 24.8050001988 24.8050002588 24.8070001388 24.8070001988 24.8080001388 24.8080001988 24.8140001388 24.8140001988 24.8190001388 24.8190001988 24.8220001388 24.8220001988 24.8250001388 24.8250001988 24.8250001988 24.8250002588 24.8270001388 24.8270001988 24.8280001388 24.8280001988 24.8340001388 24.8340001988 24.8390001388 24.8390001988 24.8420001388 24.8420001988 24.8450001388 24.8450001988 24.8450001988 24.8450002588 24.8470001388 24.8470001988 24.8480001388 24.8480001988 24.8540001388 24.8540001988 24.8590001388 24.8590001988 24.8620001388 24.8620001988 24.8650001388 24.8650001988 24.8650001988 24.8650002588 24.8670001388 24.8670001988 24.8680001388 24.8680001988 24.8740001388 24.8740001988 24.8790001388 24.8790001988 24.8820001388 24.8820001988 24.8850001388 24.8850001988 24.8850001988 24.8850002588 24.8870001388 24.8870001988 24.8880001388 24.8880001988 24.8940001388 24.8940001988 24.8990001388 24.8990001988 24.9020001388 24.9020001988 24.9050001388 24.9050001988 24.9050001988 24.9050002588 24.9070001388 24.9070001988 24.9080001388 24.9080001988 24.9140001388 24.9140001988 24.9190001388 24.9190001988 24.9220001388 24.9220001988 24.9250001388 24.9250001988 24.9250001988 24.9250002588 24.9270001388 24.9270001988 24.9270002276 24.9270002876 24.9280001388 24.9280001988 24.9340001388 24.9340001988 24.9390001388 24.9390001988 24.9420001388 24.9420001988 24.9450001388 24.9450001988 24.9450001988 24.9450002588 24.9470001388 24.9470001988 24.9470002276 24.9470002876 24.9480001388 24.9480001988 24.9540001388 24.9540001988 24.9590001388 24.9590001988 24.9620001388 24.9620001988 24.9650001388 24.9650001988 24.9650001988 24.9650002588 24.9670001388 24.9670001988 24.9670002276 24.9670002876 24.9680001388 24.9680001988 24.9740001388 24.9740001988 24.9790001388 24.9790001988 24.9820001388 24.9820001988 24.9850001388 24.9850001988 24.9850001988 24.9850002588 24.9870001388 24.9870001988 24.9870002276 24.9870002876 24.9880001388 24.9880001988 24.9940001388 24.9940001988 24.9990001388 24.9990001988 25.0020001388 25.0020001988 25.0050001388 25.0050001988 25.0050001988 25.0050002588 25.0070001388 25.0070001988 25.0070002276 25.0070002876 25.0080001388 25.0080001988 25.0140001388 25.0140001988 25.0190001388 25.0190001988 25.0220001388 25.0220001988 25.0250001388 25.0250001988 25.0250001988 25.0250002588 25.0270001388 25.0270001988 25.0270002276 25.0270002876 25.0280001388 25.0280001988 25.0340001388 25.0340001988 25.0390001388 25.0390001988 25.0420001388 25.0420001988 25.0450001388 25.0450001988 25.0450001988 25.0450002588 25.0470001388 25.0470001988 25.0470002276 25.0470002876 25.0480001388 25.0480001988 25.0540001388 25.0540001988 25.0590001388 25.0590001988 25.0620001388 25.0620001988 25.0650001388 25.0650001988 25.0650001988 25.0650002588 25.0670001388 25.0670001988 25.0670002276 25.0670002876 25.0680001388 25.0680001988 25.0740001388 25.0740001988 25.0790001388 25.0790001988 25.0820001388 25.0820001988 25.0850001388 25.0850001988 25.0850001988 25.0850002588 25.0870001388 25.0870001988 25.0870002276 25.0870002876 25.0880001388 25.0880001988 25.0940001388 25.0940001988 25.1020001388 25.1020001988 25.1050001388 25.1050001988 25.1050001988 25.1050002588 25.1070001388 25.1070001988 25.1070002276 25.1070002876 25.1080001388 25.1080001988 25.1140001388 25.1140001988 25.1220001388 25.1220001988 25.1250001388 25.1250001988 25.1250001988 25.1250002588 25.1270001388 25.1270001988 25.1270002276 25.1270002876 25.1280001388 25.1280001988 25.1340001388 25.1340001988 25.1420001388 25.1420001988 25.1450001388 25.1450001988 25.1450001988 25.1450002588 25.1470001388 25.1470001988 25.1470002276 25.1470002876 25.1480001388 25.1480001988 25.1540001388 25.1540001988 25.1620001388 25.1620001988 25.1650001388 25.1650001988 25.1650001988 25.1650002588 25.1670001388 25.1670001988 25.1670002276 25.1670002876 25.1680001388 25.1680001988 25.1740001388 25.1740001988 25.1820001388 25.1820001988 25.1850001388 25.1850001988 25.1850001988 25.1850002588 25.1870001388 25.1870001988 25.1870002276 25.1870002876 25.1880001388 25.1880001988 25.1940001388 25.1940001988 25.2020001388 25.2020001988 25.2050001388 25.2050001988 25.2050001988 25.2050002588 25.2070001388 25.2070001988 25.2070002276 25.2070002876 25.2080001388 25.2080001988 25.2140001388 25.2140001988 25.2220001388 25.2220001988 25.2250001388 25.2250001988 25.2250001988 25.2250002588 25.2270001388 25.2270001988 25.2270002276 25.2270002876 25.2280001388 25.2280001988 25.2340001388 25.2340001988 25.2420001388 25.2420001988 25.2450001388 25.2450001988 25.2450001988 25.2450002588 25.2470001388 25.2470001988 25.2470002276 25.2470002876 25.2480001388 25.2480001988 25.2540001388 25.2540001988 25.2620001388 25.2620001988 25.2650001388 25.2650001988 25.2650001988 25.2650002588 25.2670001388 25.2670001988 25.2670002276 25.2670002876 25.2680001388 25.2680001988 25.2740001388 25.2740001988 25.2820001388 25.2820001988 25.2850001388 25.2850001988 25.2850001988 25.2850002588 25.2870001388 25.2870001988 25.2870002276 25.2870002876 25.2880001388 25.2880001988 25.2940001388 25.2940001988 25.3020001388 25.3020001988 25.3050001388 25.3050001988 25.3050001988 25.3050002588 25.3070001388 25.3070001988 25.3070002276 25.3070002876 25.3080001388 25.3080001988 25.3140001388 25.3140001988 25.3220001388 25.3220001988 25.3250001388 25.3250001988 25.3250001988 25.3250002588 25.3270001388 25.3270001988 25.3270002276 25.3270002876 25.3280001388 25.3280001988 25.3340001388 25.3340001988 25.3420001388 25.3420001988 25.3450001388 25.3450001988 25.3450001988 25.3450002588 25.3470001388 25.3470001988 25.3470002276 25.3470002876 25.3480001388 25.3480001988 25.3540001388 25.3540001988 25.3620001388 25.3620001988 25.3650001388 25.3650001988 25.3650001988 25.3650002588 25.3670001388 25.3670001988 25.3670002276 25.3670002876 25.3680001388 25.3680001988 25.3740001388 25.3740001988 25.3820001388 25.3820001988 25.3850001388 25.3850001988 25.3870001388 25.3870001988 25.3870002276 25.3870002876 25.3880001388 25.3880001988 25.3940001388 25.3940001988 25.4020001388 25.4020001988 25.4050001388 25.4050001988 25.4070001388 25.4070001988 25.4070002276 25.4070002876 25.4080001388 25.4080001988 25.4140001388 25.4140001988 25.4220001388 25.4220001988 25.4250001388 25.4250001988 25.4270001388 25.4270001988 25.4270002276 25.4270002876 25.4280001388 25.4280001988 25.4340001388 25.4340001988 25.4420001388 25.4420001988 25.4450001388 25.4450001988 25.4470001388 25.4470001988 25.4470002276 25.4470002876 25.4480001388 25.4480001988 25.4540001388 25.4540001988 25.4620001388 25.4620001988 25.4650001388 25.4650001988 25.4670001388 25.4670001988 25.4670002276 25.4670002876 25.4680001388 25.4680001988 25.4740001388 25.4740001988 25.4820001388 25.4820001988 25.4850001388 25.4850001988 25.4870001388 25.4870001988 25.4870002276 25.4870002876 25.4880001388 25.4880001988 25.4940001388 25.4940001988 25.5020001388 25.5020001988 25.5050001388 25.5050001988 25.5070001388 25.5070001988 25.5070002276 25.5070002876 25.5140001388 25.5140001988 25.5220001388 25.5220001988 25.5250001388 25.5250001988 25.5270001388 25.5270001988 25.5270002276 25.5270002876 25.5340001388 25.5340001988 25.5420001388 25.5420001988 25.5450001388 25.5450001988 25.5470001388 25.5470001988 25.5470002276 25.5470002876 25.5540001388 25.5540001988 25.5620001388 25.5620001988 25.5650001388 25.5650001988 25.5670001388 25.5670001988 25.5670002276 25.5670002876 25.5740001388 25.5740001988 25.5820001388 25.5820001988 25.5840001388 25.5840001988 25.5850001388 25.5850001988 25.5870001388 25.5870001988 25.5870002276 25.5870002876 25.5940001388 25.5940001988 25.6020001388 25.6020001988 25.6040001388 25.6040001988 25.6050001388 25.6050001988 25.6070001388 25.6070001988 25.6070002276 25.6070002876 25.6140001388 25.6140001988 25.6220001388 25.6220001988 25.6240001388 25.6240001988 25.6250001388 25.6250001988 25.6270001388 25.6270001988 25.6270002276 25.6270002876 25.6340001388 25.6340001988 25.6440001388 25.6440001988 25.6450001388 25.6450001988 25.6470001388 25.6470001988 25.6470002276 25.6470002876 25.6540001388 25.6540001988 25.6640001388 25.6640001988 25.6650001388 25.6650001988 25.6670001388 25.6670001988 25.6670002276 25.6670002876 25.6730001388 25.6730001988 25.6740001388 25.6740001988 25.6840001388 25.6840001988 25.6850001388 25.6850001988 25.6870001388 25.6870001988 25.6870002276 25.6870002876 25.6930001388 25.6930001988 25.6940001388 25.6940001988 25.7040001388 25.7040001988 25.7050001388 25.7050001988 25.7070001388 25.7070001988 25.7070002276 25.7070002876 25.7130001388 25.7130001988 25.7140001388 25.7140001988 25.7240001388 25.7240001988 25.7250001388 25.7250001988 25.7270001388 25.7270001988 25.7270002276 25.7270002876 25.7330001388 25.7330001988 25.7340001388 25.7340001988 25.7440001388 25.7440001988 25.7450001388 25.7450001988 25.7470001388 25.7470001988 25.7470002276 25.7470002876 25.7530001388 25.7530001988 25.7540001388 25.7540001988 25.7640001388 25.7640001988 25.7650001388 25.7650001988 25.7670001388 25.7670001988 25.7670002276 25.7670002876 25.7730001388 25.7730001988 25.7740001388 25.7740001988 25.7840001388 25.7840001988 25.7850001388 25.7850001988 25.7870001388 25.7870001988 25.7870002276 25.7870002876 25.7930001388 25.7930001988 25.7940001388 25.7940001988 25.8040001388 25.8040001988 25.8050001388 25.8050001988 25.8070001388 25.8070001988 25.8070002276 25.8070002876 25.8130001388 25.8130001988 25.8140001388 25.8140001988 25.8240001388 25.8240001988 25.8250001388 25.8250001988 25.8270001388 25.8270001988 25.8270002276 25.8270002876 25.8330001388 25.8330001988 25.8340001388 25.8340001988 25.8440001388 25.8440001988 25.8450001388 25.8450001988 25.8470001388 25.8470001988 25.8470002276 25.8470002876 25.8530001388 25.8530001988 25.8540001388 25.8540001988 25.8640001388 25.8640001988 25.8650001388 25.8650001988 25.8670001388 25.8670001988 25.8670002276 25.8670002876 25.8730001388 25.8730001988 25.8740001388 25.8740001988 25.8820001388 25.8820001988 25.8840001388 25.8840001988 25.8850001388 25.8850001988 25.8870001388 25.8870001988 25.8870002276 25.8870002876 25.8930001388 25.8930001988 25.8940001388 25.8940001988 25.9020001388 25.9020001988 25.9040001388 25.9040001988 25.9050001388 25.9050001988 25.9070001388 25.9070001988 25.9070002276 25.9070002876 25.9130001388 25.9130001988 25.9140001388 25.9140001988 25.9220001388 25.9220001988 25.9240001388 25.9240001988 25.9250001388 25.9250001988 25.9270001388 25.9270001988 25.9270002276 25.9270002876 25.9330001388 25.9330001988 25.9340001388 25.9340001988 25.9420001388 25.9420001988 25.9440001388 25.9440001988 25.9450001388 25.9450001988 25.9470001388 25.9470001988 25.9470002276 25.9470002876 25.9530001388 25.9530001988 25.9540001388 25.9540001988 25.9620001388 25.9620001988 25.9640001388 25.9640001988 25.9650001388 25.9650001988 25.9670001388 25.9670001988 25.9670002276 25.9670002876 25.9730001388 25.9730001988 25.9740001388 25.9740001988 25.9820001388 25.9820001988 25.9840001388 25.9840001988 25.9850001388 25.9850001988 25.9870001388 25.9870001988 25.9870002276 25.9870002876 25.9930001388 25.9930001988 25.9940001388 25.9940001988 26.0020001388 26.0020001988 26.0040001388 26.0040001988 26.0050001388 26.0050001988 26.0070001388 26.0070001988 26.0070002276 26.0070002876 26.0130001388 26.0130001988 26.0140001388 26.0140001988 26.0220001388 26.0220001988 26.0240001388 26.0240001988 26.0250001388 26.0250001988 26.0270001388 26.0270001988 26.0270002276 26.0270002876 26.0330001388 26.0330001988 26.0340001388 26.0340001988 26.0420001388 26.0420001988 26.0440001388 26.0440001988 26.0450001388 26.0450001988 26.0470001388 26.0470001988 26.0470002276 26.0470002876 26.0530001388 26.0530001988 26.0540001388 26.0540001988 26.0620001388 26.0620001988 26.0640001388 26.0640001988 26.0650001388 26.0650001988 26.0670001388 26.0670001988 26.0670002276 26.0670002876 26.0730001388 26.0730001988 26.0740001388 26.0740001988 26.0820001388 26.0820001988 26.0840001388 26.0840001988 26.0850001388 26.0850001988 26.0870001388 26.0870001988 26.0870002276 26.0870002876 26.0930001388 26.0930001988 26.0940001388 26.0940001988 26.1020001388 26.1020001988 26.1040001388 26.1040001988 26.1050001388 26.1050001988 26.1070001388 26.1070001988 26.1070002276 26.1070002876 26.1130001388 26.1130001988 26.1140001388 26.1140001988 26.1220001388 26.1220001988 26.1240001388 26.1240001988 26.1250001388 26.1250001988 26.1270001388 26.1270001988 26.1270002276 26.1270002876 26.1330001388 26.1330001988 26.1340001388 26.1340001988 26.1420001388 26.1420001988 26.1440001388 26.1440001988 26.1450001388 26.1450001988 26.1470001388 26.1470001988 26.1470002276 26.1470002876 26.1530001388 26.1530001988 26.1540001388 26.1540001988 26.1620001388 26.1620001988 26.1640001388 26.1640001988 26.1650001388 26.1650001988 26.1670001388 26.1670001988 26.1670002276 26.1670002876 26.1730001388 26.1730001988 26.1740001388 26.1740001988 26.1820001388 26.1820001988 26.1840001388 26.1840001988 26.1850001388 26.1850001988 26.1870001388 26.1870001988 26.1870002276 26.1870002876 26.1930001388 26.1930001988 26.1940001388 26.1940001988 26.2020001388 26.2020001988 26.2040001388 26.2040001988 26.2050001388 26.2050001988 26.2070001388 26.2070001988 26.2070002276 26.2070002876 26.2130001388 26.2130001988 26.2140001388 26.2140001988 26.2220001388 26.2220001988 26.2240001388 26.2240001988 26.2270001388 26.2270001988 26.2270002276 26.2270002876 26.2330001388 26.2330001988 26.2340001388 26.2340001988 26.2420001388 26.2420001988 26.2440001388 26.2440001988 26.2470001388 26.2470001988 26.2530001388 26.2530001988 26.2540001388 26.2540001988 26.2620001388 26.2620001988 26.2670001388 26.2670001988 26.2700001388 26.2700001988 26.2730001388 26.2730001988 26.2740001388 26.2740001988 26.2820001388 26.2820001988 26.2840001388 26.2840001988 26.2870001388 26.2870001988 26.2930001388 26.2930001988 26.2940001388 26.2940001988 26.3020001388 26.3020001988 26.3040001388 26.3040001988 26.3070001388 26.3070001988 26.3130001388 26.3130001988 26.3140001388 26.3140001988 26.3220001388 26.3220001988 26.3270001388 26.3270001988 26.3300001388 26.3300001988 26.3330001388 26.3330001988 26.3340001388 26.3340001988 26.3420001388 26.3420001988 26.3470001388 26.3470001988 26.3530001388 26.3530001988 26.3540001388 26.3540001988 26.3560001388 26.3560001988 26.3620001388 26.3620001988 26.3670001388 26.3670001988 26.3700001388 26.3700001988 26.3730001388 26.3730001988 26.3740001388 26.3740001988 26.3820001388 26.3820001988 26.3840001388 26.3840001988 26.3870001388 26.3870001988 26.3930001388 26.3930001988 26.3940001388 26.3940001988 26.4020001388 26.4020001988 26.4040001388 26.4040001988 26.4070001388 26.4070001988 26.4130001388 26.4130001988 26.4140001388 26.4140001988 26.4220001388 26.4220001988 26.4270001388 26.4270001988 26.4300001388 26.4300001988 26.4330001388 26.4330001988 26.4340001388 26.4340001988 26.4420001388 26.4420001988 26.4440001388 26.4440001988 26.4470001388 26.4470001988 26.4530001388 26.4530001988 26.4540001388 26.4540001988 26.4620001388 26.4620001988 26.4640001388 26.4640001988 26.4670001388 26.4670001988 26.4730001388 26.4730001988 26.4740001388 26.4740001988 26.4820001388 26.4820001988 26.4840001388 26.4840001988 26.4870001388 26.4870001988 26.4930001388 26.4930001988 26.4940001388 26.4940001988 26.5020001388 26.5020001988 26.5040001388 26.5040001988 26.5070001388 26.5070001988 26.5130001388 26.5130001988 26.5140001388 26.5140001988 26.5220001388 26.5220001988 26.5240001388 26.5240001988 26.5270001388 26.5270001988 26.5330001388 26.5330001988 26.5340001388 26.5340001988 26.5420001388 26.5420001988 26.5440001388 26.5440001988 26.5470001388 26.5470001988 26.5530001388 26.5530001988 26.5540001388 26.5540001988 26.5620001388 26.5620001988 26.5640001388 26.5640001988 26.5670001388 26.5670001988 26.5730001388 26.5730001988 26.5740001388 26.5740001988 26.5820001388 26.5820001988 26.5840001388 26.5840001988 26.5870001388 26.5870001988 26.5930001388 26.5930001988 26.5940001388 26.5940001988 26.6020001388 26.6020001988 26.6040001388 26.6040001988 26.6070001388 26.6070001988 26.6130001388 26.6130001988 26.6140001388 26.6140001988 26.6220001388 26.6220001988 26.6240001388 26.6240001988 26.6270001388 26.6270001988 26.6330001388 26.6330001988 26.6340001388 26.6340001988 26.6420001388 26.6420001988 26.6440001388 26.6440001988 26.6470001388 26.6470001988 26.6530001388 26.6530001988 26.6540001388 26.6540001988 26.6620001388 26.6620001988 26.6640001388 26.6640001988 26.6670001388 26.6670001988 26.6730001388 26.6730001988 26.6740001388 26.6740001988 26.6820001388 26.6820001988 26.6840001388 26.6840001988 26.6870001388 26.6870001988 26.6930001388 26.6930001988 26.6940001388 26.6940001988 26.7020001388 26.7020001988 26.7040001388 26.7040001988 26.7070001388 26.7070001988 26.7130001388 26.7130001988 26.7140001388 26.7140001988 26.7220001388 26.7220001988 26.7240001388 26.7240001988 26.7270001388 26.7270001988 26.7330001388 26.7330001988 26.7340001388 26.7340001988 26.7420001388 26.7420001988 26.7440001388 26.7440001988 26.7470001388 26.7470001988 26.7530001388 26.7530001988 26.7540001388 26.7540001988 26.7620001388 26.7620001988 26.7670001388 26.7670001988 26.7700001388 26.7700001988 26.7730001388 26.7730001988 26.7740001388 26.7740001988 26.7820001388 26.7820001988 26.7840001388 26.7840001988 26.7870001388 26.7870001988 26.7930001388 26.7930001988 26.7940001388 26.7940001988 26.8020001388 26.8020001988 26.8040001388 26.8040001988 26.8070001388 26.8070001988 26.8130001388 26.8130001988 26.8140001388 26.8140001988 26.8220001388 26.8220001988 26.8240001388 26.8240001988 26.8270001388 26.8270001988 26.8330001388 26.8330001988 26.8340001388 26.8340001988 26.8420001388 26.8420001988 26.8440001388 26.8440001988 26.8470001388 26.8470001988 26.8530001388 26.8530001988 26.8540001388 26.8540001988 26.8620001388 26.8620001988 26.8640001388 26.8640001988 26.8670001388 26.8670001988 26.8730001388 26.8730001988 26.8740001388 26.8740001988 26.8820001388 26.8820001988 26.8870001388 26.8870001988 26.8900001388 26.8900001988 26.8930001388 26.8930001988 26.8940001388 26.8940001988 26.9020001388 26.9020001988 26.9040001388 26.9040001988 26.9070001388 26.9070001988 26.9130001388 26.9130001988 26.9140001388 26.9140001988 26.9220001388 26.9220001988 26.9240001388 26.9240001988 26.9270001388 26.9270001988 26.9330001388 26.9330001988 26.9340001388 26.9340001988 26.9420001388 26.9420001988 26.9440001388 26.9440001988 26.9470001388 26.9470001988 26.9530001388 26.9530001988 26.9540001388 26.9540001988 26.9620001388 26.9620001988 26.9640001388 26.9640001988 26.9670001388 26.9670001988 26.9730001388 26.9730001988 26.9740001388 26.9740001988 26.9820001388 26.9820001988 26.9840001388 26.9840001988 26.9870001388 26.9870001988 26.9930001388 26.9930001988 26.9940001388 26.9940001988 27.0020001388 27.0020001988 27.0040001388 27.0040001988 27.0070001388 27.0070001988 27.0130001388 27.0130001988 27.0140001388 27.0140001988 27.0220001388 27.0220001988 27.0240001388 27.0240001988 27.0270001388 27.0270001988 27.0330001388 27.0330001988 27.0340001388 27.0340001988 27.0420001388 27.0420001988 27.0440001388 27.0440001988 27.0470001388 27.0470001988 27.0530001388 27.0530001988 27.0540001388 27.0540001988 27.0620001388 27.0620001988 27.0640001388 27.0640001988 27.0670001388 27.0670001988 27.0730001388 27.0730001988 27.0740001388 27.0740001988 27.0820001388 27.0820001988 27.0840001388 27.0840001988 27.0870001388 27.0870001988 27.0930001388 27.0930001988 27.0940001388 27.0940001988 27.1020001388 27.1020001988 27.1040001388 27.1040001988 27.1070001388 27.1070001988 27.1140001388 27.1140001988 27.1200001388 27.1200001988 27.1220001388 27.1220001988 27.1240001388 27.1240001988 27.1270001388 27.1270001988 27.1340001388 27.1340001988 27.1400001388 27.1400001988 27.1420001388 27.1420001988 27.1470001388 27.1470001988 27.1500001388 27.1500001988 27.1540001388 27.1540001988 27.1600001388 27.1600001988 27.1620001388 27.1620001988 27.1640001388 27.1640001988 27.1670001388 27.1670001988 27.1740001388 27.1740001988 27.1800001388 27.1800001988 27.1820001388 27.1820001988 27.1870001388 27.1870001988 27.1900001388 27.1900001988 27.1940001388 27.1940001988 27.2000001388 27.2000001988 27.2020001388 27.2020001988 27.2040001388 27.2040001988 27.2070001388 27.2070001988 27.2140001388 27.2140001988 27.2200001388 27.2200001988 27.2220001388 27.2220001988 27.2240001388 27.2240001988 27.2270001388 27.2270001988 27.2340001388 27.2340001988 27.2400001388 27.2400001988 27.2420001388 27.2420001988 27.2440001388 27.2440001988 27.2470001388 27.2470001988 27.2540001388 27.2540001988 27.2600001388 27.2600001988 27.2620001388 27.2620001988 27.2670001388 27.2670001988 27.2700001388 27.2700001988 27.2740001388 27.2740001988 27.2800001388 27.2800001988 27.2820001388 27.2820001988 27.2840001388 27.2840001988 27.2870001388 27.2870001988 27.2940001388 27.2940001988 27.3000001388 27.3000001988 27.3020001388 27.3020001988 27.3040001388 27.3040001988 27.3070001388 27.3070001988 27.3140001388 27.3140001988 27.3200001388 27.3200001988 27.3220001388 27.3220001988 27.3240001388 27.3240001988 27.3270001388 27.3270001988 27.3340001388 27.3340001988 27.3350001388 27.3350001988 27.3400001388 27.3400001988 27.3420001388 27.3420001988 27.3440001388 27.3440001988 27.3470001388 27.3470001988 27.3540001388 27.3540001988 27.3550001388 27.3550001988 27.3600001388 27.3600001988 27.3620001388 27.3620001988 27.3670001388 27.3670001988 27.3700001388 27.3700001988 27.3740001388 27.3740001988 27.3750001388 27.3750001988 27.3800001388 27.3800001988 27.3820001388 27.3820001988 27.3830001388 27.3830001988 27.3840001388 27.3840001988 27.3870001388 27.3870001988 27.3940001388 27.3940001988 27.3950001388 27.3950001988 27.4000001388 27.4000001988 27.4020001388 27.4020001988 27.4030001388 27.4030001988 27.4040001388 27.4040001988 27.4070001388 27.4070001988 27.4140001388 27.4140001988 27.4150001388 27.4150001988 27.4220001388 27.4220001988 27.4230001388 27.4230001988 27.4240001388 27.4240001988 27.4270001388 27.4270001988 27.4340001388 27.4340001988 27.4350001388 27.4350001988 27.4420001388 27.4420001988 27.4430001388 27.4430001988 27.4440001388 27.4440001988 27.4470001388 27.4470001988 27.4540001388 27.4540001988 27.4550001388 27.4550001988 27.4620001388 27.4620001988 27.4630001388 27.4630001988 27.4640001388 27.4640001988 27.4670001388 27.4670001988 27.4740001388 27.4740001988 27.4750001388 27.4750001988 27.4820001388 27.4820001988 27.4830001388 27.4830001988 27.4840001388 27.4840001988 27.4870001388 27.4870001988 27.4940001388 27.4940001988 27.4950001388 27.4950001988 27.5020001388 27.5020001988 27.5030001388 27.5030001988 27.5040001388 27.5040001988 27.5070001388 27.5070001988 27.5140001388 27.5140001988 27.5150001388 27.5150001988 27.5220001388 27.5220001988 27.5230001388 27.5230001988 27.5240001388 27.5240001988 27.5270001388 27.5270001988 27.5300001388 27.5300001988 27.5340001388 27.5340001988 27.5350001388 27.5350001988 27.5420001388 27.5420001988 27.5430001388 27.5430001988 27.5430001988 27.5430002588 27.5440001388 27.5440001988 27.5470001388 27.5470001988 27.5500001388 27.5500001988 27.5540001388 27.5540001988 27.5550001388 27.5550001988 27.5620001388 27.5620001988 27.5630001388 27.5630001988 27.5630001988 27.5630002588 27.5640001388 27.5640001988 27.5670001388 27.5670001988 27.5700001388 27.5700001988 27.5740001388 27.5740001988 27.5750001388 27.5750001988 27.5820001388 27.5820001988 27.5830001388 27.5830001988 27.5830001988 27.5830002588 27.5840001388 27.5840001988 27.5870001388 27.5870001988 27.5900001388 27.5900001988 27.5940001388 27.5940001988 27.5950001388 27.5950001988 27.6020001388 27.6020001988 27.6030001388 27.6030001988 27.6030001988 27.6030002588 27.6040001388 27.6040001988 27.6070001388 27.6070001988 27.6100001388 27.6100001988 27.6140001388 27.6140001988 27.6150001388 27.6150001988 27.6220001388 27.6220001988 27.6230001388 27.6230001988 27.6230001988 27.6230002588 27.6240001388 27.6240001988 27.6270001388 27.6270001988 27.6300001388 27.6300001988 27.6340001388 27.6340001988 27.6350001388 27.6350001988 27.6420001388 27.6420001988 27.6430001388 27.6430001988 27.6430001988 27.6430002588 27.6440001388 27.6440001988 27.6470001388 27.6470001988 27.6500001388 27.6500001988 27.6540001388 27.6540001988 27.6550001388 27.6550001988 27.6620001388 27.6620001988 27.6630001388 27.6630001988 27.6630001988 27.6630002588 27.6640001388 27.6640001988 27.6670001388 27.6670001988 27.6700001388 27.6700001988 27.6740001388 27.6740001988 27.6750001388 27.6750001988 27.6820001388 27.6820001988 27.6830001388 27.6830001988 27.6830001988 27.6830002588 27.6840001388 27.6840001988 27.6870001388 27.6870001988 27.6900001388 27.6900001988 27.6940001388 27.6940001988 27.6950001388 27.6950001988 27.7020001388 27.7020001988 27.7030001388 27.7030001988 27.7030001988 27.7030002588 27.7040001388 27.7040001988 27.7070001388 27.7070001988 27.7140001388 27.7140001988 27.7150001388 27.7150001988 27.7220001388 27.7220001988 27.7230001388 27.7230001988 27.7230001988 27.7230002588 27.7240001388 27.7240001988 27.7270001388 27.7270001988 27.7340001388 27.7340001988 27.7350001388 27.7350001988 27.7420001388 27.7420001988 27.7430001388 27.7430001988 27.7440001388 27.7440001988 27.7470001388 27.7470001988 27.7540001388 27.7540001988 27.7550001388 27.7550001988 27.7620001388 27.7620001988 27.7630001388 27.7630001988 27.7640001388 27.7640001988 27.7670001388 27.7670001988 27.7740001388 27.7740001988 27.7750001388 27.7750001988 27.7820001388 27.7820001988 27.7830001388 27.7830001988 27.7840001388 27.7840001988 27.7870001388 27.7870001988 27.7940001388 27.7940001988 27.7950001388 27.7950001988 27.8020001388 27.8020001988 27.8030001388 27.8030001988 27.8040001388 27.8040001988 27.8070001388 27.8070001988 27.8140001388 27.8140001988 27.8150001388 27.8150001988 27.8220001388 27.8220001988 27.8230001388 27.8230001988 27.8240001388 27.8240001988 27.8270001388 27.8270001988 27.8340001388 27.8340001988 27.8350001388 27.8350001988 27.8420001388 27.8420001988 27.8430001388 27.8430001988 27.8440001388 27.8440001988 27.8470001388 27.8470001988 27.8540001388 27.8540001988 27.8550001388 27.8550001988 27.8620001388 27.8620001988 27.8630001388 27.8630001988 27.8640001388 27.8640001988 27.8670001388 27.8670001988 27.8740001388 27.8740001988 27.8750001388 27.8750001988 27.8820001388 27.8820001988 27.8830001388 27.8830001988 27.8840001388 27.8840001988 27.8870001388 27.8870001988 27.8940001388 27.8940001988 27.8950001388 27.8950001988 27.9020001388 27.9020001988 27.9030001388 27.9030001988 27.9040001388 27.9040001988 27.9070001388 27.9070001988 27.9140001388 27.9140001988 27.9150001388 27.9150001988 27.9220001388 27.9220001988 27.9230001388 27.9230001988 27.9240001388 27.9240001988 27.9270001388 27.9270001988 27.9340001388 27.9340001988 27.9350001388 27.9350001988 27.9420001388 27.9420001988 27.9430001388 27.9430001988 27.9440001388 27.9440001988 27.9470001388 27.9470001988 27.9540001388 27.9540001988 27.9550001388 27.9550001988 27.9620001388 27.9620001988 27.9630001388 27.9630001988 27.9640001388 27.9640001988 27.9670001388 27.9670001988 27.9740001388 27.9740001988 27.9750001388 27.9750001988 27.9820001388 27.9820001988 27.9830001388 27.9830001988 27.9840001388 27.9840001988 27.9870001388 27.9870001988 27.9950001388 27.9950001988 28.0020001388 28.0020001988 28.0030001388 28.0030001988 28.0040001388 28.0040001988 28.0070001388 28.0070001988 28.0150001388 28.0150001988 28.0220001388 28.0220001988 28.0230001388 28.0230001988 28.0240001388 28.0240001988 28.0270001388 28.0270001988 28.0350001388 28.0350001988 28.0420001388 28.0420001988 28.0430001388 28.0430001988 28.0440001388 28.0440001988 28.0470001388 28.0470001988 28.0550001388 28.0550001988 28.0620001388 28.0620001988 28.0630001388 28.0630001988 28.0640001388 28.0640001988 28.0670001388 28.0670001988 28.0750001388 28.0750001988 28.0820001388 28.0820001988 28.0830001388 28.0830001988 28.0840001388 28.0840001988 28.0870001388 28.0870001988 28.0950001388 28.0950001988 28.0980001388 28.0980001988 28.1020001388 28.1020001988 28.1030001388 28.1030001988 28.1040001388 28.1040001988 28.1070001388 28.1070001988 28.1150001388 28.1150001988 28.1180001388 28.1180001988 28.1220001388 28.1220001988 28.1220001988 28.1220002588 28.1230001388 28.1230001988 28.1240001388 28.1240001988 28.1270001388 28.1270001988 28.1350001388 28.1350001988 28.1380001388 28.1380001988 28.1420001388 28.1420001988 28.1420001988 28.1420002588 28.1430001388 28.1430001988 28.1440001388 28.1440001988 28.1470001388 28.1470001988 28.1550001388 28.1550001988 28.1580001388 28.1580001988 28.1620001388 28.1620001988 28.1620001988 28.1620002588 28.1630001388 28.1630001988 28.1640001388 28.1640001988 28.1670001388 28.1670001988 28.1750001388 28.1750001988 28.1780001388 28.1780001988 28.1820001388 28.1820001988 28.1820001988 28.1820002588 28.1830001388 28.1830001988 28.1840001388 28.1840001988 28.1870001388 28.1870001988 28.1950001388 28.1950001988 28.1980001388 28.1980001988 28.2020001388 28.2020001988 28.2020001988 28.2020002588 28.2030001388 28.2030001988 28.2040001388 28.2040001988 28.2070001388 28.2070001988 28.2150001388 28.2150001988 28.2180001388 28.2180001988 28.2220001388 28.2220001988 28.2220001988 28.2220002588 28.2230001388 28.2230001988 28.2240001388 28.2240001988 28.2270001388 28.2270001988 28.2350001388 28.2350001988 28.2380001388 28.2380001988 28.2420001388 28.2420001988 28.2420001988 28.2420002588 28.2430001388 28.2430001988 28.2440001388 28.2440001988 28.2470001388 28.2470001988 28.2550001388 28.2550001988 28.2580001388 28.2580001988 28.2620001388 28.2620001988 28.2620001988 28.2620002588 28.2630001388 28.2630001988 28.2640001388 28.2640001988 28.2670001388 28.2670001988 28.2750001388 28.2750001988 28.2780001388 28.2780001988 28.2820001388 28.2820001988 28.2820001988 28.2820002588 28.2830001388 28.2830001988 28.2840001388 28.2840001988 28.2870001388 28.2870001988 28.2950001388 28.2950001988 28.3020001388 28.3020001988 28.3020001988 28.3020002588 28.3030001388 28.3030001988 28.3040001388 28.3040001988 28.3070001388 28.3070001988 28.3150001388 28.3150001988 28.3220001388 28.3220001988 28.3220001988 28.3220002588 28.3230001388 28.3230001988 28.3240001388 28.3240001988 28.3270001388 28.3270001988 28.3350001388 28.3350001988 28.3420001388 28.3420001988 28.3420001988 28.3420002588 28.3430001388 28.3430001988 28.3440001388 28.3440001988 28.3470001388 28.3470001988 28.3550001388 28.3550001988 28.3620001388 28.3620001988 28.3620001988 28.3620002588 28.3630001388 28.3630001988 28.3640001388 28.3640001988 28.3670001388 28.3670001988 28.3750001388 28.3750001988 28.3820001388 28.3820001988 28.3820001988 28.3820002588 28.3830001388 28.3830001988 28.3840001388 28.3840001988 28.3870001388 28.3870001988 28.3950001388 28.3950001988 28.4020001388 28.4020001988 28.4020001988 28.4020002588 28.4030001388 28.4030001988 28.4040001388 28.4040001988 28.4070001388 28.4070001988 28.4150001388 28.4150001988 28.4220001388 28.4220001988 28.4220001988 28.4220002588 28.4230001388 28.4230001988 28.4270001388 28.4270001988 28.4300001388 28.4300001988 28.4420001388 28.4420001988 28.4420001988 28.4420002588 28.4430001388 28.4430001988 28.4440001388 28.4440001988 28.4470001388 28.4470001988 28.4620001388 28.4620001988 28.4620001988 28.4620002588 28.4630001388 28.4630001988 28.4640001388 28.4640001988 28.4670001388 28.4670001988 28.4820001388 28.4820001988 28.4820001988 28.4820002588 28.4830001388 28.4830001988 28.4840001388 28.4840001988 28.4870001388 28.4870001988 28.5020001388 28.5020001988 28.5020001988 28.5020002588 28.5030001388 28.5030001988 28.5040001388 28.5040001988 28.5070001388 28.5070001988 28.5220001388 28.5220001988 28.5220001988 28.5220002588 28.5230001388 28.5230001988 28.5240001388 28.5240001988 28.5270001388 28.5270001988 28.5420001388 28.5420001988 28.5420001988 28.5420002588 28.5430001388 28.5430001988 28.5440001388 28.5440001988 28.5470001388 28.5470001988 28.5620001388 28.5620001988 28.5620001988 28.5620002588 28.5630001388 28.5630001988 28.5670001388 28.5670001988 28.5700001388 28.5700001988 28.5820001388 28.5820001988 28.5820001988 28.5820002588 28.5830001388 28.5830001988 28.5840001388 28.5840001988 28.5870001388 28.5870001988 28.6020001388 28.6020001988 28.6020001988 28.6020002588 28.6030001388 28.6030001988 28.6040001388 28.6040001988 28.6070001388 28.6070001988 28.6220001388 28.6220001988 28.6220001988 28.6220002588 28.6230001388 28.6230001988 28.6240001388 28.6240001988 28.6270001388 28.6270001988 28.6300001388 28.6300001988 28.6420001388 28.6420001988 28.6420001988 28.6420002588 28.6430001388 28.6430001988 28.6440001388 28.6440001988 28.6470001388 28.6470001988 28.6500001388 28.6500001988 28.6620001388 28.6620001988 28.6620001988 28.6620002588 28.6630001388 28.6630001988 28.6640001388 28.6640001988 28.6670001388 28.6670001988 28.6700001388 28.6700001988 28.6820001388 28.6820001988 28.6820001988 28.6820002588 28.6830001388 28.6830001988 28.6840001388 28.6840001988 28.6870001388 28.6870001988 28.6900001388 28.6900001988 28.7020001388 28.7020001988 28.7020001988 28.7020002588 28.7030001388 28.7030001988 28.7040001388 28.7040001988 28.7070001388 28.7070001988 28.7100001388 28.7100001988 28.7220001388 28.7220001988 28.7220001988 28.7220002588 28.7230001388 28.7230001988 28.7240001388 28.7240001988 28.7270001388 28.7270001988 28.7300001388 28.7300001988 28.7420001388 28.7420001988 28.7420001988 28.7420002588 28.7430001388 28.7430001988 28.7470001388 28.7470001988 28.7500001388 28.7500001988 28.7500002276 28.7500002876 28.7620001388 28.7620001988 28.7620001988 28.7620002588 28.7630001388 28.7630001988 28.7640001388 28.7640001988 28.7670001388 28.7670001988 28.7820001388 28.7820001988 28.7820001988 28.7820002588 28.7830001388 28.7830001988 28.7840001388 28.7840001988 28.7870001388 28.7870001988 28.8020001388 28.8020001988 28.8020001988 28.8020002588 28.8030001388 28.8030001988 28.8040001388 28.8040001988 28.8070001388 28.8070001988 28.8220001388 28.8220001988 28.8220001988 28.8220002588 28.8230001388 28.8230001988 28.8240001388 28.8240001988 28.8270001388 28.8270001988 28.8420001388 28.8420001988 28.8420001988 28.8420002588 28.8430001388 28.8430001988 28.8440001388 28.8440001988 28.8470001388 28.8470001988 28.8620001388 28.8620001988 28.8620001988 28.8620002588 28.8630001388 28.8630001988 28.8640001388 28.8640001988 28.8670001388 28.8670001988 28.8820001388 28.8820001988 28.8830001388 28.8830001988 28.8840001388 28.8840001988 28.8870001388 28.8870001988 28.9020001388 28.9020001988 28.9030001388 28.9030001988 28.9040001388 28.9040001988 28.9070001388 28.9070001988 28.9220001388 28.9220001988 28.9230001388 28.9230001988 28.9240001388 28.9240001988 28.9270001388 28.9270001988 28.9420001388 28.9420001988 28.9430001388 28.9430001988 28.9440001388 28.9440001988 28.9470001388 28.9470001988 28.9620001388 28.9620001988 28.9630001388 28.9630001988 28.9640001388 28.9640001988 28.9760001388 28.9760001988 28.9820001388 28.9820001988 28.9830001388 28.9830001988 28.9840001388 28.9840001988 28.9960001388 28.9960001988 29.0020001388 29.0020001988 29.0030001388 29.0030001988 29.0040001388 29.0040001988 29.0160001388 29.0160001988 29.0220001388 29.0220001988 29.0230001388 29.0230001988 29.0240001388 29.0240001988 29.0360001388 29.0360001988 29.0420001388 29.0420001988 29.0430001388 29.0430001988 29.0500001388 29.0500001988 29.0560001388 29.0560001988 29.0620001388 29.0620001988 29.0630001388 29.0630001988 29.0640001388 29.0640001988 29.0760001388 29.0760001988 29.0820001388 29.0820001988 29.0830001388 29.0830001988 29.0840001388 29.0840001988 29.0960001388 29.0960001988 29.1020001388 29.1020001988 29.1030001388 29.1030001988 29.1040001388 29.1040001988 29.1160001388 29.1160001988 29.1220001388 29.1220001988 29.1230001388 29.1230001988 29.1240001388 29.1240001988 29.1360001388 29.1360001988 29.1420001388 29.1420001988 29.1430001388 29.1430001988 29.1440001388 29.1440001988 29.1440002276 29.1440002876 29.1560001388 29.1560001988 29.1620001388 29.1620001988 29.1630001388 29.1630001988 29.1640001388 29.1640001988 29.1640002276 29.1640002876 29.1760001388 29.1760001988 29.1820001388 29.1820001988 29.1830001388 29.1830001988 29.1840001388 29.1840001988 29.1840002276 29.1840002876 29.1960001388 29.1960001988 29.2020001388 29.2020001988 29.2030001388 29.2030001988 29.2040001388 29.2040001988 29.2040002276 29.2040002876 29.2160001388 29.2160001988 29.2220001388 29.2220001988 29.2230001388 29.2230001988 29.2240001388 29.2240001988 29.2240002276 29.2240002876 29.2360001388 29.2360001988 29.2420001388 29.2420001988 29.2430001388 29.2430001988 29.2440001388 29.2440001988 29.2440002276 29.2440002876 29.2560001388 29.2560001988 29.2620001388 29.2620001988 29.2630001388 29.2630001988 29.2640001388 29.2640001988 29.2640002276 29.2640002876 29.2760001388 29.2760001988 29.2820001388 29.2820001988 29.2830001388 29.2830001988 29.2840001388 29.2840001988 29.2840002276 29.2840002876 29.2960001388 29.2960001988 29.3020001388 29.3020001988 29.3030001388 29.3030001988 29.3040001388 29.3040001988 29.3040002276 29.3040002876 29.3160001388 29.3160001988 29.3220001388 29.3220001988 29.3230001388 29.3230001988 29.3240001388 29.3240001988 29.3240002276 29.3240002876 29.3420001388 29.3420001988 29.3430001388 29.3430001988 29.3440001388 29.3440001988 29.3440002276 29.3440002876 29.3620001388 29.3620001988 29.3630001388 29.3630001988 29.3640001388 29.3640001988 29.3700001388 29.3700001988 29.3820001388 29.3820001988 29.3830001388 29.3830001988 29.3840001388 29.3840001988 29.3900001388 29.3900001988 29.4020001388 29.4020001988 29.4030001388 29.4030001988 29.4040001388 29.4040001988 29.4100001388 29.4100001988 29.4220001388 29.4220001988 29.4230001388 29.4230001988 29.4240001388 29.4240001988 29.4300001388 29.4300001988 29.4420001388 29.4420001988 29.4430001388 29.4430001988 29.4440001388 29.4440001988 29.4500001388 29.4500001988 29.4620001388 29.4620001988 29.4630001388 29.4630001988 29.4640001388 29.4640001988 29.4700001388 29.4700001988 29.4820001388 29.4820001988 29.4830001388 29.4830001988 29.4840001388 29.4840001988 29.4900001388 29.4900001988 29.5020001388 29.5020001988 29.5030001388 29.5030001988 29.5040001388 29.5040001988 29.5100001388 29.5100001988 29.5220001388 29.5220001988 29.5230001388 29.5230001988 29.5240001388 29.5240001988 29.5300001388 29.5300001988 29.5370001388 29.5370001988 29.5420001388 29.5420001988 29.5430001388 29.5430001988 29.5440001388 29.5440001988 29.5500001388 29.5500001988 29.5570001388 29.5570001988 29.5620001388 29.5620001988 29.5630001388 29.5630001988 29.5640001388 29.5640001988 29.5700001388 29.5700001988 29.5770001388 29.5770001988 29.5820001388 29.5820001988 29.5830001388 29.5830001988 29.5840001388 29.5840001988 29.5900001388 29.5900001988 29.5970001388 29.5970001988 29.6020001388 29.6020001988 29.6030001388 29.6030001988 29.6040001388 29.6040001988 29.6100001388 29.6100001988 29.6170001388 29.6170001988 29.6220001388 29.6220001988 29.6230001388 29.6230001988 29.6240001388 29.6240001988 29.6300001388 29.6300001988 29.6370001388 29.6370001988 29.6420001388 29.6420001988 29.6430001388 29.6430001988 29.6440001388 29.6440001988 29.6500001388 29.6500001988 29.6570001388 29.6570001988 29.6620001388 29.6620001988 29.6630001388 29.6630001988 29.6640001388 29.6640001988 29.6700001388 29.6700001988 29.6770001388 29.6770001988 29.6820001388 29.6820001988 29.6830001388 29.6830001988 29.6840001388 29.6840001988 29.6900001388 29.6900001988 29.6970001388 29.6970001988 29.7020001388 29.7020001988 29.7030001388 29.7030001988 29.7040001388 29.7040001988 29.7100001388 29.7100001988 29.7170001388 29.7170001988 29.7220001388 29.7220001988 29.7230001388 29.7230001988 29.7240001388 29.7240001988 29.7300001388 29.7300001988 29.7370001388 29.7370001988 29.7420001388 29.7420001988 29.7430001388 29.7430001988 29.7440001388 29.7440001988 29.7500001388 29.7500001988 29.7570001388 29.7570001988 29.7570002276 29.7570002876 29.7620001388 29.7620001988 29.7630001388 29.7630001988 29.7640001388 29.7640001988 29.7700001388 29.7700001988 29.7730001388 29.7730001988 29.7770001388 29.7770001988 29.7770002276 29.7770002876 29.7820001388 29.7820001988 29.7830001388 29.7830001988 29.7840001388 29.7840001988 29.7900001388 29.7900001988 29.7930001388 29.7930001988 29.7970001388 29.7970001988 29.7970002276 29.7970002876 29.8020001388 29.8020001988 29.8030001388 29.8030001988 29.8040001388 29.8040001988 29.8100001388 29.8100001988 29.8130001388 29.8130001988 29.8170001388 29.8170001988 29.8170002276 29.8170002876 29.8220001388 29.8220001988 29.8230001388 29.8230001988 29.8300001388 29.8300001988 29.8300002276 29.8300002876 29.8330001388 29.8330001988 29.8370001388 29.8370001988 29.8370002276 29.8370002876 29.8420001388 29.8420001988 29.8430001388 29.8430001988 29.8500001388 29.8500001988 29.8530001388 29.8530001988 29.8570001388 29.8570001988 29.8570002276 29.8570002876 29.8620001388 29.8620001988 29.8630001388 29.8630001988 29.8730001388 29.8730001988 29.8770001388 29.8770001988 29.8770002276 29.8770002876 29.8820001388 29.8820001988 29.8830001388 29.8830001988 29.8930001388 29.8930001988 29.8970001388 29.8970001988 29.8970002276 29.8970002876 29.9020001388 29.9020001988 29.9030001388 29.9030001988 29.9130001388 29.9130001988 29.9170001388 29.9170001988 29.9170002276 29.9170002876 29.9220001388 29.9220001988 29.9230001388 29.9230001988 29.9330001388 29.9330001988 29.9370001388 29.9370001988 29.9420001388 29.9420001988 29.9430001388 29.9430001988 29.9530001388 29.9530001988 29.9570001388 29.9570001988 29.9620001388 29.9620001988 29.9630001388 29.9630001988 29.9730001388 29.9730001988 29.9770001388 29.9770001988 29.9820001388 29.9820001988 29.9830001388 29.9830001988 29.9930001388 29.9930001988 29.9970001388 29.9970001988 30.0020001388 30.0020001988 30.0030001388 30.0030001988 30.0130001388 30.0130001988 30.0170001388 30.0170001988 30.0220001388 30.0220001988 30.0230001388 30.0230001988 30.0330001388 30.0330001988 30.0370001388 30.0370001988 30.0420001388 30.0420001988 30.0430001388 30.0430001988 30.0530001388 30.0530001988 30.0570001388 30.0570001988 30.0620001388 30.0620001988 30.0630001388 30.0630001988 30.0730001388 30.0730001988 30.0770001388 30.0770001988 30.0820001388 30.0820001988 30.0830001388 30.0830001988 30.0930001388 30.0930001988 30.0970001388 30.0970001988 30.1020001388 30.1020001988 30.1030001388 30.1030001988 30.1130001388 30.1130001988 30.1170001388 30.1170001988 30.1220001388 30.1220001988 30.1230001388 30.1230001988 30.1330001388 30.1330001988 30.1370001388 30.1370001988 30.1420001388 30.1420001988 30.1430001388 30.1430001988 30.1530001388 30.1530001988 30.1570001388 30.1570001988 30.1620001388 30.1620001988 30.1630001388 30.1630001988 30.1730001388 30.1730001988 30.1770001388 30.1770001988 30.1820001388 30.1820001988 30.1830001388 30.1830001988 30.1930001388 30.1930001988 30.1970001388 30.1970001988 30.2020001388 30.2020001988 30.2030001388 30.2030001988 30.2130001388 30.2130001988 30.2170001388 30.2170001988 30.2220001388 30.2220001988 30.2230001388 30.2230001988 30.2330001388 30.2330001988 30.2370001388 30.2370001988 30.2420001388 30.2420001988 30.2430001388 30.2430001988 30.2530001388 30.2530001988 30.2570001388 30.2570001988 30.2620001388 30.2620001988 30.2630001388 30.2630001988 30.2690001388 30.2690001988 30.2730001388 30.2730001988 30.2770001388 30.2770001988 30.2820001388 30.2820001988 30.2830001388 30.2830001988 30.2890001388 30.2890001988 30.2930001388 30.2930001988 30.2970001388 30.2970001988 30.3020001388 30.3020001988 30.3030001388 30.3030001988 30.3090001388 30.3090001988 30.3130001388 30.3130001988 30.3170001388 30.3170001988 30.3220001388 30.3220001988 30.3230001388 30.3230001988 30.3290001388 30.3290001988 30.3330001388 30.3330001988 30.3370001388 30.3370001988 30.3420001388 30.3420001988 30.3430001388 30.3430001988 30.3490001388 30.3490001988 30.3530001388 30.3530001988 30.3570001388 30.3570001988 30.3620001388 30.3620001988 30.3630001388 30.3630001988 30.3690001388 30.3690001988 30.3730001388 30.3730001988 30.3770001388 30.3770001988 30.3820001388 30.3820001988 30.3830001388 30.3830001988 30.3890001388 30.3890001988 30.3930001388 30.3930001988 30.3970001388 30.3970001988 30.4020001388 30.4020001988 30.4030001388 30.4030001988 30.4090001388 30.4090001988 30.4130001388 30.4130001988 30.4170001388 30.4170001988 30.4220001388 30.4220001988 30.4230001388 30.4230001988 30.4290001388 30.4290001988 30.4330001388 30.4330001988 30.4370001388 30.4370001988 30.4420001388 30.4420001988 30.4430001388 30.4430001988 30.4430002276 30.4430002876 30.4490001388 30.4490001988 30.4530001388 30.4530001988 30.4570001388 30.4570001988 30.4620001388 30.4620001988 30.4630001388 30.4630001988 30.4630002276 30.4630002876 30.4690001388 30.4690001988 30.4730001388 30.4730001988 30.4770001388 30.4770001988 30.4820001388 30.4820001988 30.4830001388 30.4830001988 30.4830002276 30.4830002876 30.4890001388 30.4890001988 30.4930001388 30.4930001988 30.4970001388 30.4970001988 30.5020001388 30.5020001988 30.5030001388 30.5030001988 30.5030002276 30.5030002876 30.5090001388 30.5090001988 30.5130001388 30.5130001988 30.5170001388 30.5170001988 30.5220001388 30.5220001988 30.5230001388 30.5230001988 30.5230002276 30.5230002876 30.5290001388 30.5290001988 30.5330001388 30.5330001988 30.5370001388 30.5370001988 30.5420001388 30.5420001988 30.5430001388 30.5430001988 30.5430002276 30.5430002876 30.5490001388 30.5490001988 30.5530001388 30.5530001988 30.5570001388 30.5570001988 30.5620001388 30.5620001988 30.5630001388 30.5630001988 30.5630002276 30.5630002876 30.5690001388 30.5690001988 30.5730001388 30.5730001988 30.5770001388 30.5770001988 30.5820001388 30.5820001988 30.5830001388 30.5830001988 30.5830002276 30.5830002876 30.5890001388 30.5890001988 30.5930001388 30.5930001988 30.5970001388 30.5970001988 30.6020001388 30.6020001988 30.6030001388 30.6030001988 30.6030002276 30.6030002876 30.6090001388 30.6090001988 30.6130001388 30.6130001988 30.6170001388 30.6170001988 30.6220001388 30.6220001988 30.6230001388 30.6230001988 30.6230002276 30.6230002876 30.6290001388 30.6290001988 30.6330001388 30.6330001988 30.6370001388 30.6370001988 30.6420001388 30.6420001988 30.6430001388 30.6430001988 30.6430002276 30.6430002876 30.6490001388 30.6490001988 30.6530001388 30.6530001988 30.6570001388 30.6570001988 30.6620001388 30.6620001988 30.6630001388 30.6630001988 30.6630002276 30.6630002876 30.6690001388 30.6690001988 30.6730001388 30.6730001988 30.6770001388 30.6770001988 30.6830001388 30.6830001988 30.6830002276 30.6830002876 30.6890001388 30.6890001988 30.6930001388 30.6930001988 30.6970001388 30.6970001988 30.7030001388 30.7030001988 30.7030002276 30.7030002876 30.7090001388 30.7090001988 30.7130001388 30.7130001988 30.7170001388 30.7170001988 30.7230001388 30.7230001988 30.7230002276 30.7230002876 30.7290001388 30.7290001988 30.7330001388 30.7330001988 30.7370001388 30.7370001988 30.7430001388 30.7430001988 30.7430002276 30.7430002876 30.7490001388 30.7490001988 30.7530001388 30.7530001988 30.7570001388 30.7570001988 30.7630001388 30.7630001988 30.7630002276 30.7630002876 30.7690001388 30.7690001988 30.7730001388 30.7730001988 30.7770001388 30.7770001988 30.7830001388 30.7830001988 30.7830002276 30.7830002876 30.7890001388 30.7890001988 30.7900001388 30.7900001988 30.7930001388 30.7930001988 30.7970001388 30.7970001988 30.8030001388 30.8030001988 30.8090001388 30.8090001988 30.8100001388 30.8100001988 30.8130001388 30.8130001988 30.8170001388 30.8170001988 30.8230001388 30.8230001988 30.8290001388 30.8290001988 30.8300001388 30.8300001988 30.8330001388 30.8330001988 30.8370001388 30.8370001988 30.8430001388 30.8430001988 30.8490001388 30.8490001988 30.8500001388 30.8500001988 30.8530001388 30.8530001988 30.8570001388 30.8570001988 30.8630001388 30.8630001988 30.8690001388 30.8690001988 30.8700001388 30.8700001988 30.8730001388 30.8730001988 30.8770001388 30.8770001988 30.8830001388 30.8830001988 30.8890001388 30.8890001988 30.8900001388 30.8900001988 30.8930001388 30.8930001988 30.8970001388 30.8970001988 30.9030001388 30.9030001988 30.9090001388 30.9090001988 30.9100001388 30.9100001988 30.9130001388 30.9130001988 30.9170001388 30.9170001988 30.9230001388 30.9230001988 30.9290001388 30.9290001988 30.9300001388 30.9300001988 30.9330001388 30.9330001988 30.9370001388 30.9370001988 30.9430001388 30.9430001988 30.9490001388 30.9490001988 30.9500001388 30.9500001988 30.9530001388 30.9530001988 30.9540001388 30.9540001988 30.9570001388 30.9570001988 30.9630001388 30.9630001988 30.9690001388 30.9690001988 30.9700001388 30.9700001988 30.9730001388 30.9730001988 30.9740001388 30.9740001988 30.9770001388 30.9770001988 30.9830001388 30.9830001988 30.9890001388 30.9890001988 30.9900001388 30.9900001988 30.9930001388 30.9930001988 30.9940001388 30.9940001988 30.9970001388 30.9970001988 31.0030001388 31.0030001988 31.0090001388 31.0090001988 31.0100001388 31.0100001988 31.0130001388 31.0130001988 31.0140001388 31.0140001988 31.0170001388 31.0170001988 31.0230001388 31.0230001988 31.0290001388 31.0290001988 31.0300001388 31.0300001988 31.0330001388 31.0330001988 31.0340001388 31.0340001988 31.0370001388 31.0370001988 31.0430001388 31.0430001988 31.0490001388 31.0490001988 31.0500001388 31.0500001988 31.0530001388 31.0530001988 31.0540001388 31.0540001988 31.0570001388 31.0570001988 31.0630001388 31.0630001988 31.0690001388 31.0690001988 31.0700001388 31.0700001988 31.0730001388 31.0730001988 31.0740001388 31.0740001988 31.0770001388 31.0770001988 31.0830001388 31.0830001988 31.0890001388 31.0890001988 31.0900001388 31.0900001988 31.0930001388 31.0930001988 31.0940001388 31.0940001988 31.0970001388 31.0970001988 31.1030001388 31.1030001988 31.1090001388 31.1090001988 31.1100001388 31.1100001988 31.1130001388 31.1130001988 31.1140001388 31.1140001988 31.1230001388 31.1230001988 31.1290001388 31.1290001988 31.1300001388 31.1300001988 31.1330001388 31.1330001988 31.1340001388 31.1340001988 31.1430001388 31.1430001988 31.1490001388 31.1490001988 31.1500001388 31.1500001988 31.1530001388 31.1530001988 31.1540001388 31.1540001988 31.1630001388 31.1630001988 31.1690001388 31.1690001988 31.1700001388 31.1700001988 31.1730001388 31.1730001988 31.1740001388 31.1740001988 31.1830001388 31.1830001988 31.1890001388 31.1890001988 31.1900001388 31.1900001988 31.1930001388 31.1930001988 31.1940001388 31.1940001988 31.2030001388 31.2030001988 31.2090001388 31.2090001988 31.2100001388 31.2100001988 31.2130001388 31.2130001988 31.2140001388 31.2140001988 31.2230001388 31.2230001988 31.2290001388 31.2290001988 31.2300001388 31.2300001988 31.2330001388 31.2330001988 31.2340001388 31.2340001988 31.2430001388 31.2430001988 31.2490001388 31.2490001988 31.2500001388 31.2500001988 31.2530001388 31.2530001988 31.2540001388 31.2540001988 31.2630001388 31.2630001988 31.2690001388 31.2690001988 31.2700001388 31.2700001988 31.2730001388 31.2730001988 31.2740001388 31.2740001988 31.2830001388 31.2830001988 31.2890001388 31.2890001988 31.2900001388 31.2900001988 31.2930001388 31.2930001988 31.2940001388 31.2940001988 31.3030001388 31.3030001988 31.3090001388 31.3090001988 31.3100001388 31.3100001988 31.3130001388 31.3130001988 31.3140001388 31.3140001988 31.3230001388 31.3230001988 31.3290001388 31.3290001988 31.3300001388 31.3300001988 31.3330001388 31.3330001988 31.3340001388 31.3340001988 31.3430001388 31.3430001988 31.3490001388 31.3490001988 31.3500001388 31.3500001988 31.3530001388 31.3530001988 31.3540001388 31.3540001988 31.3580001388 31.3580001988 31.3630001388 31.3630001988 31.3690001388 31.3690001988 31.3700001388 31.3700001988 31.3730001388 31.3730001988 31.3740001388 31.3740001988 31.3780001388 31.3780001988 31.3830001388 31.3830001988 31.3890001388 31.3890001988 31.3900001388 31.3900001988 31.3930001388 31.3930001988 31.3940001388 31.3940001988 31.3980001388 31.3980001988 31.4030001388 31.4030001988 31.4090001388 31.4090001988 31.4100001388 31.4100001988 31.4130001388 31.4130001988 31.4140001388 31.4140001988 31.4180001388 31.4180001988 31.4230001388 31.4230001988 31.4290001388 31.4290001988 31.4300001388 31.4300001988 31.4330001388 31.4330001988 31.4340001388 31.4340001988 31.4380001388 31.4380001988 31.4430001388 31.4430001988 31.4490001388 31.4490001988 31.4500001388 31.4500001988 31.4530001388 31.4530001988 31.4540001388 31.4540001988 31.4580001388 31.4580001988 31.4630001388 31.4630001988 31.4690001388 31.4690001988 31.4700001388 31.4700001988 31.4730001388 31.4730001988 31.4740001388 31.4740001988 31.4780001388 31.4780001988 31.4830001388 31.4830001988 31.4890001388 31.4890001988 31.4900001388 31.4900001988 31.4930001388 31.4930001988 31.4940001388 31.4940001988 31.4980001388 31.4980001988 31.5030001388 31.5030001988 31.5090001388 31.5090001988 31.5100001388 31.5100001988 31.5130001388 31.5130001988 31.5140001388 31.5140001988 31.5180001388 31.5180001988 31.5230001388 31.5230001988 31.5290001388 31.5290001988 31.5300001388 31.5300001988 31.5330001388 31.5330001988 31.5380001388 31.5380001988 31.5430001388 31.5430001988 31.5490001388 31.5490001988 31.5500001388 31.5500001988 31.5530001388 31.5530001988 31.5580001388 31.5580001988 31.5630001388 31.5630001988 31.5690001388 31.5690001988 31.5700001388 31.5700001988 31.5730001388 31.5730001988 31.5780001388 31.5780001988 31.5830001388 31.5830001988 31.5890001388 31.5890001988 31.5900001388 31.5900001988 31.5930001388 31.5930001988 31.5980001388 31.5980001988 31.6030001388 31.6030001988 31.6090001388 31.6090001988 31.6100001388 31.6100001988 31.6130001388 31.6130001988 31.6180001388 31.6180001988 31.6230001388 31.6230001988 31.6290001388 31.6290001988 31.6300001388 31.6300001988 31.6330001388 31.6330001988 31.6380001388 31.6380001988 31.6430001388 31.6430001988 31.6490001388 31.6490001988 31.6500001388 31.6500001988 31.6530001388 31.6530001988 31.6580001388 31.6580001988 31.6630001388 31.6630001988 31.6690001388 31.6690001988 31.6700001388 31.6700001988 31.6730001388 31.6730001988 31.6780001388 31.6780001988 31.6830001388 31.6830001988 31.6890001388 31.6890001988 31.6900001388 31.6900001988 31.6930001388 31.6930001988 31.6980001388 31.6980001988 31.7030001388 31.7030001988 31.7090001388 31.7090001988 31.7100001388 31.7100001988 31.7230001388 31.7230001988 31.7290001388 31.7290001988 31.7300001388 31.7300001988 31.7430001388 31.7430001988 31.7490001388 31.7490001988 31.7500001388 31.7500001988 31.7630001388 31.7630001988 31.7690001388 31.7690001988 31.7700001388 31.7700001988 31.7830001388 31.7830001988 31.7890001388 31.7890001988 31.7900001388 31.7900001988 31.8030001388 31.8030001988 31.8090001388 31.8090001988 31.8100001388 31.8100001988 31.8230001388 31.8230001988 31.8290001388 31.8290001988 31.8300001388 31.8300001988 31.8430001388 31.8430001988 31.8490001388 31.8490001988 31.8500001388 31.8500001988 31.8600001388 31.8600001988 31.8630001388 31.8630001988 31.8690001388 31.8690001988 31.8700001388 31.8700001988 31.8800001388 31.8800001988 31.8830001388 31.8830001988 31.8890001388 31.8890001988 31.8900001388 31.8900001988 31.9000001388 31.9000001988 31.9030001388 31.9030001988 31.9090001388 31.9090001988 31.9100001388 31.9100001988 31.9200001388 31.9200001988 31.9230001388 31.9230001988 31.9290001388 31.9290001988 31.9300001388 31.9300001988 31.9400001388 31.9400001988 31.9430001388 31.9430001988 31.9490001388 31.9490001988 31.9500001388 31.9500001988 31.9600001388 31.9600001988 31.9630001388 31.9630001988 31.9690001388 31.9690001988 31.9700001388 31.9700001988 31.9800001388 31.9800001988 31.9830001388 31.9830001988 31.9890001388 31.9890001988 31.9900001388 31.9900001988 32.0000001388 32.0000001988 32.0030001388 32.0030001988 32.0090001388 32.0090001988 32.0100001388 32.0100001988 32.0200001388 32.0200001988 32.0230001388 32.0230001988 32.0290001388 32.0290001988 32.0300001388 32.0300001988 32.0400001388 32.0400001988 32.0430001388 32.0430001988 32.0490001388 32.0490001988 32.0500001388 32.0500001988 32.0600001388 32.0600001988 32.0630001388 32.0630001988 32.0690001388 32.0690001988 32.0700001388 32.0700001988 32.0800001388 32.0800001988 32.0830001388 32.0830001988 32.0890001388 32.0890001988 32.0900001388 32.0900001988 32.1000001388 32.1000001988 32.1030001388 32.1030001988 32.1100001388 32.1100001988 32.1150001388 32.1150001988 32.1200001388 32.1200001988 32.1230001388 32.1230001988 32.1290001388 32.1290001988 32.1300001388 32.1300001988 32.1400001388 32.1400001988 32.1430001388 32.1430001988 32.1490001388 32.1490001988 32.1500001388 32.1500001988 32.1600001388 32.1600001988 32.1630001388 32.1630001988 32.1690001388 32.1690001988 32.1700001388 32.1700001988 32.1800001388 32.1800001988 32.1830001388 32.1830001988 32.1890001388 32.1890001988 32.1900001388 32.1900001988 32.2000001388 32.2000001988 32.2030001388 32.2030001988 32.2090001388 32.2090001988 32.2100001388 32.2100001988 32.2200001388 32.2200001988 32.2230001388 32.2230001988 32.2290001388 32.2290001988 32.2300001388 32.2300001988 32.2400001388 32.2400001988 32.2430001388 32.2430001988 32.2490001388 32.2490001988 32.2500001388 32.2500001988 32.2600001388 32.2600001988 32.2630001388 32.2630001988 32.2690001388 32.2690001988 32.2700001388 32.2700001988 32.2800001388 32.2800001988 32.2830001388 32.2830001988 32.2890001388 32.2890001988 32.2900001388 32.2900001988 32.3000001388 32.3000001988 32.3030001388 32.3030001988 32.3090001388 32.3090001988 32.3100001388 32.3100001988 32.3200001388 32.3200001988 32.3230001388 32.3230001988 32.3290001388 32.3290001988 32.3300001388 32.3300001988 32.3400001388 32.3400001988 32.3430001388 32.3430001988 32.3490001388 32.3490001988 32.3500001388 32.3500001988 32.3600001388 32.3600001988 32.3630001388 32.3630001988 32.3690001388 32.3690001988 32.3700001388 32.3700001988 32.3800001388 32.3800001988 32.3830001388 32.3830001988 32.3890001388 32.3890001988 32.3900001388 32.3900001988 32.4000001388 32.4000001988 32.4030001388 32.4030001988 32.4090001388 32.4090001988 32.4100001388 32.4100001988 32.4200001388 32.4200001988 32.4230001388 32.4230001988 32.4290001388 32.4290001988 32.4300001388 32.4300001988 32.4400001388 32.4400001988 32.4430001388 32.4430001988 32.4490001388 32.4490001988 32.4500001388 32.4500001988 32.4600001388 32.4600001988 32.4630001388 32.4630001988 32.4690001388 32.4690001988 32.4700001388 32.4700001988 32.4800001388 32.4800001988 32.4830001388 32.4830001988 32.4890001388 32.4890001988 32.4900001388 32.4900001988 32.5000001388 32.5000001988 32.5030001388 32.5030001988 32.5090001388 32.5090001988 32.5100001388 32.5100001988 32.5200001388 32.5200001988 32.5230001388 32.5230001988 32.5290001388 32.5290001988 32.5300001388 32.5300001988 32.5400001388 32.5400001988 32.5430001388 32.5430001988 32.5490001388 32.5490001988 32.5500001388 32.5500001988 32.5600001388 32.5600001988 32.5630001388 32.5630001988 32.5690001388 32.5690001988 32.5700001388 32.5700001988 32.5800001388 32.5800001988 32.5830001388 32.5830001988 32.5890001388 32.5890001988 32.5900001388 32.5900001988 32.5920001388 32.5920001988 32.6000001388 32.6000001988 32.6030001388 32.6030001988 32.6090001388 32.6090001988 32.6100001388 32.6100001988 32.6120001388 32.6120001988 32.6200001388 32.6200001988 32.6230001388 32.6230001988 32.6290001388 32.6290001988 32.6300001388 32.6300001988 32.6320001388 32.6320001988 32.6400001388 32.6400001988 32.6430001388 32.6430001988 32.6490001388 32.6490001988 32.6500001388 32.6500001988 32.6520001388 32.6520001988 32.6600001388 32.6600001988 32.6630001388 32.6630001988 32.6690001388 32.6690001988 32.6700001388 32.6700001988 32.6720001388 32.6720001988 32.6830001388 32.6830001988 32.6890001388 32.6890001988 32.6900001388 32.6900001988 32.6920001388 32.6920001988 32.7030001388 32.7030001988 32.7090001388 32.7090001988 32.7100001388 32.7100001988 32.7120001388 32.7120001988 32.7230001388 32.7230001988 32.7290001388 32.7290001988 32.7320001388 32.7320001988 32.7430001388 32.7430001988 32.7490001388 32.7490001988 32.7520001388 32.7520001988 32.7630001388 32.7630001988 32.7690001388 32.7690001988 32.7720001388 32.7720001988 32.7830001388 32.7830001988 32.7890001388 32.7890001988 32.7920001388 32.7920001988 32.8030001388 32.8030001988 32.8090001388 32.8090001988 32.8230001388 32.8230001988 32.8290001388 32.8290001988 32.8430001388 32.8430001988 32.8490001388 32.8490001988 32.8630001388 32.8630001988 32.8670001388 32.8670001988 32.8690001388 32.8690001988 32.8830001388 32.8830001988 32.8870001388 32.8870001988 32.8890001388 32.8890001988 32.9030001388 32.9030001988 32.9070001388 32.9070001988 32.9090001388 32.9090001988 32.9270001388 32.9270001988 32.9290001388 32.9290001988 32.9450001388 32.9450001988 32.9470001388 32.9470001988 32.9490001388 32.9490001988 32.9650001388 32.9650001988 32.9670001388 32.9670001988 32.9690001388 32.9690001988 32.9850001388 32.9850001988 32.9870001388 32.9870001988 32.9890001388 32.9890001988 33.0050001388 33.0050001988 33.0070001388 33.0070001988 33.0090001388 33.0090001988 33.0250001388 33.0250001988 33.0270001388 33.0270001988 33.0290001388 33.0290001988 33.0450001388 33.0450001988 33.0470001388 33.0470001988 33.0490001388 33.0490001988 33.0650001388 33.0650001988 33.0670001388 33.0670001988 33.0690001388 33.0690001988 33.0850001388 33.0850001988 33.0870001388 33.0870001988 33.0890001388 33.0890001988 33.1050001388 33.1050001988 33.1070001388 33.1070001988 33.1090001388 33.1090001988 33.1250001388 33.1250001988 33.1270001388 33.1270001988 33.1290001388 33.1290001988 33.1450001388 33.1450001988 33.1470001388 33.1470001988 33.1490001388 33.1490001988 33.1650001388 33.1650001988 33.1670001388 33.1670001988 33.1690001388 33.1690001988 33.1850001388 33.1850001988 33.1870001388 33.1870001988 33.1890001388 33.1890001988 33.2070001388 33.2070001988 33.2090001388 33.2090001988 33.2270001388 33.2270001988 33.2290001388 33.2290001988 33.2470001388 33.2470001988 33.2490001388 33.2490001988 33.2670001388 33.2670001988 33.2690001388 33.2690001988 33.2870001388 33.2870001988 33.2890001388 33.2890001988 33.3070001388 33.3070001988 33.3090001388 33.3090001988 33.3270001388 33.3270001988 33.3290001388 33.3290001988 33.3470001388 33.3470001988 33.3610001388 33.3610001988 33.3670001388 33.3670001988 33.3810001388 33.3810001988 33.3870001388 33.3870001988 33.4010001388 33.4010001988 33.4030001388 33.4030001988 33.4070001388 33.4070001988 33.4210001388 33.4210001988 33.4230001388 33.4230001988 33.4230001988 33.4230002588 33.4270001388 33.4270001988 33.4410001388 33.4410001988 33.4430001388 33.4430001988 33.4430001988 33.4430002588 33.4470001388 33.4470001988 33.4610001388 33.4610001988 33.4630001388 33.4630001988 33.4630001988 33.4630002588 33.4670001388 33.4670001988 33.4810001388 33.4810001988 33.4830001388 33.4830001988 33.4830001988 33.4830002588 33.4870001388 33.4870001988 33.5010001388 33.5010001988 33.5030001388 33.5030001988 33.5030001988 33.5030002588 33.5070001388 33.5070001988 33.5210001388 33.5210001988 33.5230001388 33.5230001988 33.5230001988 33.5230002588 33.5270001388 33.5270001988 33.5410001388 33.5410001988 33.5430001388 33.5430001988 33.5430001988 33.5430002588 33.5470001388 33.5470001988 33.5480001388 33.5480001988 33.5610001388 33.5610001988 33.5630001388 33.5630001988 33.5630001988 33.5630002588 33.5660001388 33.5660001988 33.5670001388 33.5670001988 33.5680001388 33.5680001988 33.5810001388 33.5810001988 33.5830001388 33.5830001988 33.5830001988 33.5830002588 33.5860001388 33.5860001988 33.5870001388 33.5870001988 33.5880001388 33.5880001988 33.5980001388 33.5980001988 33.6010001388 33.6010001988 33.6030001388 33.6030001988 33.6030001988 33.6030002588 33.6060001388 33.6060001988 33.6070001388 33.6070001988 33.6080001388 33.6080001988 33.6180001388 33.6180001988 33.6210001388 33.6210001988 33.6230001388 33.6230001988 33.6230001988 33.6230002588 33.6260001388 33.6260001988 33.6270001388 33.6270001988 33.6280001388 33.6280001988 33.6380001388 33.6380001988 33.6410001388 33.6410001988 33.6430001388 33.6430001988 33.6430001988 33.6430002588 33.6460001388 33.6460001988 33.6470001388 33.6470001988 33.6480001388 33.6480001988 33.6580001388 33.6580001988 33.6610001388 33.6610001988 33.6630001388 33.6630001988 33.6630001988 33.6630002588 33.6660001388 33.6660001988 33.6670001388 33.6670001988 33.6680001388 33.6680001988 33.6780001388 33.6780001988 33.6810001388 33.6810001988 33.6830001388 33.6830001988 33.6830001988 33.6830002588 33.6860001388 33.6860001988 33.6870001388 33.6870001988 33.6880001388 33.6880001988 33.6980001388 33.6980001988 33.7010001388 33.7010001988 33.7030001388 33.7030001988 33.7030001988 33.7030002588 33.7060001388 33.7060001988 33.7070001388 33.7070001988 33.7080001388 33.7080001988 33.7180001388 33.7180001988 33.7210001388 33.7210001988 33.7230001388 33.7230001988 33.7230001988 33.7230002588 33.7260001388 33.7260001988 33.7270001388 33.7270001988 33.7280001388 33.7280001988 33.7380001388 33.7380001988 33.7410001388 33.7410001988 33.7430001388 33.7430001988 33.7430001988 33.7430002588 33.7460001388 33.7460001988 33.7470001388 33.7470001988 33.7480001388 33.7480001988 33.7580001388 33.7580001988 33.7610001388 33.7610001988 33.7630001388 33.7630001988 33.7630001988 33.7630002588 33.7660001388 33.7660001988 33.7670001388 33.7670001988 33.7680001388 33.7680001988 33.7780001388 33.7780001988 33.7810001388 33.7810001988 33.7830001388 33.7830001988 33.7830001988 33.7830002588 33.7860001388 33.7860001988 33.7870001388 33.7870001988 33.7880001388 33.7880001988 33.7980001388 33.7980001988 33.8010001388 33.8010001988 33.8030001388 33.8030001988 33.8030001988 33.8030002588 33.8060001388 33.8060001988 33.8070001388 33.8070001988 33.8080001388 33.8080001988 33.8180001388 33.8180001988 33.8210001388 33.8210001988 33.8230001388 33.8230001988 33.8230001988 33.8230002588 33.8260001388 33.8260001988 33.8270001388 33.8270001988 33.8280001388 33.8280001988 33.8380001388 33.8380001988 33.8410001388 33.8410001988 33.8430001388 33.8430001988 33.8430001988 33.8430002588 33.8460001388 33.8460001988 33.8470001388 33.8470001988 33.8480001388 33.8480001988 33.8580001388 33.8580001988 33.8610001388 33.8610001988 33.8630001388 33.8630001988 33.8630001988 33.8630002588 33.8660001388 33.8660001988 33.8670001388 33.8670001988 33.8680001388 33.8680001988 33.8780001388 33.8780001988 33.8810001388 33.8810001988 33.8830001388 33.8830001988 33.8830001988 33.8830002588 33.8860001388 33.8860001988 33.8870001388 33.8870001988 33.8880001388 33.8880001988 33.8980001388 33.8980001988 33.9010001388 33.9010001988 33.9030001388 33.9030001988 33.9030001988 33.9030002588 33.9060001388 33.9060001988 33.9070001388 33.9070001988 33.9080001388 33.9080001988 33.9180001388 33.9180001988 33.9210001388 33.9210001988 33.9230001388 33.9230001988 33.9230001988 33.9230002588 33.9260001388 33.9260001988 33.9270001388 33.9270001988 33.9280001388 33.9280001988 33.9380001388 33.9380001988 33.9410001388 33.9410001988 33.9430001388 33.9430001988 33.9430001988 33.9430002588 33.9460001388 33.9460001988 33.9470001388 33.9470001988 33.9480001388 33.9480001988 33.9580001388 33.9580001988 33.9610001388 33.9610001988 33.9630001388 33.9630001988 33.9630001988 33.9630002588 33.9660001388 33.9660001988 33.9670001388 33.9670001988 33.9680001388 33.9680001988 33.9780001388 33.9780001988 33.9810001388 33.9810001988 33.9830001388 33.9830001988 33.9830001988 33.9830002588 33.9860001388 33.9860001988 33.9870001388 33.9870001988 33.9880001388 33.9880001988 33.9980001388 33.9980001988 34.0010001388 34.0010001988 34.0030001388 34.0030001988 34.0030001988 34.0030002588 34.0060001388 34.0060001988 34.0070001388 34.0070001988 34.0080001388 34.0080001988 34.0180001388 34.0180001988 34.0210001388 34.0210001988 34.0230001388 34.0230001988 34.0230001988 34.0230002588 34.0260001388 34.0260001988 34.0270001388 34.0270001988 34.0280001388 34.0280001988 34.0380001388 34.0380001988 34.0410001388 34.0410001988 34.0430001388 34.0430001988 34.0460001388 34.0460001988 34.0470001388 34.0470001988 34.0480001388 34.0480001988 34.0580001388 34.0580001988 34.0610001388 34.0610001988 34.0630001388 34.0630001988 34.0660001388 34.0660001988 34.0670001388 34.0670001988 34.0680001388 34.0680001988 34.0780001388 34.0780001988 34.0810001388 34.0810001988 34.0830001388 34.0830001988 34.0860001388 34.0860001988 34.0870001388 34.0870001988 34.0880001388 34.0880001988 34.0980001388 34.0980001988 34.1010001388 34.1010001988 34.1030001388 34.1030001988 34.1060001388 34.1060001988 34.1070001388 34.1070001988 34.1080001388 34.1080001988 34.1180001388 34.1180001988 34.1210001388 34.1210001988 34.1230001388 34.1230001988 34.1260001388 34.1260001988 34.1270001388 34.1270001988 34.1280001388 34.1280001988 34.1380001388 34.1380001988 34.1410001388 34.1410001988 34.1430001388 34.1430001988 34.1460001388 34.1460001988 34.1470001388 34.1470001988 34.1480001388 34.1480001988 34.1580001388 34.1580001988 34.1610001388 34.1610001988 34.1630001388 34.1630001988 34.1660001388 34.1660001988 34.1670001388 34.1670001988 34.1680001388 34.1680001988 34.1780001388 34.1780001988 34.1810001388 34.1810001988 34.1830001388 34.1830001988 34.1860001388 34.1860001988 34.1870001388 34.1870001988 34.1880001388 34.1880001988 34.1980001388 34.1980001988 34.2010001388 34.2010001988 34.2030001388 34.2030001988 34.2060001388 34.2060001988 34.2070001388 34.2070001988 34.2080001388 34.2080001988 34.2180001388 34.2180001988 34.2210001388 34.2210001988 34.2230001388 34.2230001988 34.2260001388 34.2260001988 34.2270001388 34.2270001988 34.2280001388 34.2280001988 34.2380001388 34.2380001988 34.2410001388 34.2410001988 34.2430001388 34.2430001988 34.2460001388 34.2460001988 34.2470001388 34.2470001988 34.2480001388 34.2480001988 34.2580001388 34.2580001988 34.2610001388 34.2610001988 34.2630001388 34.2630001988 34.2660001388 34.2660001988 34.2670001388 34.2670001988 34.2680001388 34.2680001988 34.2780001388 34.2780001988 34.2810001388 34.2810001988 34.2830001388 34.2830001988 34.2860001388 34.2860001988 34.2870001388 34.2870001988 34.2880001388 34.2880001988 34.2980001388 34.2980001988 34.3010001388 34.3010001988 34.3030001388 34.3030001988 34.3060001388 34.3060001988 34.3080001388 34.3080001988 34.3130001388 34.3130001988 34.3180001388 34.3180001988 34.3210001388 34.3210001988 34.3230001388 34.3230001988 34.3260001388 34.3260001988 34.3270001388 34.3270001988 34.3280001388 34.3280001988 34.3380001388 34.3380001988 34.3410001388 34.3410001988 34.3430001388 34.3430001988 34.3460001388 34.3460001988 34.3470001388 34.3470001988 34.3480001388 34.3480001988 34.3580001388 34.3580001988 34.3610001388 34.3610001988 34.3630001388 34.3630001988 34.3660001388 34.3660001988 34.3670001388 34.3670001988 34.3680001388 34.3680001988 34.3780001388 34.3780001988 34.3810001388 34.3810001988 34.3830001388 34.3830001988 34.3860001388 34.3860001988 34.3870001388 34.3870001988 34.3880001388 34.3880001988 34.3980001388 34.3980001988 34.4010001388 34.4010001988 34.4030001388 34.4030001988 34.4060001388 34.4060001988 34.4070001388 34.4070001988 34.4080001388 34.4080001988 34.4180001388 34.4180001988 34.4210001388 34.4210001988 34.4230001388 34.4230001988 34.4260001388 34.4260001988 34.4270001388 34.4270001988 34.4280001388 34.4280001988 34.4380001388 34.4380001988 34.4410001388 34.4410001988 34.4430001388 34.4430001988 34.4460001388 34.4460001988 34.4470001388 34.4470001988 34.4480001388 34.4480001988 34.4580001388 34.4580001988 34.4610001388 34.4610001988 34.4630001388 34.4630001988 34.4660001388 34.4660001988 34.4670001388 34.4670001988 34.4680001388 34.4680001988 34.4780001388 34.4780001988 34.4810001388 34.4810001988 34.4830001388 34.4830001988 34.4860001388 34.4860001988 34.4870001388 34.4870001988 34.4880001388 34.4880001988 34.4980001388 34.4980001988 34.5010001388 34.5010001988 34.5030001388 34.5030001988 34.5060001388 34.5060001988 34.5070001388 34.5070001988 34.5080001388 34.5080001988 34.5110001388 34.5110001988 34.5180001388 34.5180001988 34.5210001388 34.5210001988 34.5230001388 34.5230001988 34.5260001388 34.5260001988 34.5270001388 34.5270001988 34.5280001388 34.5280001988 34.5310001388 34.5310001988 34.5410001388 34.5410001988 34.5430001388 34.5430001988 34.5460001388 34.5460001988 34.5470001388 34.5470001988 34.5480001388 34.5480001988 34.5510001388 34.5510001988 34.5610001388 34.5610001988 34.5630001388 34.5630001988 34.5660001388 34.5660001988 34.5670001388 34.5670001988 34.5680001388 34.5680001988 34.5710001388 34.5710001988 34.5810001388 34.5810001988 34.5830001388 34.5830001988 34.5870001388 34.5870001988 34.5880001388 34.5880001988 34.5910001388 34.5910001988 34.6010001388 34.6010001988 34.6030001388 34.6030001988 34.6070001388 34.6070001988 34.6080001388 34.6080001988 34.6110001388 34.6110001988 34.6210001388 34.6210001988 34.6230001388 34.6230001988 34.6270001388 34.6270001988 34.6280001388 34.6280001988 34.6310001388 34.6310001988 34.6410001388 34.6410001988 34.6430001388 34.6430001988 34.6470001388 34.6470001988 34.6480001388 34.6480001988 34.6510001388 34.6510001988 34.6610001388 34.6610001988 34.6630001388 34.6630001988 34.6670001388 34.6670001988 34.6680001388 34.6680001988 34.6710001388 34.6710001988 34.6810001388 34.6810001988 34.6830001388 34.6830001988 34.6870001388 34.6870001988 34.6880001388 34.6880001988 34.6910001388 34.6910001988 34.7010001388 34.7010001988 34.7030001388 34.7030001988 34.7070001388 34.7070001988 34.7080001388 34.7080001988 34.7110001388 34.7110001988 34.7210001388 34.7210001988 34.7270001388 34.7270001988 34.7280001388 34.7280001988 34.7310001388 34.7310001988 34.7410001388 34.7410001988 34.7470001388 34.7470001988 34.7480001388 34.7480001988 34.7510001388 34.7510001988 34.7610001388 34.7610001988 34.7670001388 34.7670001988 34.7680001388 34.7680001988 34.7710001388 34.7710001988 34.7810001388 34.7810001988 34.7870001388 34.7870001988 34.7880001388 34.7880001988 34.7910001388 34.7910001988 34.8010001388 34.8010001988 34.8070001388 34.8070001988 34.8080001388 34.8080001988 34.8110001388 34.8110001988 34.8210001388 34.8210001988 34.8270001388 34.8270001988 34.8280001388 34.8280001988 34.8310001388 34.8310001988 34.8410001388 34.8410001988 34.8470001388 34.8470001988 34.8480001388 34.8480001988 34.8510001388 34.8510001988 34.8610001388 34.8610001988 34.8670001388 34.8670001988 34.8680001388 34.8680001988 34.8710001388 34.8710001988 34.8810001388 34.8810001988 34.8870001388 34.8870001988 34.8880001388 34.8880001988 34.8910001388 34.8910001988 34.9010001388 34.9010001988 34.9070001388 34.9070001988 34.9080001388 34.9080001988 34.9110001388 34.9110001988 34.9210001388 34.9210001988 34.9270001388 34.9270001988 34.9280001388 34.9280001988 34.9310001388 34.9310001988 34.9410001388 34.9410001988 34.9470001388 34.9470001988 34.9480001388 34.9480001988 34.9510001388 34.9510001988 34.9610001388 34.9610001988 34.9670001388 34.9670001988 34.9680001388 34.9680001988 34.9710001388 34.9710001988 34.9810001388 34.9810001988 34.9870001388 34.9870001988 34.9880001388 34.9880001988 34.9910001388 34.9910001988 35.0010001388 35.0010001988 35.0070001388 35.0070001988 35.0080001388 35.0080001988 35.0110001388 35.0110001988 35.0210001388 35.0210001988 35.0280001388 35.0280001988 35.0310001388 35.0310001988 35.0410001388 35.0410001988 35.0480001388 35.0480001988 35.0510001388 35.0510001988 35.0610001388 35.0610001988 35.0640001388 35.0640001988 35.0640002276 35.0640002876 35.0640003164 35.0640003764 35.0680001388 35.0680001988 35.0710001388 35.0710001988 35.0810001388 35.0810001988 35.0870001388 35.0870001988 35.0880001388 35.0880001988 35.0910001388 35.0910001988 35.1010001388 35.1010001988 35.1070001388 35.1070001988 35.1080001388 35.1080001988 35.1110001388 35.1110001988 35.1210001388 35.1210001988 35.1270001388 35.1270001988 35.1280001388 35.1280001988 35.1310001388 35.1310001988 35.1410001388 35.1410001988 35.1470001388 35.1470001988 35.1470001988 35.1470002588 35.1480001388 35.1480001988 35.1510001388 35.1510001988 35.1610001388 35.1610001988 35.1670001388 35.1670001988 35.1670001988 35.1670002588 35.1680001388 35.1680001988 35.1710001388 35.1710001988 35.1810001388 35.1810001988 35.1870001388 35.1870001988 35.1870001988 35.1870002588 35.1880001388 35.1880001988 35.1910001388 35.1910001988 35.2010001388 35.2010001988 35.2070001388 35.2070001988 35.2070001988 35.2070002588 35.2080001388 35.2080001988 35.2110001388 35.2110001988 35.2210001388 35.2210001988 35.2270001388 35.2270001988 35.2270001988 35.2270002588 35.2280001388 35.2280001988 35.2310001388 35.2310001988 35.2410001388 35.2410001988 35.2470001388 35.2470001988 35.2470001988 35.2470002588 35.2480001388 35.2480001988 35.2510001388 35.2510001988 35.2610001388 35.2610001988 35.2670001388 35.2670001988 35.2670001988 35.2670002588 35.2680001388 35.2680001988 35.2710001388 35.2710001988 35.2810001388 35.2810001988 35.2870001388 35.2870001988 35.2870001988 35.2870002588 35.2880001388 35.2880001988 35.2910001388 35.2910001988 35.3010001388 35.3010001988 35.3070001388 35.3070001988 35.3070001988 35.3070002588 35.3080001388 35.3080001988 35.3110001388 35.3110001988 35.3210001388 35.3210001988 35.3270001388 35.3270001988 35.3270001988 35.3270002588 35.3280001388 35.3280001988 35.3310001388 35.3310001988 35.3410001388 35.3410001988 35.3470001388 35.3470001988 35.3470001988 35.3470002588 35.3480001388 35.3480001988 35.3510001388 35.3510001988 35.3610001388 35.3610001988 35.3670001388 35.3670001988 35.3670001988 35.3670002588 35.3710001388 35.3710001988 35.3810001388 35.3810001988 35.3870001388 35.3870001988 35.3870001988 35.3870002588 35.3910001388 35.3910001988 35.4010001388 35.4010001988 35.4070001388 35.4070001988 35.4070001988 35.4070002588 35.4110001388 35.4110001988 35.4210001388 35.4210001988 35.4270001388 35.4270001988 35.4270001988 35.4270002588 35.4310001388 35.4310001988 35.4410001388 35.4410001988 35.4470001388 35.4470001988 35.4470001988 35.4470002588 35.4510001388 35.4510001988 35.4610001388 35.4610001988 35.4670001388 35.4670001988 35.4670001988 35.4670002588 35.4710001388 35.4710001988 35.4810001388 35.4810001988 35.4870001388 35.4870001988 35.4870001988 35.4870002588 35.4910001388 35.4910001988 35.5010001388 35.5010001988 35.5070001388 35.5070001988 35.5070001988 35.5070002588 35.5110001388 35.5110001988 35.5210001388 35.5210001988 35.5270001388 35.5270001988 35.5270001988 35.5270002588 35.5310001388 35.5310001988 35.5410001388 35.5410001988 35.5470001388 35.5470001988 35.5470001988 35.5470002588 35.5510001388 35.5510001988 35.5610001388 35.5610001988 35.5670001388 35.5670001988 35.5670001988 35.5670002588 35.5710001388 35.5710001988 35.5810001388 35.5810001988 35.5870001388 35.5870001988 35.5870001988 35.5870002588 35.5910001388 35.5910001988 35.5950001388 35.5950001988 35.6010001388 35.6010001988 35.6070001388 35.6070001988 35.6070001988 35.6070002588 35.6110001388 35.6110001988 35.6150001388 35.6150001988 35.6210001388 35.6210001988 35.6270001388 35.6270001988 35.6270001988 35.6270002588 35.6310001388 35.6310001988 35.6350001388 35.6350001988 35.6410001388 35.6410001988 35.6470001388 35.6470001988 35.6470001988 35.6470002588 35.6510001388 35.6510001988 35.6550001388 35.6550001988 35.6610001388 35.6610001988 35.6670001388 35.6670001988 35.6670001988 35.6670002588 35.6710001388 35.6710001988 35.6750001388 35.6750001988 35.6810001388 35.6810001988 35.6870001388 35.6870001988 35.6870001988 35.6870002588 35.6910001388 35.6910001988 35.6950001388 35.6950001988 35.7010001388 35.7010001988 35.7070001388 35.7070001988 35.7150001388 35.7150001988 35.7170001388 35.7170001988 35.7210001388 35.7210001988 35.7270001388 35.7270001988 35.7310001388 35.7310001988 35.7350001388 35.7350001988 35.7410001388 35.7410001988 35.7470001388 35.7470001988 35.7510001388 35.7510001988 35.7530001388 35.7530001988 35.7550001388 35.7550001988 35.7610001388 35.7610001988 35.7670001388 35.7670001988 35.7710001388 35.7710001988 35.7730001388 35.7730001988 35.7750001388 35.7750001988 35.7810001388 35.7810001988 35.7870001388 35.7870001988 35.7910001388 35.7910001988 35.7930001388 35.7930001988 35.8010001388 35.8010001988 35.8110001388 35.8110001988 35.8210001388 35.8210001988 35.8310001388 35.8310001988 35.8410001388 35.8410001988 35.8510001388 35.8510001988 35.8610001388 35.8610001988 35.8710001388 35.8710001988 35.8810001388 35.8810001988 35.8910001388 35.8910001988 35.9010001388 35.9010001988 35.9010002276 35.9010002876 35.9110001388 35.9110001988 35.9210001388 35.9210001988 35.9210002276 35.9210002876 35.9310001388 35.9310001988 35.9410001388 35.9410001988 35.9410002276 35.9410002876 35.9510001388 35.9510001988 35.9610001388 35.9610001988 35.9610002276 35.9610002876 35.9710001388 35.9710001988 35.9810001388 35.9810001988 35.9810002276 35.9810002876 35.9910001388 35.9910001988 36.0010001388 36.0010001988 36.0010002276 36.0010002876 36.0110001388 36.0110001988 36.0210001388 36.0210001988 36.0210002276 36.0210002876 36.0310001388 36.0310001988 36.0410001388 36.0410001988 36.0410002276 36.0410002876 36.0510001388 36.0510001988 36.0610001388 36.0610001988 36.0610002276 36.0610002876 36.0700001388 36.0700001988 36.0710001388 36.0710001988 36.0810001388 36.0810001988 36.0810002276 36.0810002876 36.0900001388 36.0900001988 36.0910001388 36.0910001988 36.1010001388 36.1010001988 36.1010002276 36.1010002876 36.1100001388 36.1100001988 36.1110001388 36.1110001988 36.1120001388 36.1120001988 36.1210001388 36.1210001988 36.1210002276 36.1210002876 36.1300001388 36.1300001988 36.1310001388 36.1310001988 36.1320001388 36.1320001988 36.1410001388 36.1410001988 36.1410002276 36.1410002876 36.1500001388 36.1500001988 36.1510001388 36.1510001988 36.1520001388 36.1520001988 36.1610001388 36.1610001988 36.1610002276 36.1610002876 36.1700001388 36.1700001988 36.1710001388 36.1710001988 36.1720001388 36.1720001988 36.1810001388 36.1810001988 36.1810002276 36.1810002876 36.1900001388 36.1900001988 36.1910001388 36.1910001988 36.1920001388 36.1920001988 36.2010001388 36.2010001988 36.2010002276 36.2010002876 36.2100001388 36.2100001988 36.2110001388 36.2110001988 36.2120001388 36.2120001988 36.2210001388 36.2210001988 36.2210002276 36.2210002876 36.2300001388 36.2300001988 36.2310001388 36.2310001988 36.2320001388 36.2320001988 36.2410001388 36.2410001988 36.2410002276 36.2410002876 36.2500001388 36.2500001988 36.2510001388 36.2510001988 36.2520001388 36.2520001988 36.2610001388 36.2610001988 36.2610002276 36.2610002876 36.2700001388 36.2700001988 36.2710001388 36.2710001988 36.2720001388 36.2720001988 36.2810001388 36.2810001988 36.2810002276 36.2810002876 36.2900001388 36.2900001988 36.2910001388 36.2910001988 36.2920001388 36.2920001988 36.3010001388 36.3010001988 36.3010002276 36.3010002876 36.3100001388 36.3100001988 36.3110001388 36.3110001988 36.3120001388 36.3120001988 36.3210001388 36.3210001988 36.3210002276 36.3210002876 36.3300001388 36.3300001988 36.3310001388 36.3310001988 36.3320001388 36.3320001988 36.3410001388 36.3410001988 36.3410002276 36.3410002876 36.3500001388 36.3500001988 36.3510001388 36.3510001988 36.3520001388 36.3520001988 36.3610001388 36.3610001988 36.3610002276 36.3610002876 36.3700001388 36.3700001988 36.3710001388 36.3710001988 36.3720001388 36.3720001988 36.3810001388 36.3810001988 36.3810002276 36.3810002876 36.3900001388 36.3900001988 36.3910001388 36.3910001988 36.3920001388 36.3920001988 36.4010001388 36.4010001988 36.4100001388 36.4100001988 36.4110001388 36.4110001988 36.4120001388 36.4120001988 36.4210001388 36.4210001988 36.4300001388 36.4300001988 36.4310001388 36.4310001988 36.4320001388 36.4320001988 36.4410001388 36.4410001988 36.4500001388 36.4500001988 36.4510001388 36.4510001988 36.4520001388 36.4520001988 36.4610001388 36.4610001988 36.4700001388 36.4700001988 36.4710001388 36.4710001988 36.4720001388 36.4720001988 36.4810001388 36.4810001988 36.4900001388 36.4900001988 36.4910001388 36.4910001988 36.4920001388 36.4920001988 36.5010001388 36.5010001988 36.5100001388 36.5100001988 36.5120001388 36.5120001988 36.5210001388 36.5210001988 36.5300001388 36.5300001988 36.5320001388 36.5320001988 36.5410001388 36.5410001988 36.5500001388 36.5500001988 36.5520001388 36.5520001988 36.5610001388 36.5610001988 36.5700001388 36.5700001988 36.5720001388 36.5720001988 36.5810001388 36.5810001988 36.5900001388 36.5900001988 36.5920001388 36.5920001988 36.5940001388 36.5940001988 36.6010001388 36.6010001988 36.6100001388 36.6100001988 36.6120001388 36.6120001988 36.6140001388 36.6140001988 36.6210001388 36.6210001988 36.6300001388 36.6300001988 36.6320001388 36.6320001988 36.6340001388 36.6340001988 36.6410001388 36.6410001988 36.6500001388 36.6500001988 36.6520001388 36.6520001988 36.6540001388 36.6540001988 36.6610001388 36.6610001988 36.6680001388 36.6680001988 36.6700001388 36.6700001988 36.6720001388 36.6720001988 36.6740001388 36.6740001988 36.6810001388 36.6810001988 36.6880001388 36.6880001988 36.6900001388 36.6900001988 36.6920001388 36.6920001988 36.6940001388 36.6940001988 36.7010001388 36.7010001988 36.7080001388 36.7080001988 36.7100001388 36.7100001988 36.7120001388 36.7120001988 36.7140001388 36.7140001988 36.7210001388 36.7210001988 36.7280001388 36.7280001988 36.7300001388 36.7300001988 36.7320001388 36.7320001988 36.7340001388 36.7340001988 36.7410001388 36.7410001988 36.7480001388 36.7480001988 36.7500001388 36.7500001988 36.7520001388 36.7520001988 36.7540001388 36.7540001988 36.7610001388 36.7610001988 36.7680001388 36.7680001988 36.7700001388 36.7700001988 36.7720001388 36.7720001988 36.7740001388 36.7740001988 36.7810001388 36.7810001988 36.7880001388 36.7880001988 36.7900001388 36.7900001988 36.7920001388 36.7920001988 36.7940001388 36.7940001988 36.8010001388 36.8010001988 36.8080001388 36.8080001988 36.8100001388 36.8100001988 36.8120001388 36.8120001988 36.8140001388 36.8140001988 36.8210001388 36.8210001988 36.8280001388 36.8280001988 36.8300001388 36.8300001988 36.8320001388 36.8320001988 36.8340001388 36.8340001988 36.8410001388 36.8410001988 36.8460001388 36.8460001988 36.8480001388 36.8480001988 36.8500001388 36.8500001988 36.8520001388 36.8520001988 36.8540001388 36.8540001988 36.8610001388 36.8610001988 36.8660001388 36.8660001988 36.8680001388 36.8680001988 36.8700001388 36.8700001988 36.8720001388 36.8720001988 36.8740001388 36.8740001988 36.8810001388 36.8810001988 36.8860001388 36.8860001988 36.8880001388 36.8880001988 36.8900001388 36.8900001988 36.8920001388 36.8920001988 36.8940001388 36.8940001988 36.9010001388 36.9010001988 36.9060001388 36.9060001988 36.9080001388 36.9080001988 36.9100001388 36.9100001988 36.9120001388 36.9120001988 36.9140001388 36.9140001988 36.9210001388 36.9210001988 36.9260001388 36.9260001988 36.9280001388 36.9280001988 36.9300001388 36.9300001988 36.9320001388 36.9320001988 36.9340001388 36.9340001988 36.9410001388 36.9410001988 36.9460001388 36.9460001988 36.9480001388 36.9480001988 36.9500001388 36.9500001988 36.9520001388 36.9520001988 36.9540001388 36.9540001988 36.9610001388 36.9610001988 36.9660001388 36.9660001988 36.9680001388 36.9680001988 36.9700001388 36.9700001988 36.9720001388 36.9720001988 36.9740001388 36.9740001988 36.9810001388 36.9810001988 36.9860001388 36.9860001988 36.9880001388 36.9880001988 36.9900001388 36.9900001988 36.9920001388 36.9920001988 36.9940001388 36.9940001988 37.0010001388 37.0010001988 37.0060001388 37.0060001988 37.0080001388 37.0080001988 37.0100001388 37.0100001988 37.0120001388 37.0120001988 37.0140001388 37.0140001988 37.0210001388 37.0210001988 37.0260001388 37.0260001988 37.0280001388 37.0280001988 37.0300001388 37.0300001988 37.0320001388 37.0320001988 37.0340001388 37.0340001988 37.0410001388 37.0410001988 37.0460001388 37.0460001988 37.0480001388 37.0480001988 37.0500001388 37.0500001988 37.0520001388 37.0520001988 37.0540001388 37.0540001988 37.0610001388 37.0610001988 37.0660001388 37.0660001988 37.0680001388 37.0680001988 37.0700001388 37.0700001988 37.0720001388 37.0720001988 37.0740001388 37.0740001988 37.0810001388 37.0810001988 37.0860001388 37.0860001988 37.0880001388 37.0880001988 37.0900001388 37.0900001988 37.0920001388 37.0920001988 37.0940001388 37.0940001988 37.1010001388 37.1010001988 37.1060001388 37.1060001988 37.1080001388 37.1080001988 37.1100001388 37.1100001988 37.1120001388 37.1120001988 37.1140001388 37.1140001988 37.1210001388 37.1210001988 37.1260001388 37.1260001988 37.1280001388 37.1280001988 37.1300001388 37.1300001988 37.1320001388 37.1320001988 37.1340001388 37.1340001988 37.1410001388 37.1410001988 37.1460001388 37.1460001988 37.1480001388 37.1480001988 37.1500001388 37.1500001988 37.1520001388 37.1520001988 37.1540001388 37.1540001988 37.1610001388 37.1610001988 37.1680001388 37.1680001988 37.1700001388 37.1700001988 37.1720001388 37.1720001988 37.1740001388 37.1740001988 37.1810001388 37.1810001988 37.1880001388 37.1880001988 37.1900001388 37.1900001988 37.1920001388 37.1920001988 37.1940001388 37.1940001988 37.2010001388 37.2010001988 37.2080001388 37.2080001988 37.2100001388 37.2100001988 37.2120001388 37.2120001988 37.2140001388 37.2140001988 37.2210001388 37.2210001988 37.2280001388 37.2280001988 37.2300001388 37.2300001988 37.2320001388 37.2320001988 37.2340001388 37.2340001988 37.2410001388 37.2410001988 37.2480001388 37.2480001988 37.2500001388 37.2500001988 37.2520001388 37.2520001988 37.2540001388 37.2540001988 37.2610001388 37.2610001988 37.2680001388 37.2680001988 37.2700001388 37.2700001988 37.2720001388 37.2720001988 37.2740001388 37.2740001988 37.2810001388 37.2810001988 37.2880001388 37.2880001988 37.2900001388 37.2900001988 37.2920001388 37.2920001988 37.2940001388 37.2940001988 37.3010001388 37.3010001988 37.3080001388 37.3080001988 37.3100001388 37.3100001988 37.3120001388 37.3120001988 37.3140001388 37.3140001988 37.3210001388 37.3210001988 37.3280001388 37.3280001988 37.3300001388 37.3300001988 37.3320001388 37.3320001988 37.3340001388 37.3340001988 37.3410001388 37.3410001988 37.3480001388 37.3480001988 37.3500001388 37.3500001988 37.3520001388 37.3520001988 37.3540001388 37.3540001988 37.3610001388 37.3610001988 37.3680001388 37.3680001988 37.3700001388 37.3700001988 37.3720001388 37.3720001988 37.3740001388 37.3740001988 37.3810001388 37.3810001988 37.3880001388 37.3880001988 37.3900001388 37.3900001988 37.3920001388 37.3920001988 37.3940001388 37.3940001988 37.4010001388 37.4010001988 37.4080001388 37.4080001988 37.4100001388 37.4100001988 37.4120001388 37.4120001988 37.4140001388 37.4140001988 37.4210001388 37.4210001988 37.4280001388 37.4280001988 37.4300001388 37.4300001988 37.4320001388 37.4320001988 37.4340001388 37.4340001988 37.4410001388 37.4410001988 37.4480001388 37.4480001988 37.4500001388 37.4500001988 37.4520001388 37.4520001988 37.4540001388 37.4540001988 37.4610001388 37.4610001988 37.4680001388 37.4680001988 37.4700001388 37.4700001988 37.4720001388 37.4720001988 37.4740001388 37.4740001988 37.4810001388 37.4810001988 37.4880001388 37.4880001988 37.4900001388 37.4900001988 37.4920001388 37.4920001988 37.4940001388 37.4940001988 37.5010001388 37.5010001988 37.5080001388 37.5080001988 37.5100001388 37.5100001988 37.5120001388 37.5120001988 37.5140001388 37.5140001988 37.5210001388 37.5210001988 37.5280001388 37.5280001988 37.5300001388 37.5300001988 37.5320001388 37.5320001988 37.5410001388 37.5410001988 37.5480001388 37.5480001988 37.5500001388 37.5500001988 37.5520001388 37.5520001988 37.5610001388 37.5610001988 37.5680001388 37.5680001988 37.5700001388 37.5700001988 37.5720001388 37.5720001988 37.5810001388 37.5810001988 37.5880001388 37.5880001988 37.5900001388 37.5900001988 37.5920001388 37.5920001988 37.6010001388 37.6010001988 37.6080001388 37.6080001988 37.6080002276 37.6080002876 37.6100001388 37.6100001988 37.6120001388 37.6120001988 37.6210001388 37.6210001988 37.6280001388 37.6280001988 37.6280002276 37.6280002876 37.6300001388 37.6300001988 37.6320001388 37.6320001988 37.6410001388 37.6410001988 37.6480001388 37.6480001988 37.6480002276 37.6480002876 37.6500001388 37.6500001988 37.6520001388 37.6520001988 37.6610001388 37.6610001988 37.6680001388 37.6680001988 37.6680002276 37.6680002876 37.6700001388 37.6700001988 37.6720001388 37.6720001988 37.6810001388 37.6810001988 37.6880001388 37.6880001988 37.6880002276 37.6880002876 37.6900001388 37.6900001988 37.6920001388 37.6920001988 37.7010001388 37.7010001988 37.7080001388 37.7080001988 37.7080002276 37.7080002876 37.7100001388 37.7100001988 37.7120001388 37.7120001988 37.7210001388 37.7210001988 37.7260001388 37.7260001988 37.7280001388 37.7280001988 37.7280002276 37.7280002876 37.7300001388 37.7300001988 37.7320001388 37.7320001988 37.7410001388 37.7410001988 37.7460001388 37.7460001988 37.7480001388 37.7480001988 37.7480002276 37.7480002876 37.7500001388 37.7500001988 37.7520001388 37.7520001988 37.7610001388 37.7610001988 37.7660001388 37.7660001988 37.7680001388 37.7680001988 37.7680002276 37.7680002876 37.7700001388 37.7700001988 37.7720001388 37.7720001988 37.7810001388 37.7810001988 37.7860001388 37.7860001988 37.7880001388 37.7880001988 37.7880002276 37.7880002876 37.7900001388 37.7900001988 37.7920001388 37.7920001988 37.8010001388 37.8010001988 37.8060001388 37.8060001988 37.8080001388 37.8080001988 37.8080002276 37.8080002876 37.8100001388 37.8100001988 37.8120001388 37.8120001988 37.8210001388 37.8210001988 37.8260001388 37.8260001988 37.8280001388 37.8280001988 37.8280002276 37.8280002876 37.8300001388 37.8300001988 37.8320001388 37.8320001988 37.8410001388 37.8410001988 37.8460001388 37.8460001988 37.8480001388 37.8480001988 37.8500001388 37.8500001988 37.8520001388 37.8520001988 37.8610001388 37.8610001988 37.8660001388 37.8660001988 37.8680001388 37.8680001988 37.8700001388 37.8700001988 37.8720001388 37.8720001988 37.8810001388 37.8810001988 37.8860001388 37.8860001988 37.8880001388 37.8880001988 37.8900001388 37.8900001988 37.8920001388 37.8920001988 37.9010001388 37.9010001988 37.9080001388 37.9080001988 37.9100001388 37.9100001988 37.9120001388 37.9120001988 37.9120002276 37.9120002876 37.9210001388 37.9210001988 37.9260001388 37.9260001988 37.9280001388 37.9280001988 37.9300001388 37.9300001988 37.9320001388 37.9320001988 37.9410001388 37.9410001988 37.9460001388 37.9460001988 37.9480001388 37.9480001988 37.9500001388 37.9500001988 37.9520001388 37.9520001988 37.9610001388 37.9610001988 37.9660001388 37.9660001988 37.9680001388 37.9680001988 37.9700001388 37.9700001988 37.9720001388 37.9720001988 37.9810001388 37.9810001988 37.9860001388 37.9860001988 37.9880001388 37.9880001988 37.9900001388 37.9900001988 37.9920001388 37.9920001988 38.0010001388 38.0010001988 38.0060001388 38.0060001988 38.0080001388 38.0080001988 38.0100001388 38.0100001988 38.0120001388 38.0120001988 38.0210001388 38.0210001988 38.0260001388 38.0260001988 38.0280001388 38.0280001988 38.0300001388 38.0300001988 38.0320001388 38.0320001988 38.0410001388 38.0410001988 38.0460001388 38.0460001988 38.0480001388 38.0480001988 38.0500001388 38.0500001988 38.0520001388 38.0520001988 38.0610001388 38.0610001988 38.0660001388 38.0660001988 38.0680001388 38.0680001988 38.0700001388 38.0700001988 38.0720001388 38.0720001988 38.0810001388 38.0810001988 38.0860001388 38.0860001988 38.0880001388 38.0880001988 38.0900001388 38.0900001988 38.0920001388 38.0920001988 38.1010001388 38.1010001988 38.1060001388 38.1060001988 38.1080001388 38.1080001988 38.1100001388 38.1100001988 38.1120001388 38.1120001988 38.1210001388 38.1210001988 38.1260001388 38.1260001988 38.1280001388 38.1280001988 38.1300001388 38.1300001988 38.1320001388 38.1320001988 38.1330001388 38.1330001988 38.1410001388 38.1410001988 38.1460001388 38.1460001988 38.1480001388 38.1480001988 38.1500001388 38.1500001988 38.1520001388 38.1520001988 38.1530001388 38.1530001988 38.1610001388 38.1610001988 38.1660001388 38.1660001988 38.1680001388 38.1680001988 38.1700001388 38.1700001988 38.1720001388 38.1720001988 38.1730001388 38.1730001988 38.1810001388 38.1810001988 38.1860001388 38.1860001988 38.1880001388 38.1880001988 38.1900001388 38.1900001988 38.1920001388 38.1920001988 38.1930001388 38.1930001988 38.2000001388 38.2000001988 38.2010001388 38.2010001988 38.2060001388 38.2060001988 38.2080001388 38.2080001988 38.2100001388 38.2100001988 38.2120001388 38.2120001988 38.2130001388 38.2130001988 38.2200001388 38.2200001988 38.2210001388 38.2210001988 38.2260001388 38.2260001988 38.2280001388 38.2280001988 38.2300001388 38.2300001988 38.2320001388 38.2320001988 38.2330001388 38.2330001988 38.2400001388 38.2400001988 38.2410001388 38.2410001988 38.2460001388 38.2460001988 38.2480001388 38.2480001988 38.2500001388 38.2500001988 38.2520001388 38.2520001988 38.2530001388 38.2530001988 38.2600001388 38.2600001988 38.2610001388 38.2610001988 38.2660001388 38.2660001988 38.2680001388 38.2680001988 38.2700001388 38.2700001988 38.2720001388 38.2720001988 38.2730001388 38.2730001988 38.2800001388 38.2800001988 38.2810001388 38.2810001988 38.2860001388 38.2860001988 38.2880001388 38.2880001988 38.2900001388 38.2900001988 38.2920001388 38.2920001988 38.2930001388 38.2930001988 38.3000001388 38.3000001988 38.3010001388 38.3010001988 38.3060001388 38.3060001988 38.3080001388 38.3080001988 38.3100001388 38.3100001988 38.3120001388 38.3120001988 38.3130001388 38.3130001988 38.3200001388 38.3200001988 38.3210001388 38.3210001988 38.3260001388 38.3260001988 38.3280001388 38.3280001988 38.3300001388 38.3300001988 38.3320001388 38.3320001988 38.3330001388 38.3330001988 38.3400001388 38.3400001988 38.3410001388 38.3410001988 38.3460001388 38.3460001988 38.3480001388 38.3480001988 38.3500001388 38.3500001988 38.3520001388 38.3520001988 38.3530001388 38.3530001988 38.3600001388 38.3600001988 38.3610001388 38.3610001988 38.3660001388 38.3660001988 38.3680001388 38.3680001988 38.3700001388 38.3700001988 38.3720001388 38.3720001988 38.3730001388 38.3730001988 38.3800001388 38.3800001988 38.3810001388 38.3810001988 38.3860001388 38.3860001988 38.3880001388 38.3880001988 38.3900001388 38.3900001988 38.3920001388 38.3920001988 38.3930001388 38.3930001988 38.4000001388 38.4000001988 38.4010001388 38.4010001988 38.4060001388 38.4060001988 38.4080001388 38.4080001988 38.4100001388 38.4100001988 38.4120001388 38.4120001988 38.4130001388 38.4130001988 38.4200001388 38.4200001988 38.4210001388 38.4210001988 38.4280001388 38.4280001988 38.4300001388 38.4300001988 38.4320001388 38.4320001988 38.4330001388 38.4330001988 38.4400001388 38.4400001988 38.4410001388 38.4410001988 38.4480001388 38.4480001988 38.4500001388 38.4500001988 38.4520001388 38.4520001988 38.4530001388 38.4530001988 38.4600001388 38.4600001988 38.4610001388 38.4610001988 38.4680001388 38.4680001988 38.4700001388 38.4700001988 38.4720001388 38.4720001988 38.4730001388 38.4730001988 38.4800001388 38.4800001988 38.4810001388 38.4810001988 38.4880001388 38.4880001988 38.4900001388 38.4900001988 38.4920001388 38.4920001988 38.4930001388 38.4930001988 38.5000001388 38.5000001988 38.5010001388 38.5010001988 38.5080001388 38.5080001988 38.5100001388 38.5100001988 38.5120001388 38.5120001988 38.5130001388 38.5130001988 38.5200001388 38.5200001988 38.5210001388 38.5210001988 38.5280001388 38.5280001988 38.5300001388 38.5300001988 38.5320001388 38.5320001988 38.5330001388 38.5330001988 38.5400001388 38.5400001988 38.5410001388 38.5410001988 38.5480001388 38.5480001988 38.5500001388 38.5500001988 38.5520001388 38.5520001988 38.5530001388 38.5530001988 38.5600001388 38.5600001988 38.5610001388 38.5610001988 38.5680001388 38.5680001988 38.5700001388 38.5700001988 38.5720001388 38.5720001988 38.5730001388 38.5730001988 38.5800001388 38.5800001988 38.5810001388 38.5810001988 38.5880001388 38.5880001988 38.5900001388 38.5900001988 38.5920001388 38.5920001988 38.5930001388 38.5930001988 38.6000001388 38.6000001988 38.6010001388 38.6010001988 38.6080001388 38.6080001988 38.6100001388 38.6100001988 38.6100001988 38.6100002588 38.6120001388 38.6120001988 38.6130001388 38.6130001988 38.6200001388 38.6200001988 38.6210001388 38.6210001988 38.6280001388 38.6280001988 38.6300001388 38.6300001988 38.6300001988 38.6300002588 38.6320001388 38.6320001988 38.6330001388 38.6330001988 38.6400001388 38.6400001988 38.6410001388 38.6410001988 38.6480001388 38.6480001988 38.6500001388 38.6500001988 38.6500001988 38.6500002588 38.6520001388 38.6520001988 38.6530001388 38.6530001988 38.6600001388 38.6600001988 38.6610001388 38.6610001988 38.6680001388 38.6680001988 38.6700001388 38.6700001988 38.6700001988 38.6700002588 38.6720001388 38.6720001988 38.6730001388 38.6730001988 38.6800001388 38.6800001988 38.6810001388 38.6810001988 38.6880001388 38.6880001988 38.6900001388 38.6900001988 38.6900001988 38.6900002588 38.6920001388 38.6920001988 38.6930001388 38.6930001988 38.7000001388 38.7000001988 38.7010001388 38.7010001988 38.7080001388 38.7080001988 38.7100001388 38.7100001988 38.7100001988 38.7100002588 38.7120001388 38.7120001988 38.7130001388 38.7130001988 38.7200001388 38.7200001988 38.7210001388 38.7210001988 38.7280001388 38.7280001988 38.7300001388 38.7300001988 38.7300001988 38.7300002588 38.7320001388 38.7320001988 38.7330001388 38.7330001988 38.7400001388 38.7400001988 38.7410001388 38.7410001988 38.7480001388 38.7480001988 38.7500001388 38.7500001988 38.7500001988 38.7500002588 38.7520001388 38.7520001988 38.7530001388 38.7530001988 38.7600001388 38.7600001988 38.7610001388 38.7610001988 38.7680001388 38.7680001988 38.7700001388 38.7700001988 38.7700001988 38.7700002588 38.7720001388 38.7720001988 38.7730001388 38.7730001988 38.7800001388 38.7800001988 38.7810001388 38.7810001988 38.7880001388 38.7880001988 38.7900001388 38.7900001988 38.7900001988 38.7900002588 38.7920001388 38.7920001988 38.7930001388 38.7930001988 38.8000001388 38.8000001988 38.8010001388 38.8010001988 38.8080001388 38.8080001988 38.8100001388 38.8100001988 38.8100001988 38.8100002588 38.8120001388 38.8120001988 38.8130001388 38.8130001988 38.8200001388 38.8200001988 38.8210001388 38.8210001988 38.8280001388 38.8280001988 38.8300001388 38.8300001988 38.8300001988 38.8300002588 38.8320001388 38.8320001988 38.8330001388 38.8330001988 38.8400001388 38.8400001988 38.8410001388 38.8410001988 38.8480001388 38.8480001988 38.8500001388 38.8500001988 38.8500001988 38.8500002588 38.8520001388 38.8520001988 38.8530001388 38.8530001988 38.8600001388 38.8600001988 38.8610001388 38.8610001988 38.8680001388 38.8680001988 38.8700001388 38.8700001988 38.8700001988 38.8700002588 38.8720001388 38.8720001988 38.8730001388 38.8730001988 38.8800001388 38.8800001988 38.8810001388 38.8810001988 38.8880001388 38.8880001988 38.8900001388 38.8900001988 38.8900001988 38.8900002588 38.8920001388 38.8920001988 38.8930001388 38.8930001988 38.9000001388 38.9000001988 38.9010001388 38.9010001988 38.9080001388 38.9080001988 38.9100001388 38.9100001988 38.9100001988 38.9100002588 38.9120001388 38.9120001988 38.9130001388 38.9130001988 38.9200001388 38.9200001988 38.9210001388 38.9210001988 38.9280001388 38.9280001988 38.9300001388 38.9300001988 38.9300001988 38.9300002588 38.9320001388 38.9320001988 38.9330001388 38.9330001988 38.9400001388 38.9400001988 38.9410001388 38.9410001988 38.9480001388 38.9480001988 38.9500001388 38.9500001988 38.9500001988 38.9500002588 38.9520001388 38.9520001988 38.9530001388 38.9530001988 38.9600001388 38.9600001988 38.9610001388 38.9610001988 38.9680001388 38.9680001988 38.9700001388 38.9700001988 38.9700001988 38.9700002588 38.9720001388 38.9720001988 38.9730001388 38.9730001988 38.9800001388 38.9800001988 38.9810001388 38.9810001988 38.9880001388 38.9880001988 38.9900001388 38.9900001988 38.9900001988 38.9900002588 38.9920001388 38.9920001988 38.9930001388 38.9930001988 39.0000001388 39.0000001988 39.0010001388 39.0010001988 39.0080001388 39.0080001988 39.0100001388 39.0100001988 39.0100001988 39.0100002588 39.0120001388 39.0120001988 39.0130001388 39.0130001988 39.0210001388 39.0210001988 39.0280001388 39.0280001988 39.0300001388 39.0300001988 39.0300001988 39.0300002588 39.0320001388 39.0320001988 39.0330001388 39.0330001988 39.0410001388 39.0410001988 39.0480001388 39.0480001988 39.0500001388 39.0500001988 39.0500001988 39.0500002588 39.0520001388 39.0520001988 39.0530001388 39.0530001988 39.0610001388 39.0610001988 39.0640001388 39.0640001988 39.0640002276 39.0640002876 39.0640003164 39.0640003764 39.0680001388 39.0680001988 39.0700001388 39.0700001988 39.0700001988 39.0700002588 39.0720001388 39.0720001988 39.0730001388 39.0730001988 39.0800001388 39.0800001988 39.0810001388 39.0810001988 39.0880001388 39.0880001988 39.0900001388 39.0900001988 39.0900001988 39.0900002588 39.0920001388 39.0920001988 39.0930001388 39.0930001988 39.1000001388 39.1000001988 39.1010001388 39.1010001988 39.1080001388 39.1080001988 39.1100001388 39.1100001988 39.1100001988 39.1100002588 39.1120001388 39.1120001988 39.1130001388 39.1130001988 39.1200001388 39.1200001988 39.1210001388 39.1210001988 39.1280001388 39.1280001988 39.1300001388 39.1300001988 39.1300001988 39.1300002588 39.1320001388 39.1320001988 39.1330001388 39.1330001988 39.1400001388 39.1400001988 39.1410001388 39.1410001988 39.1480001388 39.1480001988 39.1500001388 39.1500001988 39.1500001988 39.1500002588 39.1520001388 39.1520001988 39.1530001388 39.1530001988 39.1600001388 39.1600001988 39.1610001388 39.1610001988 39.1680001388 39.1680001988 39.1700001388 39.1700001988 39.1700001988 39.1700002588 39.1720001388 39.1720001988 39.1730001388 39.1730001988 39.1800001388 39.1800001988 39.1810001388 39.1810001988 39.1880001388 39.1880001988 39.1900001388 39.1900001988 39.1900001988 39.1900002588 39.1920001388 39.1920001988 39.1930001388 39.1930001988 39.2000001388 39.2000001988 39.2010001388 39.2010001988 39.2080001388 39.2080001988 39.2100001388 39.2100001988 39.2100001988 39.2100002588 39.2120001388 39.2120001988 39.2130001388 39.2130001988 39.2200001388 39.2200001988 39.2210001388 39.2210001988 39.2280001388 39.2280001988 39.2300001388 39.2300001988 39.2300001988 39.2300002588 39.2320001388 39.2320001988 39.2330001388 39.2330001988 39.2400001388 39.2400001988 39.2410001388 39.2410001988 39.2500001388 39.2500001988 39.2500001988 39.2500002588 39.2520001388 39.2520001988 39.2530001388 39.2530001988 39.2600001388 39.2600001988 39.2610001388 39.2610001988 39.2700001388 39.2700001988 39.2700001988 39.2700002588 39.2720001388 39.2720001988 39.2730001388 39.2730001988 39.2800001388 39.2800001988 39.2810001388 39.2810001988 39.2900001388 39.2900001988 39.2900001988 39.2900002588 39.2920001388 39.2920001988 39.2930001388 39.2930001988 39.3000001388 39.3000001988 39.3010001388 39.3010001988 39.3100001388 39.3100001988 39.3100001988 39.3100002588 39.3100002588 39.3100003188 39.3120001388 39.3120001988 39.3130001388 39.3130001988 39.3200001388 39.3200001988 39.3210001388 39.3210001988 39.3300001388 39.3300001988 39.3300001988 39.3300002588 39.3300002588 39.3300003188 39.3320001388 39.3320001988 39.3330001388 39.3330001988 39.3400001388 39.3400001988 39.3410001388 39.3410001988 39.3500001388 39.3500001988 39.3500001988 39.3500002588 39.3500002588 39.3500003188 39.3520001388 39.3520001988 39.3530001388 39.3530001988 39.3600001388 39.3600001988 39.3610001388 39.3610001988 39.3700001388 39.3700001988 39.3700001988 39.3700002588 39.3720001388 39.3720001988 39.3730001388 39.3730001988 39.3800001388 39.3800001988 39.3810001388 39.3810001988 39.3900001388 39.3900001988 39.3900001988 39.3900002588 39.3920001388 39.3920001988 39.3930001388 39.3930001988 39.4000001388 39.4000001988 39.4010001388 39.4010001988 39.4100001388 39.4100001988 39.4100001988 39.4100002588 39.4120001388 39.4120001988 39.4130001388 39.4130001988 39.4200001388 39.4200001988 39.4210001388 39.4210001988 39.4300001388 39.4300001988 39.4300001988 39.4300002588 39.4320001388 39.4320001988 39.4330001388 39.4330001988 39.4400001388 39.4400001988 39.4410001388 39.4410001988 39.4500001388 39.4500001988 39.4500001988 39.4500002588 39.4520001388 39.4520001988 39.4530001388 39.4530001988 39.4600001388 39.4600001988 39.4610001388 39.4610001988 39.4700001388 39.4700001988 39.4700001988 39.4700002588 39.4720001388 39.4720001988 39.4730001388 39.4730001988 39.4800001388 39.4800001988 39.4810001388 39.4810001988 39.4900001388 39.4900001988 39.4900001988 39.4900002588 39.4920001388 39.4920001988 39.5000001388 39.5000001988 39.5010001388 39.5010001988 39.5100001388 39.5100001988 39.5120001388 39.5120001988 39.5160001388 39.5160001988 39.5200001388 39.5200001988 39.5210001388 39.5210001988 39.5300001388 39.5300001988 39.5300001988 39.5300002588 39.5320001388 39.5320001988 39.5400001388 39.5400001988 39.5410001388 39.5410001988 39.5500001388 39.5500001988 39.5500001988 39.5500002588 39.5520001388 39.5520001988 39.5600001388 39.5600001988 39.5610001388 39.5610001988 39.5700001388 39.5700001988 39.5700001988 39.5700002588 39.5720001388 39.5720001988 39.5800001388 39.5800001988 39.5810001388 39.5810001988 39.5900001388 39.5900001988 39.5900001988 39.5900002588 39.5920001388 39.5920001988 39.6000001388 39.6000001988 39.6010001388 39.6010001988 39.6100001388 39.6100001988 39.6100001988 39.6100002588 39.6120001388 39.6120001988 39.6200001388 39.6200001988 39.6210001388 39.6210001988 39.6300001388 39.6300001988 39.6300001988 39.6300002588 39.6320001388 39.6320001988 39.6400001388 39.6400001988 39.6410001388 39.6410001988 39.6500001388 39.6500001988 39.6500001988 39.6500002588 39.6520001388 39.6520001988 39.6600001388 39.6600001988 39.6610001388 39.6610001988 39.6700001388 39.6700001988 39.6700001988 39.6700002588 39.6720001388 39.6720001988 39.6800001388 39.6800001988 39.6810001388 39.6810001988 39.6900001388 39.6900001988 39.6900001988 39.6900002588 39.6920001388 39.6920001988 39.7000001388 39.7000001988 39.7010001388 39.7010001988 39.7100001388 39.7100001988 39.7100001988 39.7100002588 39.7120001388 39.7120001988 39.7200001388 39.7200001988 39.7210001388 39.7210001988 39.7300001388 39.7300001988 39.7300001988 39.7300002588 39.7320001388 39.7320001988 39.7400001388 39.7400001988 39.7410001388 39.7410001988 39.7500001388 39.7500001988 39.7500001988 39.7500002588 39.7520001388 39.7520001988 39.7600001388 39.7600001988 39.7610001388 39.7610001988 39.7700001388 39.7700001988 39.7700001988 39.7700002588 39.7720001388 39.7720001988 39.7800001388 39.7800001988 39.7810001388 39.7810001988 39.7900001388 39.7900001988 39.7900001988 39.7900002588 39.7920001388 39.7920001988 39.8000001388 39.8000001988 39.8010001388 39.8010001988 39.8100001388 39.8100001988 39.8100001988 39.8100002588 39.8120001388 39.8120001988 39.8200001388 39.8200001988 39.8210001388 39.8210001988 39.8300001388 39.8300001988 39.8300001988 39.8300002588 39.8320001388 39.8320001988 39.8410001388 39.8410001988 39.8500001388 39.8500001988 39.8500001988 39.8500002588 39.8520001388 39.8520001988 39.8610001388 39.8610001988 39.8700001388 39.8700001988 39.8700001988 39.8700002588 39.8720001388 39.8720001988 39.8810001388 39.8810001988 39.8900001388 39.8900001988 39.8900001988 39.8900002588 39.8920001388 39.8920001988 39.9010001388 39.9010001988 39.9100001388 39.9100001988 39.9100001988 39.9100002588 39.9120001388 39.9120001988 39.9210001388 39.9210001988 39.9300001388 39.9300001988 39.9300001988 39.9300002588 39.9320001388 39.9320001988 39.9370001388 39.9370001988 39.9410001388 39.9410001988 39.9500001388 39.9500001988 39.9520001388 39.9520001988 39.9570001388 39.9570001988 39.9610001388 39.9610001988 39.9700001388 39.9700001988 39.9720001388 39.9720001988 39.9770001388 39.9770001988 39.9810001388 39.9810001988 39.9900001388 39.9900001988 39.9920001388 39.9920001988 39.9970001388 39.9970001988 40.0010001388 40.0010001988 40.0100001388 40.0100001988 40.0120001388 40.0120001988 40.0170001388 40.0170001988 40.0210001388 40.0210001988 40.0300001388 40.0300001988 40.0320001388 40.0320001988 40.0370001388 40.0370001988 40.0410001388 40.0410001988 40.0500001388 40.0500001988 40.0520001388 40.0520001988 40.0570001388 40.0570001988 40.0610001388 40.0610001988 40.0700001388 40.0700001988 40.0720001388 40.0720001988 40.0770001388 40.0770001988 40.0810001388 40.0810001988 40.0900001388 40.0900001988 40.0920001388 40.0920001988 40.0970001388 40.0970001988 40.1010001388 40.1010001988 40.1100001388 40.1100001988 40.1120001388 40.1120001988 40.1170001388 40.1170001988 40.1210001388 40.1210001988 40.1300001388 40.1300001988 40.1320001388 40.1320001988 40.1370001388 40.1370001988 40.1410001388 40.1410001988 40.1500001388 40.1500001988 40.1520001388 40.1520001988 40.1570001388 40.1570001988 40.1610001388 40.1610001988 40.1700001388 40.1700001988 40.1720001388 40.1720001988 40.1770001388 40.1770001988 40.1810001388 40.1810001988 40.1900001388 40.1900001988 40.1920001388 40.1920001988 40.1970001388 40.1970001988 40.2010001388 40.2010001988 40.2100001388 40.2100001988 40.2120001388 40.2120001988 40.2170001388 40.2170001988 40.2210001388 40.2210001988 40.2300001388 40.2300001988 40.2320001388 40.2320001988 40.2370001388 40.2370001988 40.2410001388 40.2410001988 40.2500001388 40.2500001988 40.2520001388 40.2520001988 40.2570001388 40.2570001988 40.2610001388 40.2610001988 40.2700001388 40.2700001988 40.2720001388 40.2720001988 40.2770001388 40.2770001988 40.2810001388 40.2810001988 40.2900001388 40.2900001988 40.2920001388 40.2920001988 40.2970001388 40.2970001988 40.3010001388 40.3010001988 40.3120001388 40.3120001988 40.3160001388 40.3160001988 40.3170001388 40.3170001988 40.3210001388 40.3210001988 40.3300001388 40.3300001988 40.3320001388 40.3320001988 40.3370001388 40.3370001988 40.3410001388 40.3410001988 40.3500001388 40.3500001988 40.3520001388 40.3520001988 40.3570001388 40.3570001988 40.3610001388 40.3610001988 40.3700001388 40.3700001988 40.3720001388 40.3720001988 40.3770001388 40.3770001988 40.3810001388 40.3810001988 40.3900001388 40.3900001988 40.3920001388 40.3920001988 40.3970001388 40.3970001988 40.4010001388 40.4010001988 40.4100001388 40.4100001988 40.4120001388 40.4120001988 40.4170001388 40.4170001988 40.4210001388 40.4210001988 40.4300001388 40.4300001988 40.4320001388 40.4320001988 40.4370001388 40.4370001988 40.4410001388 40.4410001988 40.4500001388 40.4500001988 40.4520001388 40.4520001988 40.4570001388 40.4570001988 40.4610001388 40.4610001988 40.4700001388 40.4700001988 40.4720001388 40.4720001988 40.4770001388 40.4770001988 40.4810001388 40.4810001988 40.4900001388 40.4900001988 40.4920001388 40.4920001988 40.4970001388 40.4970001988 40.5010001388 40.5010001988 40.5120001388 40.5120001988 40.5160001388 40.5160001988 40.5170001388 40.5170001988 40.5210001388 40.5210001988 40.5300001388 40.5300001988 40.5320001388 40.5320001988 40.5370001388 40.5370001988 40.5380001388 40.5380001988 40.5410001388 40.5410001988 40.5500001388 40.5500001988 40.5520001388 40.5520001988 40.5570001388 40.5570001988 40.5580001388 40.5580001988 40.5610001388 40.5610001988 40.5700001388 40.5700001988 40.5720001388 40.5720001988 40.5770001388 40.5770001988 40.5780001388 40.5780001988 40.5810001388 40.5810001988 40.5900001388 40.5900001988 40.5920001388 40.5920001988 40.5970001388 40.5970001988 40.5980001388 40.5980001988 40.6010001388 40.6010001988 40.6100001388 40.6100001988 40.6120001388 40.6120001988 40.6170001388 40.6170001988 40.6180001388 40.6180001988 40.6210001388 40.6210001988 40.6300001388 40.6300001988 40.6320001388 40.6320001988 40.6370001388 40.6370001988 40.6380001388 40.6380001988 40.6410001388 40.6410001988 40.6500001388 40.6500001988 40.6520001388 40.6520001988 40.6570001388 40.6570001988 40.6580001388 40.6580001988 40.6610001388 40.6610001988 40.6700001388 40.6700001988 40.6720001388 40.6720001988 40.6770001388 40.6770001988 40.6780001388 40.6780001988 40.6810001388 40.6810001988 40.6860001388 40.6860001988 40.6900001388 40.6900001988 40.6920001388 40.6920001988 40.6970001388 40.6970001988 40.6980001388 40.6980001988 40.7010001388 40.7010001988 40.7060001388 40.7060001988 40.7100001388 40.7100001988 40.7120001388 40.7120001988 40.7170001388 40.7170001988 40.7180001388 40.7180001988 40.7210001388 40.7210001988 40.7260001388 40.7260001988 40.7300001388 40.7300001988 40.7320001388 40.7320001988 40.7370001388 40.7370001988 40.7380001388 40.7380001988 40.7410001388 40.7410001988 40.7460001388 40.7460001988 40.7500001388 40.7500001988 40.7520001388 40.7520001988 40.7570001388 40.7570001988 40.7580001388 40.7580001988 40.7610001388 40.7610001988 40.7660001388 40.7660001988 40.7700001388 40.7700001988 40.7720001388 40.7720001988 40.7770001388 40.7770001988 40.7780001388 40.7780001988 40.7810001388 40.7810001988 40.7860001388 40.7860001988 40.7900001388 40.7900001988 40.7920001388 40.7920001988 40.7970001388 40.7970001988 40.7980001388 40.7980001988 40.8010001388 40.8010001988 40.8060001388 40.8060001988 40.8100001388 40.8100001988 40.8120001388 40.8120001988 40.8170001388 40.8170001988 40.8180001388 40.8180001988 40.8210001388 40.8210001988 40.8260001388 40.8260001988 40.8300001388 40.8300001988 40.8320001388 40.8320001988 40.8370001388 40.8370001988 40.8380001388 40.8380001988 40.8410001388 40.8410001988 40.8460001388 40.8460001988 40.8500001388 40.8500001988 40.8520001388 40.8520001988 40.8570001388 40.8570001988 40.8580001388 40.8580001988 40.8610001388 40.8610001988 40.8660001388 40.8660001988 40.8700001388 40.8700001988 40.8720001388 40.8720001988 40.8770001388 40.8770001988 40.8780001388 40.8780001988 40.8810001388 40.8810001988 40.8860001388 40.8860001988 40.8900001388 40.8900001988 40.8920001388 40.8920001988 40.8970001388 40.8970001988 40.8980001388 40.8980001988 40.9010001388 40.9010001988 40.9060001388 40.9060001988 40.9100001388 40.9100001988 40.9120001388 40.9120001988 40.9170001388 40.9170001988 40.9180001388 40.9180001988 40.9210001388 40.9210001988 40.9260001388 40.9260001988 40.9300001388 40.9300001988 40.9320001388 40.9320001988 40.9370001388 40.9370001988 40.9380001388 40.9380001988 40.9410001388 40.9410001988 40.9460001388 40.9460001988 40.9500001388 40.9500001988 40.9520001388 40.9520001988 40.9570001388 40.9570001988 40.9580001388 40.9580001988 40.9610001388 40.9610001988 40.9660001388 40.9660001988 40.9700001388 40.9700001988 40.9720001388 40.9720001988 40.9770001388 40.9770001988 40.9780001388 40.9780001988 40.9810001388 40.9810001988 40.9860001388 40.9860001988 40.9900001388 40.9900001988 40.9920001388 40.9920001988 40.9970001388 40.9970001988 40.9980001388 40.9980001988 41.0010001388 41.0010001988 41.0060001388 41.0060001988 41.0100001388 41.0100001988 41.0120001388 41.0120001988 41.0170001388 41.0170001988 41.0180001388 41.0180001988 41.0210001388 41.0210001988 41.0260001388 41.0260001988 41.0300001388 41.0300001988 41.0320001388 41.0320001988 41.0370001388 41.0370001988 41.0380001388 41.0380001988 41.0410001388 41.0410001988 41.0460001388 41.0460001988 41.0500001388 41.0500001988 41.0520001388 41.0520001988 41.0570001388 41.0570001988 41.0610001388 41.0610001988 41.0660001388 41.0660001988 41.0700001388 41.0700001988 41.0720001388 41.0720001988 41.0770001388 41.0770001988 41.0810001388 41.0810001988 41.0860001388 41.0860001988 41.0900001388 41.0900001988 41.0920001388 41.0920001988 41.0970001388 41.0970001988 41.1010001388 41.1010001988 41.1120001388 41.1120001988 41.1120001988 41.1120002588 41.1160001388 41.1160001988 41.1170001388 41.1170001988 41.1210001388 41.1210001988 41.1300001388 41.1300001988 41.1320001388 41.1320001988 41.1370001388 41.1370001988 41.1410001388 41.1410001988 41.1500001388 41.1500001988 41.1520001388 41.1520001988 41.1570001388 41.1570001988 41.1610001388 41.1610001988 41.1700001388 41.1700001988 41.1720001388 41.1720001988 41.1770001388 41.1770001988 41.1810001388 41.1810001988 41.1900001388 41.1900001988 41.1920001388 41.1920001988 41.1970001388 41.1970001988 41.2010001388 41.2010001988 41.2100001388 41.2100001988 41.2120001388 41.2120001988 41.2170001388 41.2170001988 41.2210001388 41.2210001988 41.2300001388 41.2300001988 41.2320001388 41.2320001988 41.2370001388 41.2370001988 41.2410001388 41.2410001988 41.2500001388 41.2500001988 41.2520001388 41.2520001988 41.2570001388 41.2570001988 41.2610001388 41.2610001988 41.2700001388 41.2700001988 41.2720001388 41.2720001988 41.2770001388 41.2770001988 41.2810001388 41.2810001988 41.2900001388 41.2900001988 41.2920001388 41.2920001988 41.2970001388 41.2970001988 41.3010001388 41.3010001988 41.3100001388 41.3100001988 41.3120001388 41.3120001988 41.3170001388 41.3170001988 41.3210001388 41.3210001988 41.3300001388 41.3300001988 41.3320001388 41.3320001988 41.3370001388 41.3370001988 41.3410001388 41.3410001988 41.3500001388 41.3500001988 41.3520001388 41.3520001988 41.3570001388 41.3570001988 41.3610001388 41.3610001988 41.3700001388 41.3700001988 41.3720001388 41.3720001988 41.3770001388 41.3770001988 41.3810001388 41.3810001988 41.3900001388 41.3900001988 41.3920001388 41.3920001988 41.3970001388 41.3970001988 41.4010001388 41.4010001988 41.4100001388 41.4100001988 41.4120001388 41.4120001988 41.4170001388 41.4170001988 41.4210001388 41.4210001988 41.4300001388 41.4300001988 41.4320001388 41.4320001988 41.4370001388 41.4370001988 41.4410001388 41.4410001988 41.4500001388 41.4500001988 41.4520001388 41.4520001988 41.4570001388 41.4570001988 41.4610001388 41.4610001988 41.4700001388 41.4700001988 41.4720001388 41.4720001988 41.4770001388 41.4770001988 41.4810001388 41.4810001988 41.4900001388 41.4900001988 41.4920001388 41.4920001988 41.4970001388 41.4970001988 41.5010001388 41.5010001988 41.5100001388 41.5100001988 41.5120001388 41.5120001988 41.5150001388 41.5150001988 41.5170001388 41.5170001988 41.5210001388 41.5210001988 41.5320001388 41.5320001988 41.5350001388 41.5350001988 41.5370001388 41.5370001988 41.5410001388 41.5410001988 41.5520001388 41.5520001988 41.5550001388 41.5550001988 41.5570001388 41.5570001988 41.5610001388 41.5610001988 41.5720001388 41.5720001988 41.5750001388 41.5750001988 41.5770001388 41.5770001988 41.5810001388 41.5810001988 41.5920001388 41.5920001988 41.5950001388 41.5950001988 41.5970001388 41.5970001988 41.6010001388 41.6010001988 41.6120001388 41.6120001988 41.6150001388 41.6150001988 41.6170001388 41.6170001988 41.6210001388 41.6210001988 41.6320001388 41.6320001988 41.6350001388 41.6350001988 41.6370001388 41.6370001988 41.6410001388 41.6410001988 41.6520001388 41.6520001988 41.6550001388 41.6550001988 41.6570001388 41.6570001988 41.6610001388 41.6610001988 41.6720001388 41.6720001988 41.6750001388 41.6750001988 41.6770001388 41.6770001988 41.6810001388 41.6810001988 41.6880001388 41.6880001988 41.6920001388 41.6920001988 41.6950001388 41.6950001988 41.6970001388 41.6970001988 41.7010001388 41.7010001988 41.7080001388 41.7080001988 41.7120001388 41.7120001988 41.7150001388 41.7150001988 41.7170001388 41.7170001988 41.7210001388 41.7210001988 41.7280001388 41.7280001988 41.7320001388 41.7320001988 41.7350001388 41.7350001988 41.7370001388 41.7370001988 41.7410001388 41.7410001988 41.7480001388 41.7480001988 41.7520001388 41.7520001988 41.7550001388 41.7550001988 41.7570001388 41.7570001988 41.7610001388 41.7610001988 41.7680001388 41.7680001988 41.7720001388 41.7720001988 41.7750001388 41.7750001988 41.7770001388 41.7770001988 41.7810001388 41.7810001988 41.7880001388 41.7880001988 41.7920001388 41.7920001988 41.7950001388 41.7950001988 41.7970001388 41.7970001988 41.8010001388 41.8010001988 41.8080001388 41.8080001988 41.8120001388 41.8120001988 41.8150001388 41.8150001988 41.8170001388 41.8170001988 41.8210001388 41.8210001988 41.8280001388 41.8280001988 41.8320001388 41.8320001988 41.8350001388 41.8350001988 41.8370001388 41.8370001988 41.8410001388 41.8410001988 41.8480001388 41.8480001988 41.8520001388 41.8520001988 41.8550001388 41.8550001988 41.8570001388 41.8570001988 41.8610001388 41.8610001988 41.8680001388 41.8680001988 41.8720001388 41.8720001988 41.8750001388 41.8750001988 41.8770001388 41.8770001988 41.8810001388 41.8810001988 41.8830001388 41.8830001988 41.8880001388 41.8880001988 41.8920001388 41.8920001988 41.8950001388 41.8950001988 41.8970001388 41.8970001988 41.9010001388 41.9010001988 41.9030001388 41.9030001988 41.9080001388 41.9080001988 41.9120001388 41.9120001988 41.9150001388 41.9150001988 41.9170001388 41.9170001988 41.9210001388 41.9210001988 41.9230001388 41.9230001988 41.9280001388 41.9280001988 41.9320001388 41.9320001988 41.9350001388 41.9350001988 41.9370001388 41.9370001988 41.9410001388 41.9410001988 41.9430001388 41.9430001988 41.9480001388 41.9480001988 41.9520001388 41.9520001988 41.9550001388 41.9550001988 41.9570001388 41.9570001988 41.9610001388 41.9610001988 41.9680001388 41.9680001988 41.9720001388 41.9720001988 41.9750001388 41.9750001988 41.9770001388 41.9770001988 41.9810001388 41.9810001988 41.9880001388 41.9880001988 41.9920001388 41.9920001988 41.9950001388 41.9950001988 41.9970001388 41.9970001988 42.0010001388 42.0010001988 42.0080001388 42.0080001988 42.0120001388 42.0120001988 42.0170001388 42.0170001988 42.0210001388 42.0210001988 42.0280001388 42.0280001988 42.0320001388 42.0320001988 42.0370001388 42.0370001988 42.0410001388 42.0410001988 42.0480001388 42.0480001988 42.0520001388 42.0520001988 42.0570001388 42.0570001988 42.0610001388 42.0610001988 42.0640001388 42.0640001988 42.0640002276 42.0640002876 42.0640003164 42.0640003764 42.0680001388 42.0680001988 42.0720001388 42.0720001988 42.0750001388 42.0750001988 42.0770001388 42.0770001988 42.0810001388 42.0810001988 42.0880001388 42.0880001988 42.0920001388 42.0920001988 42.0950001388 42.0950001988 42.0970001388 42.0970001988 42.1010001388 42.1010001988 42.1080001388 42.1080001988 42.1120001388 42.1120001988 42.1150001388 42.1150001988 42.1170001388 42.1170001988 42.1210001388 42.1210001988 42.1280001388 42.1280001988 42.1320001388 42.1320001988 42.1350001388 42.1350001988 42.1370001388 42.1370001988 42.1410001388 42.1410001988 42.1480001388 42.1480001988 42.1520001388 42.1520001988 42.1550001388 42.1550001988 42.1570001388 42.1570001988 42.1610001388 42.1610001988 42.1680001388 42.1680001988 42.1720001388 42.1720001988 42.1750001388 42.1750001988 42.1760001388 42.1760001988 42.1770001388 42.1770001988 42.1810001388 42.1810001988 42.1880001388 42.1880001988 42.1920001388 42.1920001988 42.1950001388 42.1950001988 42.1960001388 42.1960001988 42.1970001388 42.1970001988 42.2010001388 42.2010001988 42.2080001388 42.2080001988 42.2120001388 42.2120001988 42.2150001388 42.2150001988 42.2160001388 42.2160001988 42.2170001388 42.2170001988 42.2210001388 42.2210001988 42.2280001388 42.2280001988 42.2320001388 42.2320001988 42.2350001388 42.2350001988 42.2360001388 42.2360001988 42.2370001388 42.2370001988 42.2410001388 42.2410001988 42.2480001388 42.2480001988 42.2520001388 42.2520001988 42.2550001388 42.2550001988 42.2560001388 42.2560001988 42.2570001388 42.2570001988 42.2610001388 42.2610001988 42.2680001388 42.2680001988 42.2720001388 42.2720001988 42.2750001388 42.2750001988 42.2760001388 42.2760001988 42.2770001388 42.2770001988 42.2810001388 42.2810001988 42.2880001388 42.2880001988 42.2920001388 42.2920001988 42.2950001388 42.2950001988 42.2960001388 42.2960001988 42.2970001388 42.2970001988 42.3010001388 42.3010001988 42.3080001388 42.3080001988 42.3120001388 42.3120001988 42.3150001388 42.3150001988 42.3160001388 42.3160001988 42.3170001388 42.3170001988 42.3210001388 42.3210001988 42.3280001388 42.3280001988 42.3320001388 42.3320001988 42.3350001388 42.3350001988 42.3360001388 42.3360001988 42.3370001388 42.3370001988 42.3410001388 42.3410001988 42.3480001388 42.3480001988 42.3520001388 42.3520001988 42.3550001388 42.3550001988 42.3560001388 42.3560001988 42.3570001388 42.3570001988 42.3610001388 42.3610001988 42.3680001388 42.3680001988 42.3720001388 42.3720001988 42.3750001388 42.3750001988 42.3760001388 42.3760001988 42.3770001388 42.3770001988 42.3810001388 42.3810001988 42.3880001388 42.3880001988 42.3920001388 42.3920001988 42.3950001388 42.3950001988 42.3960001388 42.3960001988 42.3970001388 42.3970001988 42.4010001388 42.4010001988 42.4080001388 42.4080001988 42.4120001388 42.4120001988 42.4150001388 42.4150001988 42.4160001388 42.4160001988 42.4170001388 42.4170001988 42.4210001388 42.4210001988 42.4280001388 42.4280001988 42.4320001388 42.4320001988 42.4350001388 42.4350001988 42.4360001388 42.4360001988 42.4370001388 42.4370001988 42.4410001388 42.4410001988 42.4480001388 42.4480001988 42.4520001388 42.4520001988 42.4550001388 42.4550001988 42.4560001388 42.4560001988 42.4570001388 42.4570001988 42.4610001388 42.4610001988 42.4680001388 42.4680001988 42.4720001388 42.4720001988 42.4750001388 42.4750001988 42.4760001388 42.4760001988 42.4770001388 42.4770001988 42.4810001388 42.4810001988 42.4880001388 42.4880001988 42.4920001388 42.4920001988 42.4950001388 42.4950001988 42.4960001388 42.4960001988 42.4970001388 42.4970001988 42.5010001388 42.5010001988 42.5080001388 42.5080001988 42.5120001388 42.5120001988 42.5150001388 42.5150001988 42.5160001388 42.5160001988 42.5170001388 42.5170001988 42.5210001388 42.5210001988 42.5280001388 42.5280001988 42.5320001388 42.5320001988 42.5350001388 42.5350001988 42.5360001388 42.5360001988 42.5370001388 42.5370001988 42.5410001388 42.5410001988 42.5480001388 42.5480001988 42.5520001388 42.5520001988 42.5550001388 42.5550001988 42.5560001388 42.5560001988 42.5570001388 42.5570001988 42.5610001388 42.5610001988 42.5680001388 42.5680001988 42.5720001388 42.5720001988 42.5750001388 42.5750001988 42.5760001388 42.5760001988 42.5770001388 42.5770001988 42.5880001388 42.5880001988 42.5920001388 42.5920001988 42.5950001388 42.5950001988 42.5960001388 42.5960001988 42.5970001388 42.5970001988 42.6080001388 42.6080001988 42.6120001388 42.6120001988 42.6150001388 42.6150001988 42.6160001388 42.6160001988 42.6170001388 42.6170001988 42.6280001388 42.6280001988 42.6320001388 42.6320001988 42.6350001388 42.6350001988 42.6360001388 42.6360001988 42.6370001388 42.6370001988 42.6480001388 42.6480001988 42.6520001388 42.6520001988 42.6550001388 42.6550001988 42.6560001388 42.6560001988 42.6570001388 42.6570001988 42.6680001388 42.6680001988 42.6720001388 42.6720001988 42.6750001388 42.6750001988 42.6760001388 42.6760001988 42.6770001388 42.6770001988 42.6880001388 42.6880001988 42.6920001388 42.6920001988 42.6950001388 42.6950001988 42.6960001388 42.6960001988 42.6970001388 42.6970001988 42.7080001388 42.7080001988 42.7120001388 42.7120001988 42.7150001388 42.7150001988 42.7160001388 42.7160001988 42.7170001388 42.7170001988 42.7280001388 42.7280001988 42.7320001388 42.7320001988 42.7350001388 42.7350001988 42.7360001388 42.7360001988 42.7370001388 42.7370001988 42.7480001388 42.7480001988 42.7520001388 42.7520001988 42.7550001388 42.7550001988 42.7560001388 42.7560001988 42.7570001388 42.7570001988 42.7680001388 42.7680001988 42.7720001388 42.7720001988 42.7750001388 42.7750001988 42.7760001388 42.7760001988 42.7770001388 42.7770001988 42.7880001388 42.7880001988 42.7900001388 42.7900001988 42.7920001388 42.7920001988 42.7950001388 42.7950001988 42.7960001388 42.7960001988 42.7970001388 42.7970001988 42.8100001388 42.8100001988 42.8120001388 42.8120001988 42.8140001388 42.8140001988 42.8150001388 42.8150001988 42.8160001388 42.8160001988 42.8170001388 42.8170001988 42.8280001388 42.8280001988 42.8300001388 42.8300001988 42.8320001388 42.8320001988 42.8350001388 42.8350001988 42.8360001388 42.8360001988 42.8370001388 42.8370001988 42.8480001388 42.8480001988 42.8500001388 42.8500001988 42.8520001388 42.8520001988 42.8550001388 42.8550001988 42.8560001388 42.8560001988 42.8570001388 42.8570001988 42.8680001388 42.8680001988 42.8700001388 42.8700001988 42.8720001388 42.8720001988 42.8750001388 42.8750001988 42.8760001388 42.8760001988 42.8770001388 42.8770001988 42.8880001388 42.8880001988 42.8900001388 42.8900001988 42.8920001388 42.8920001988 42.8950001388 42.8950001988 42.8960001388 42.8960001988 42.8970001388 42.8970001988 42.9080001388 42.9080001988 42.9100001388 42.9100001988 42.9120001388 42.9120001988 42.9150001388 42.9150001988 42.9170001388 42.9170001988 42.9280001388 42.9280001988 42.9300001388 42.9300001988 42.9320001388 42.9320001988 42.9350001388 42.9350001988 42.9370001388 42.9370001988 42.9480001388 42.9480001988 42.9500001388 42.9500001988 42.9520001388 42.9520001988 42.9550001388 42.9550001988 42.9570001388 42.9570001988 42.9680001388 42.9680001988 42.9700001388 42.9700001988 42.9720001388 42.9720001988 42.9750001388 42.9750001988 42.9770001388 42.9770001988 42.9880001388 42.9880001988 42.9900001388 42.9900001988 42.9920001388 42.9920001988 42.9950001388 42.9950001988 42.9970001388 42.9970001988 43.0080001388 43.0080001988 43.0100001388 43.0100001988 43.0120001388 43.0120001988 43.0150001388 43.0150001988 43.0170001388 43.0170001988 43.0280001388 43.0280001988 43.0300001388 43.0300001988 43.0320001388 43.0320001988 43.0350001388 43.0350001988 43.0370001388 43.0370001988 43.0480001388 43.0480001988 43.0500001388 43.0500001988 43.0520001388 43.0520001988 43.0550001388 43.0550001988 43.0570001388 43.0570001988 43.0680001388 43.0680001988 43.0700001388 43.0700001988 43.0720001388 43.0720001988 43.0750001388 43.0750001988 43.0770001388 43.0770001988 43.0880001388 43.0880001988 43.0900001388 43.0900001988 43.0920001388 43.0920001988 43.0950001388 43.0950001988 43.0970001388 43.0970001988 43.1080001388 43.1080001988 43.1100001388 43.1100001988 43.1120001388 43.1120001988 43.1150001388 43.1150001988 43.1170001388 43.1170001988 43.1280001388 43.1280001988 43.1300001388 43.1300001988 43.1320001388 43.1320001988 43.1350001388 43.1350001988 43.1480001388 43.1480001988 43.1500001388 43.1500001988 43.1520001388 43.1520001988 43.1550001388 43.1550001988 43.1680001388 43.1680001988 43.1700001388 43.1700001988 43.1720001388 43.1720001988 43.1750001388 43.1750001988 43.1880001388 43.1880001988 43.1900001388 43.1900001988 43.1920001388 43.1920001988 43.1950001388 43.1950001988 43.2100001388 43.2100001988 43.2120001388 43.2120001988 43.2140001388 43.2140001988 43.2150001388 43.2150001988 43.2280001388 43.2280001988 43.2300001388 43.2300001988 43.2320001388 43.2320001988 43.2350001388 43.2350001988 43.2480001388 43.2480001988 43.2500001388 43.2500001988 43.2520001388 43.2520001988 43.2550001388 43.2550001988 43.2680001388 43.2680001988 43.2700001388 43.2700001988 43.2720001388 43.2720001988 43.2750001388 43.2750001988 43.2880001388 43.2880001988 43.2900001388 43.2900001988 43.2920001388 43.2920001988 43.2950001388 43.2950001988 43.3080001388 43.3080001988 43.3100001388 43.3100001988 43.3120001388 43.3120001988 43.3150001388 43.3150001988 43.3280001388 43.3280001988 43.3300001388 43.3300001988 43.3320001388 43.3320001988 43.3350001388 43.3350001988 43.3480001388 43.3480001988 43.3500001388 43.3500001988 43.3520001388 43.3520001988 43.3550001388 43.3550001988 43.3680001388 43.3680001988 43.3700001388 43.3700001988 43.3720001388 43.3720001988 43.3750001388 43.3750001988 43.3880001388 43.3880001988 43.3900001388 43.3900001988 43.3920001388 43.3920001988 43.3950001388 43.3950001988 43.4080001388 43.4080001988 43.4100001388 43.4100001988 43.4120001388 43.4120001988 43.4150001388 43.4150001988 43.4280001388 43.4280001988 43.4300001388 43.4300001988 43.4320001388 43.4320001988 43.4350001388 43.4350001988 43.4480001388 43.4480001988 43.4500001388 43.4500001988 43.4520001388 43.4520001988 43.4550001388 43.4550001988 43.4680001388 43.4680001988 43.4700001388 43.4700001988 43.4720001388 43.4720001988 43.4750001388 43.4750001988 43.4880001388 43.4880001988 43.4900001388 43.4900001988 43.4920001388 43.4920001988 43.4950001388 43.4950001988 43.5080001388 43.5080001988 43.5100001388 43.5100001988 43.5120001388 43.5120001988 43.5150001388 43.5150001988 43.5280001388 43.5280001988 43.5300001388 43.5300001988 43.5320001388 43.5320001988 43.5350001388 43.5350001988 43.5480001388 43.5480001988 43.5520001388 43.5520001988 43.5550001388 43.5550001988 43.5680001388 43.5680001988 43.5720001388 43.5720001988 43.5750001388 43.5750001988 43.5880001388 43.5880001988 43.5920001388 43.5920001988 43.5950001388 43.5950001988 43.6140001388 43.6140001988 43.6150001388 43.6150001988 43.6180001388 43.6180001988 43.6280001388 43.6280001988 43.6320001388 43.6320001988 43.6350001388 43.6350001988 43.6480001388 43.6480001988 43.6520001388 43.6520001988 43.6550001388 43.6550001988 43.6670001388 43.6670001988 43.6680001388 43.6680001988 43.6680002276 43.6680002876 43.6720001388 43.6720001988 43.6750001388 43.6750001988 43.6870001388 43.6870001988 43.6880001388 43.6880001988 43.6880002276 43.6880002876 43.6920001388 43.6920001988 43.6950001388 43.6950001988 43.7070001388 43.7070001988 43.7080001388 43.7080001988 43.7080002276 43.7080002876 43.7110001388 43.7110001988 43.7120001388 43.7120001988 43.7150001388 43.7150001988 43.7270001388 43.7270001988 43.7280001388 43.7280001988 43.7280002276 43.7280002876 43.7310001388 43.7310001988 43.7320001388 43.7320001988 43.7350001388 43.7350001988 43.7470001388 43.7470001988 43.7480001388 43.7480001988 43.7480002276 43.7480002876 43.7510001388 43.7510001988 43.7520001388 43.7520001988 43.7550001388 43.7550001988 43.7670001388 43.7670001988 43.7680001388 43.7680001988 43.7680002276 43.7680002876 43.7710001388 43.7710001988 43.7720001388 43.7720001988 43.7750001388 43.7750001988 43.7870001388 43.7870001988 43.7880001388 43.7880001988 43.7880002276 43.7880002876 43.7910001388 43.7910001988 43.7920001388 43.7920001988 43.7950001388 43.7950001988 43.8070001388 43.8070001988 43.8080001388 43.8080001988 43.8080002276 43.8080002876 43.8110001388 43.8110001988 43.8120001388 43.8120001988 43.8150001388 43.8150001988 43.8270001388 43.8270001988 43.8280001388 43.8280001988 43.8280002276 43.8280002876 43.8310001388 43.8310001988 43.8320001388 43.8320001988 43.8350001388 43.8350001988 43.8470001388 43.8470001988 43.8480001388 43.8480001988 43.8480002276 43.8480002876 43.8510001388 43.8510001988 43.8520001388 43.8520001988 43.8550001388 43.8550001988 43.8640001388 43.8640001988 43.8670001388 43.8670001988 43.8680001388 43.8680001988 43.8680002276 43.8680002876 43.8710001388 43.8710001988 43.8720001388 43.8720001988 43.8750001388 43.8750001988 43.8840001388 43.8840001988 43.8870001388 43.8870001988 43.8880001388 43.8880001988 43.8880002276 43.8880002876 43.8910001388 43.8910001988 43.8920001388 43.8920001988 43.8950001388 43.8950001988 43.9040001388 43.9040001988 43.9070001388 43.9070001988 43.9080001388 43.9080001988 43.9110001388 43.9110001988 43.9120001388 43.9120001988 43.9140001388 43.9140001988 43.9150001388 43.9150001988 43.9240001388 43.9240001988 43.9270001388 43.9270001988 43.9280001388 43.9280001988 43.9280002276 43.9280002876 43.9310001388 43.9310001988 43.9320001388 43.9320001988 43.9350001388 43.9350001988 43.9440001388 43.9440001988 43.9470001388 43.9470001988 43.9480001388 43.9480001988 43.9480002276 43.9480002876 43.9510001388 43.9510001988 43.9520001388 43.9520001988 43.9550001388 43.9550001988 43.9640001388 43.9640001988 43.9670001388 43.9670001988 43.9680001388 43.9680001988 43.9680002276 43.9680002876 43.9710001388 43.9710001988 43.9720001388 43.9720001988 43.9750001388 43.9750001988 43.9840001388 43.9840001988 43.9870001388 43.9870001988 43.9880001388 43.9880001988 43.9880002276 43.9880002876 43.9910001388 43.9910001988 43.9920001388 43.9920001988 43.9950001388 43.9950001988 44.0040001388 44.0040001988 44.0070001388 44.0070001988 44.0080001388 44.0080001988 44.0080002276 44.0080002876 44.0120001388 44.0120001988 44.0150001388 44.0150001988 44.0170001388 44.0170001988 44.0240001388 44.0240001988 44.0270001388 44.0270001988 44.0280001388 44.0280001988 44.0280002276 44.0280002876 44.0310001388 44.0310001988 44.0320001388 44.0320001988 44.0350001388 44.0350001988 44.0440001388 44.0440001988 44.0470001388 44.0470001988 44.0480001388 44.0480001988 44.0480002276 44.0480002876 44.0510001388 44.0510001988 44.0520001388 44.0520001988 44.0550001388 44.0550001988 44.0680001388 44.0680001988 44.0710001388 44.0710001988 44.0720001388 44.0720001988 44.0750001388 44.0750001988 44.0880001388 44.0880001988 44.0910001388 44.0910001988 44.0920001388 44.0920001988 44.0950001388 44.0950001988 44.1080001388 44.1080001988 44.1110001388 44.1110001988 44.1120001388 44.1120001988 44.1150001388 44.1150001988 44.1280001388 44.1280001988 44.1310001388 44.1310001988 44.1320001388 44.1320001988 44.1350001388 44.1350001988 44.1480001388 44.1480001988 44.1510001388 44.1510001988 44.1520001388 44.1520001988 44.1550001388 44.1550001988 44.1680001388 44.1680001988 44.1710001388 44.1710001988 44.1720001388 44.1720001988 44.1750001388 44.1750001988 44.1880001388 44.1880001988 44.1910001388 44.1910001988 44.1920001388 44.1920001988 44.1950001388 44.1950001988 44.2080001388 44.2080001988 44.2110001388 44.2110001988 44.2120001388 44.2120001988 44.2150001388 44.2150001988 44.2280001388 44.2280001988 44.2310001388 44.2310001988 44.2320001388 44.2320001988 44.2350001388 44.2350001988 44.2480001388 44.2480001988 44.2510001388 44.2510001988 44.2520001388 44.2520001988 44.2550001388 44.2550001988 44.2680001388 44.2680001988 44.2710001388 44.2710001988 44.2720001388 44.2720001988 44.2750001388 44.2750001988 44.2880001388 44.2880001988 44.2910001388 44.2910001988 44.2920001388 44.2920001988 44.2950001388 44.2950001988 44.3080001388 44.3080001988 44.3110001388 44.3110001988 44.3120001388 44.3120001988 44.3150001388 44.3150001988 44.3280001388 44.3280001988 44.3310001388 44.3310001988 44.3320001388 44.3320001988 44.3350001388 44.3350001988 44.3480001388 44.3480001988 44.3510001388 44.3510001988 44.3520001388 44.3520001988 44.3550001388 44.3550001988 44.3680001388 44.3680001988 44.3710001388 44.3710001988 44.3720001388 44.3720001988 44.3750001388 44.3750001988 44.3880001388 44.3880001988 44.3910001388 44.3910001988 44.3920001388 44.3920001988 44.3950001388 44.3950001988 44.4080001388 44.4080001988 44.4110001388 44.4110001988 44.4120001388 44.4120001988 44.4150001388 44.4150001988 44.4280001388 44.4280001988 44.4310001388 44.4310001988 44.4320001388 44.4320001988 44.4350001388 44.4350001988 44.4480001388 44.4480001988 44.4510001388 44.4510001988 44.4520001388 44.4520001988 44.4550001388 44.4550001988 44.4680001388 44.4680001988 44.4710001388 44.4710001988 44.4720001388 44.4720001988 44.4750001388 44.4750001988 44.4880001388 44.4880001988 44.4910001388 44.4910001988 44.4920001388 44.4920001988 44.4950001388 44.4950001988 44.5080001388 44.5080001988 44.5110001388 44.5110001988 44.5120001388 44.5120001988 44.5150001388 44.5150001988 44.5280001388 44.5280001988 44.5310001388 44.5310001988 44.5320001388 44.5320001988 44.5350001388 44.5350001988 44.5480001388 44.5480001988 44.5510001388 44.5510001988 44.5520001388 44.5520001988 44.5550001388 44.5550001988 44.5680001388 44.5680001988 44.5710001388 44.5710001988 44.5720001388 44.5720001988 44.5750001388 44.5750001988 44.5880001388 44.5880001988 44.5910001388 44.5910001988 44.5920001388 44.5920001988 44.5950001388 44.5950001988 44.6070001388 44.6070001988 44.6080001388 44.6080001988 44.6110001388 44.6110001988 44.6120001388 44.6120001988 44.6150001388 44.6150001988 44.6270001388 44.6270001988 44.6280001388 44.6280001988 44.6310001388 44.6310001988 44.6320001388 44.6320001988 44.6350001388 44.6350001988 44.6470001388 44.6470001988 44.6480001388 44.6480001988 44.6510001388 44.6510001988 44.6520001388 44.6520001988 44.6550001388 44.6550001988 44.6670001388 44.6670001988 44.6680001388 44.6680001988 44.6710001388 44.6710001988 44.6720001388 44.6720001988 44.6730001388 44.6730001988 44.6750001388 44.6750001988 44.6870001388 44.6870001988 44.6880001388 44.6880001988 44.6910001388 44.6910001988 44.6920001388 44.6920001988 44.6930001388 44.6930001988 44.6950001388 44.6950001988 44.7070001388 44.7070001988 44.7080001388 44.7080001988 44.7110001388 44.7110001988 44.7130001388 44.7130001988 44.7150001388 44.7150001988 44.7270001388 44.7270001988 44.7280001388 44.7280001988 44.7310001388 44.7310001988 44.7330001388 44.7330001988 44.7350001388 44.7350001988 44.7470001388 44.7470001988 44.7480001388 44.7480001988 44.7510001388 44.7510001988 44.7530001388 44.7530001988 44.7550001388 44.7550001988 44.7670001388 44.7670001988 44.7680001388 44.7680001988 44.7710001388 44.7710001988 44.7730001388 44.7730001988 44.7750001388 44.7750001988 44.7870001388 44.7870001988 44.7880001388 44.7880001988 44.7910001388 44.7910001988 44.7930001388 44.7930001988 44.7950001388 44.7950001988 44.8070001388 44.8070001988 44.8070002276 44.8070002876 44.8080001388 44.8080001988 44.8110001388 44.8110001988 44.8130001388 44.8130001988 44.8150001388 44.8150001988 44.8270001388 44.8270001988 44.8270002276 44.8270002876 44.8280001388 44.8280001988 44.8310001388 44.8310001988 44.8330001388 44.8330001988 44.8350001388 44.8350001988 44.8470001388 44.8470001988 44.8470002276 44.8470002876 44.8480001388 44.8480001988 44.8510001388 44.8510001988 44.8530001388 44.8530001988 44.8550001388 44.8550001988 44.8550002276 44.8550002876 44.8670001388 44.8670001988 44.8670002276 44.8670002876 44.8680001388 44.8680001988 44.8710001388 44.8710001988 44.8730001388 44.8730001988 44.8750001388 44.8750001988 44.8750002276 44.8750002876 44.8870001388 44.8870001988 44.8870002276 44.8870002876 44.8880001388 44.8880001988 44.8910001388 44.8910001988 44.8930001388 44.8930001988 44.8950001388 44.8950001988 44.8950002276 44.8950002876 44.9070001388 44.9070001988 44.9070002276 44.9070002876 44.9080001388 44.9080001988 44.9110001388 44.9110001988 44.9130001388 44.9130001988 44.9150001388 44.9150001988 44.9150002276 44.9150002876 44.9270001388 44.9270001988 44.9270002276 44.9270002876 44.9280001388 44.9280001988 44.9310001388 44.9310001988 44.9330001388 44.9330001988 44.9350001388 44.9350001988 44.9350002276 44.9350002876 44.9470001388 44.9470001988 44.9470002276 44.9470002876 44.9480001388 44.9480001988 44.9510001388 44.9510001988 44.9530001388 44.9530001988 44.9550001388 44.9550001988 44.9550002276 44.9550002876 44.9670001388 44.9670001988 44.9670002276 44.9670002876 44.9680001388 44.9680001988 44.9710001388 44.9710001988 44.9730001388 44.9730001988 44.9750001388 44.9750001988 44.9750002276 44.9750002876 44.9870001388 44.9870001988 44.9870002276 44.9870002876 44.9880001388 44.9880001988 44.9910001388 44.9910001988 44.9910001988 44.9910002588 44.9930001388 44.9930001988 44.9950001388 44.9950001988 44.9950002276 44.9950002876 45.0070001388 45.0070001988 45.0070002276 45.0070002876 45.0080001388 45.0080001988 45.0110001388 45.0110001988 45.0130001388 45.0130001988 45.0150001388 45.0150001988 45.0150002276 45.0150002876 45.0270001388 45.0270001988 45.0270002276 45.0270002876 45.0280001388 45.0280001988 45.0310001388 45.0310001988 45.0350001388 45.0350001988 45.0350002276 45.0350002876 45.0470001388 45.0470001988 45.0470002276 45.0470002876 45.0480001388 45.0480001988 45.0510001388 45.0510001988 45.0550001388 45.0550001988 45.0550002276 45.0550002876 45.0640001388 45.0640001988 45.0640002276 45.0640002876 45.0640003164 45.0640003764 45.0670001388 45.0670001988 45.0670002276 45.0670002876 45.0680001388 45.0680001988 45.0710001388 45.0710001988 45.0710002276 45.0710002876 45.0750001388 45.0750001988 45.0750002276 45.0750002876 45.0870001388 45.0870001988 45.0870002276 45.0870002876 45.0880001388 45.0880001988 45.0910001388 45.0910001988 45.0910002276 45.0910002876 45.0950001388 45.0950001988 45.0950002276 45.0950002876 45.1070001388 45.1070001988 45.1080001388 45.1080001988 45.1110001388 45.1110001988 45.1110002276 45.1110002876 45.1150001388 45.1150001988 45.1150002276 45.1150002876 45.1270001388 45.1270001988 45.1280001388 45.1280001988 45.1310001388 45.1310001988 45.1310002276 45.1310002876 45.1350001388 45.1350001988 45.1350002276 45.1350002876 45.1470001388 45.1470001988 45.1480001388 45.1480001988 45.1510001388 45.1510001988 45.1510002276 45.1510002876 45.1550001388 45.1550001988 45.1550002276 45.1550002876 45.1670001388 45.1670001988 45.1680001388 45.1680001988 45.1710001388 45.1710001988 45.1710002276 45.1710002876 45.1750001388 45.1750001988 45.1750002276 45.1750002876 45.1870001388 45.1870001988 45.1880001388 45.1880001988 45.1910001388 45.1910001988 45.1910002276 45.1910002876 45.1950001388 45.1950001988 45.1950002276 45.1950002876 45.2070001388 45.2070001988 45.2080001388 45.2080001988 45.2110001388 45.2110001988 45.2110002276 45.2110002876 45.2150001388 45.2150001988 45.2150002276 45.2150002876 45.2270001388 45.2270001988 45.2280001388 45.2280001988 45.2310001388 45.2310001988 45.2310002276 45.2310002876 45.2350001388 45.2350001988 45.2350002276 45.2350002876 45.2470001388 45.2470001988 45.2480001388 45.2480001988 45.2510001388 45.2510001988 45.2510002276 45.2510002876 45.2550001388 45.2550001988 45.2550002276 45.2550002876 45.2670001388 45.2670001988 45.2680001388 45.2680001988 45.2710001388 45.2710001988 45.2710002276 45.2710002876 45.2750001388 45.2750001988 45.2750002276 45.2750002876 45.2870001388 45.2870001988 45.2880001388 45.2880001988 45.2910001388 45.2910001988 45.2910002276 45.2910002876 45.2950001388 45.2950001988 45.2950002276 45.2950002876 45.3070001388 45.3070001988 45.3080001388 45.3080001988 45.3110001388 45.3110001988 45.3110002276 45.3110002876 45.3150001388 45.3150001988 45.3150002276 45.3150002876 45.3270001388 45.3270001988 45.3280001388 45.3280001988 45.3310001388 45.3310001988 45.3310002276 45.3310002876 45.3350001388 45.3350001988 45.3350002276 45.3350002876 45.3470001388 45.3470001988 45.3480001388 45.3480001988 45.3510001388 45.3510001988 45.3510002276 45.3510002876 45.3550001388 45.3550001988 45.3550002276 45.3550002876 45.3670001388 45.3670001988 45.3680001388 45.3680001988 45.3710001388 45.3710001988 45.3710002276 45.3710002876 45.3750001388 45.3750001988 45.3750002276 45.3750002876 45.3870001388 45.3870001988 45.3880001388 45.3880001988 45.3910001388 45.3910001988 45.3910002276 45.3910002876 45.3950001388 45.3950001988 45.3950002276 45.3950002876 45.4070001388 45.4070001988 45.4080001388 45.4080001988 45.4110001388 45.4110001988 45.4110002276 45.4110002876 45.4150001388 45.4150001988 45.4150002276 45.4150002876 45.4270001388 45.4270001988 45.4280001388 45.4280001988 45.4310001388 45.4310001988 45.4310002276 45.4310002876 45.4350001388 45.4350001988 45.4350002276 45.4350002876 45.4470001388 45.4470001988 45.4480001388 45.4480001988 45.4510001388 45.4510001988 45.4510002276 45.4510002876 45.4550001388 45.4550001988 45.4550002276 45.4550002876 45.4670001388 45.4670001988 45.4680001388 45.4680001988 45.4710001388 45.4710001988 45.4710002276 45.4710002876 45.4750001388 45.4750001988 45.4750002276 45.4750002876 45.4870001388 45.4870001988 45.4880001388 45.4880001988 45.4910001388 45.4910001988 45.4910002276 45.4910002876 45.4950001388 45.4950001988 45.4950002276 45.4950002876 45.5070001388 45.5070001988 45.5080001388 45.5080001988 45.5110001388 45.5110001988 45.5150001388 45.5150001988 45.5150002276 45.5150002876 45.5170001388 45.5170001988 45.5230001388 45.5230001988 45.5270001388 45.5270001988 45.5280001388 45.5280001988 45.5310001388 45.5310001988 45.5310002276 45.5310002876 45.5350001388 45.5350001988 45.5350002276 45.5350002876 45.5430001388 45.5430001988 45.5470001388 45.5470001988 45.5480001388 45.5480001988 45.5510001388 45.5510001988 45.5510002276 45.5510002876 45.5550001388 45.5550001988 45.5550002276 45.5550002876 45.5630001388 45.5630001988 45.5670001388 45.5670001988 45.5680001388 45.5680001988 45.5710001388 45.5710001988 45.5710002276 45.5710002876 45.5750001388 45.5750001988 45.5750002276 45.5750002876 45.5830001388 45.5830001988 45.5870001388 45.5870001988 45.5880001388 45.5880001988 45.5910001388 45.5910001988 45.5910002276 45.5910002876 45.5950001388 45.5950001988 45.5950002276 45.5950002876 45.6030001388 45.6030001988 45.6070001388 45.6070001988 45.6080001388 45.6080001988 45.6110001388 45.6110001988 45.6110002276 45.6110002876 45.6150001388 45.6150001988 45.6150002276 45.6150002876 45.6230001388 45.6230001988 45.6270001388 45.6270001988 45.6280001388 45.6280001988 45.6310001388 45.6310001988 45.6310002276 45.6310002876 45.6350001388 45.6350001988 45.6350002276 45.6350002876 45.6430001388 45.6430001988 45.6470001388 45.6470001988 45.6480001388 45.6480001988 45.6510001388 45.6510001988 45.6510002276 45.6510002876 45.6550001388 45.6550001988 45.6550002276 45.6550002876 45.6630001388 45.6630001988 45.6670001388 45.6670001988 45.6680001388 45.6680001988 45.6710001388 45.6710001988 45.6710002276 45.6710002876 45.6750001388 45.6750001988 45.6750002276 45.6750002876 45.6830001388 45.6830001988 45.6870001388 45.6870001988 45.6880001388 45.6880001988 45.6910001388 45.6910001988 45.6910002276 45.6910002876 45.6950001388 45.6950001988 45.6950002276 45.6950002876 45.7030001388 45.7030001988 45.7070001388 45.7070001988 45.7080001388 45.7080001988 45.7110001388 45.7110001988 45.7110002276 45.7110002876 45.7150001388 45.7150001988 45.7150002276 45.7150002876 45.7230001388 45.7230001988 45.7270001388 45.7270001988 45.7280001388 45.7280001988 45.7310001388 45.7310001988 45.7310002276 45.7310002876 45.7350001388 45.7350001988 45.7350002276 45.7350002876 45.7430001388 45.7430001988 45.7470001388 45.7470001988 45.7480001388 45.7480001988 45.7510001388 45.7510001988 45.7510002276 45.7510002876 45.7550001388 45.7550001988 45.7550002276 45.7550002876 45.7630001388 45.7630001988 45.7670001388 45.7670001988 45.7680001388 45.7680001988 45.7710001388 45.7710001988 45.7710002276 45.7710002876 45.7750001388 45.7750001988 45.7750002276 45.7750002876 45.7830001388 45.7830001988 45.7880001388 45.7880001988 45.7910001388 45.7910001988 45.7910002276 45.7910002876 45.7950001388 45.7950001988 45.7950002276 45.7950002876 45.8030001388 45.8030001988 45.8080001388 45.8080001988 45.8110001388 45.8110001988 45.8110002276 45.8110002876 45.8150001388 45.8150001988 45.8150002276 45.8150002876 45.8230001388 45.8230001988 45.8280001388 45.8280001988 45.8310001388 45.8310001988 45.8310002276 45.8310002876 45.8350001388 45.8350001988 45.8350002276 45.8350002876 45.8430001388 45.8430001988 45.8480001388 45.8480001988 45.8510001388 45.8510001988 45.8510002276 45.8510002876 45.8550001388 45.8550001988 45.8550002276 45.8550002876 45.8630001388 45.8630001988 45.8710001388 45.8710001988 45.8710002276 45.8710002876 45.8750001388 45.8750001988 45.8750002276 45.8750002876 45.8830001388 45.8830001988 45.8910001388 45.8910001988 45.8910002276 45.8910002876 45.8950001388 45.8950001988 45.8950002276 45.8950002876 45.9030001388 45.9030001988 45.9110001388 45.9110001988 45.9150001388 45.9150001988 45.9150002276 45.9150002876 45.9230001388 45.9230001988 45.9310001388 45.9310001988 45.9350001388 45.9350001988 45.9350002276 45.9350002876 45.9430001388 45.9430001988 45.9510001388 45.9510001988 45.9550001388 45.9550001988 45.9550002276 45.9550002876 45.9630001388 45.9630001988 45.9710001388 45.9710001988 45.9750001388 45.9750001988 45.9750002276 45.9750002876 45.9830001388 45.9830001988 45.9910001388 45.9910001988 45.9950001388 45.9950001988 45.9950002276 45.9950002876 46.0030001388 46.0030001988 46.0110001388 46.0110001988 46.0150001388 46.0150001988 46.0150002276 46.0150002876 46.0310001388 46.0310001988 46.0350001388 46.0350001988 46.0350002276 46.0350002876 46.0510001388 46.0510001988 46.0550001388 46.0550001988 46.0550002276 46.0550002876 46.0640001388 46.0640001988 46.0640002276 46.0640002876 46.0640003164 46.0640003764 46.0710001388 46.0710001988 46.0750001388 46.0750001988 46.0750002276 46.0750002876 46.0830001388 46.0830001988 46.0950001388 46.0950001988 46.0950002276 46.0950002876 46.1030001388 46.1030001988 46.1150001388 46.1150001988 46.1150002276 46.1150002876 46.1230001388 46.1230001988 46.1350001388 46.1350001988 46.1350002276 46.1350002876 46.1430001388 46.1430001988 46.1550001388 46.1550001988 46.1550002276 46.1550002876 46.1630001388 46.1630001988 46.1750001388 46.1750001988 46.1750002276 46.1750002876 46.1830001388 46.1830001988 46.1950001388 46.1950001988 46.1950002276 46.1950002876 46.2030001388 46.2030001988 46.2150001388 46.2150001988 46.2150002276 46.2150002876 46.2230001388 46.2230001988 46.2350001388 46.2350001988 46.2350002276 46.2350002876 46.2430001388 46.2430001988 46.2550001388 46.2550001988 46.2550002276 46.2550002876 46.2630001388 46.2630001988 46.2750001388 46.2750001988 46.2750002276 46.2750002876 46.2830001388 46.2830001988 46.2950001388 46.2950001988 46.2950002276 46.2950002876 46.3030001388 46.3030001988 46.3150001388 46.3150001988 46.3150002276 46.3150002876 46.3230001388 46.3230001988 46.3350001388 46.3350001988 46.3350002276 46.3350002876 46.3430001388 46.3430001988 46.3550001388 46.3550001988 46.3550002276 46.3550002876 46.3630001388 46.3630001988 46.3750001388 46.3750001988 46.3750002276 46.3750002876 46.3830001388 46.3830001988 46.3950001388 46.3950001988 46.3950002276 46.3950002876 46.4030001388 46.4030001988 46.4150001388 46.4150001988 46.4150002276 46.4150002876 46.4230001388 46.4230001988 46.4350001388 46.4350001988 46.4350002276 46.4350002876 46.4430001388 46.4430001988 46.4550001388 46.4550001988 46.4550002276 46.4550002876 46.4630001388 46.4630001988 46.4750001388 46.4750001988 46.4750002276 46.4750002876 46.4830001388 46.4830001988 46.4950001388 46.4950001988 46.4950002276 46.4950002876 46.5030001388 46.5030001988 46.5150001388 46.5150001988 46.5150002276 46.5150002876 46.5230001388 46.5230001988 46.5350001388 46.5350001988 46.5350002276 46.5350002876 46.5430001388 46.5430001988 46.5550001388 46.5550001988 46.5550002276 46.5550002876 46.5630001388 46.5630001988 46.5750001388 46.5750001988 46.5750002276 46.5750002876 46.5830001388 46.5830001988 46.5950001388 46.5950001988 46.5950002276 46.5950002876 46.6030001388 46.6030001988 46.6150001388 46.6150001988 46.6150002276 46.6150002876 46.6230001388 46.6230001988 46.6350001388 46.6350001988 46.6350002276 46.6350002876 46.6430001388 46.6430001988 46.6550001388 46.6550001988 46.6550002276 46.6550002876 46.6630001388 46.6630001988 46.6750001388 46.6750001988 46.6750002276 46.6750002876 46.6830001388 46.6830001988 46.6950001388 46.6950001988 46.6950002276 46.6950002876 46.7030001388 46.7030001988 46.7150001388 46.7150001988 46.7150002276 46.7150002876 46.7230001388 46.7230001988 46.7320001388 46.7320001988 46.7350001388 46.7350001988 46.7350002276 46.7350002876 46.7430001388 46.7430001988 46.7520001388 46.7520001988 46.7550001388 46.7550001988 46.7550002276 46.7550002876 46.7630001388 46.7630001988 46.7720001388 46.7720001988 46.7750001388 46.7750001988 46.7750002276 46.7750002876 46.7830001388 46.7830001988 46.7920001388 46.7920001988 46.7950001388 46.7950001988 46.7950002276 46.7950002876 46.8030001388 46.8030001988 46.8120001388 46.8120001988 46.8150001388 46.8150001988 46.8150002276 46.8150002876 46.8200001388 46.8200001988 46.8230001388 46.8230001988 46.8320001388 46.8320001988 46.8350001388 46.8350001988 46.8350002276 46.8350002876 46.8400001388 46.8400001988 46.8430001388 46.8430001988 46.8520001388 46.8520001988 46.8550001388 46.8550001988 46.8550002276 46.8550002876 46.8600001388 46.8600001988 46.8630001388 46.8630001988 46.8720001388 46.8720001988 46.8750001388 46.8750001988 46.8750002276 46.8750002876 46.8830001388 46.8830001988 46.8920001388 46.8920001988 46.8950001388 46.8950001988 46.9030001388 46.9030001988 46.9120001388 46.9120001988 46.9150001388 46.9150001988 46.9230001388 46.9230001988 46.9320001388 46.9320001988 46.9350001388 46.9350001988 46.9430001388 46.9430001988 46.9520001388 46.9520001988 46.9550001388 46.9550001988 46.9630001388 46.9630001988 46.9720001388 46.9720001988 46.9750001388 46.9750001988 46.9830001388 46.9830001988 46.9920001388 46.9920001988 46.9950001388 46.9950001988 47.0030001388 47.0030001988 47.0120001388 47.0120001988 47.0150001388 47.0150001988 47.0230001388 47.0230001988 47.0320001388 47.0320001988 47.0350001388 47.0350001988 47.0430001388 47.0430001988 47.0520001388 47.0520001988 47.0550001388 47.0550001988 47.0630001388 47.0630001988 47.0720001388 47.0720001988 47.0750001388 47.0750001988 47.0830001388 47.0830001988 47.0920001388 47.0920001988 47.0950001388 47.0950001988 47.1030001388 47.1030001988 47.1120001388 47.1120001988 47.1150001388 47.1150001988 47.1230001388 47.1230001988 47.1320001388 47.1320001988 47.1350001388 47.1350001988 47.1430001388 47.1430001988 47.1520001388 47.1520001988 47.1550001388 47.1550001988 47.1630001388 47.1630001988 47.1720001388 47.1720001988 47.1750001388 47.1750001988 47.1830001388 47.1830001988 47.1920001388 47.1920001988 47.1950001388 47.1950001988 47.2030001388 47.2030001988 47.2120001388 47.2120001988 47.2150001388 47.2150001988 47.2230001388 47.2230001988 47.2320001388 47.2320001988 47.2350001388 47.2350001988 47.2430001388 47.2430001988 47.2520001388 47.2520001988 47.2550001388 47.2550001988 47.2630001388 47.2630001988 47.2720001388 47.2720001988 47.2750001388 47.2750001988 47.2920001388 47.2920001988 47.2950001388 47.2950001988 47.3120001388 47.3120001988 47.3150001388 47.3150001988 47.3320001388 47.3320001988 47.3350001388 47.3350001988 47.3520001388 47.3520001988 47.3550001388 47.3550001988 47.3720001388 47.3720001988 47.3750001388 47.3750001988 47.3920001388 47.3920001988 47.3950001388 47.3950001988 47.3960001388 47.3960001988 47.4120001388 47.4120001988 47.4150001388 47.4150001988 47.4160001388 47.4160001988 47.4320001388 47.4320001988 47.4350001388 47.4350001988 47.4360001388 47.4360001988 47.4520001388 47.4520001988 47.4550001388 47.4550001988 47.4560001388 47.4560001988 47.4720001388 47.4720001988 47.4750001388 47.4750001988 47.4760001388 47.4760001988 47.4920001388 47.4920001988 47.4950001388 47.4950001988 47.4960001388 47.4960001988 47.5120001388 47.5120001988 47.5150001388 47.5150001988 47.5160001388 47.5160001988 47.5320001388 47.5320001988 47.5350001388 47.5350001988 47.5360001388 47.5360001988 47.5520001388 47.5520001988 47.5550001388 47.5550001988 47.5560001388 47.5560001988 47.5720001388 47.5720001988 47.5750001388 47.5750001988 47.5760001388 47.5760001988 47.5920001388 47.5920001988 47.5950001388 47.5950001988 47.5960001388 47.5960001988 47.6120001388 47.6120001988 47.6150001388 47.6150001988 47.6160001388 47.6160001988 47.6320001388 47.6320001988 47.6350001388 47.6350001988 47.6360001388 47.6360001988 47.6520001388 47.6520001988 47.6550001388 47.6550001988 47.6560001388 47.6560001988 47.6720001388 47.6720001988 47.6750001388 47.6750001988 47.6760001388 47.6760001988 47.6920001388 47.6920001988 47.6950001388 47.6950001988 47.6960001388 47.6960001988 47.7120001388 47.7120001988 47.7150001388 47.7150001988 47.7160001388 47.7160001988 47.7180001388 47.7180001988 47.7320001388 47.7320001988 47.7350001388 47.7350001988 47.7380001388 47.7380001988 47.7520001388 47.7520001988 47.7550001388 47.7550001988 47.7580001388 47.7580001988 47.7720001388 47.7720001988 47.7750001388 47.7750001988 47.7780001388 47.7780001988 47.7920001388 47.7920001988 47.7950001388 47.7950001988 47.7980001388 47.7980001988 47.8120001388 47.8120001988 47.8150001388 47.8150001988 47.8180001388 47.8180001988 47.8320001388 47.8320001988 47.8350001388 47.8350001988 47.8380001388 47.8380001988 47.8520001388 47.8520001988 47.8550001388 47.8550001988 47.8580001388 47.8580001988 47.8720001388 47.8720001988 47.8750001388 47.8750001988 47.8780001388 47.8780001988 47.8920001388 47.8920001988 47.8950001388 47.8950001988 47.8980001388 47.8980001988 47.9120001388 47.9120001988 47.9150001388 47.9150001988 47.9180001388 47.9180001988 47.9320001388 47.9320001988 47.9350001388 47.9350001988 47.9380001388 47.9380001988 47.9520001388 47.9520001988 47.9550001388 47.9550001988 47.9580001388 47.9580001988 47.9720001388 47.9720001988 47.9750001388 47.9750001988 47.9780001388 47.9780001988 47.9920001388 47.9920001988 47.9950001388 47.9950001988 47.9980001388 47.9980001988 48.0120001388 48.0120001988 48.0150001388 48.0150001988 48.0180001388 48.0180001988 48.0320001388 48.0320001988 48.0350001388 48.0350001988 48.0380001388 48.0380001988 48.0520001388 48.0520001988 48.0550001388 48.0550001988 48.0580001388 48.0580001988 48.0720001388 48.0720001988 48.0750001388 48.0750001988 48.0780001388 48.0780001988 48.0920001388 48.0920001988 48.0950001388 48.0950001988 48.0980001388 48.0980001988 48.1120001388 48.1120001988 48.1150001388 48.1150001988 48.1180001388 48.1180001988 48.1320001388 48.1320001988 48.1350001388 48.1350001988 48.1380001388 48.1380001988 48.1520001388 48.1520001988 48.1550001388 48.1550001988 48.1580001388 48.1580001988 48.1720001388 48.1720001988 48.1750001388 48.1750001988 48.1780001388 48.1780001988 48.1920001388 48.1920001988 48.1950001388 48.1950001988 48.1980001388 48.1980001988 48.2120001388 48.2120001988 48.2150001388 48.2150001988 48.2180001388 48.2180001988 48.2320001388 48.2320001988 48.2350001388 48.2350001988 48.2380001388 48.2380001988 48.2520001388 48.2520001988 48.2550001388 48.2550001988 48.2580001388 48.2580001988 48.2720001388 48.2720001988 48.2750001388 48.2750001988 48.2780001388 48.2780001988 48.2920001388 48.2920001988 48.2950001388 48.2950001988 48.2980001388 48.2980001988 48.3050001388 48.3050001988 48.3120001388 48.3120001988 48.3150001388 48.3150001988 48.3180001388 48.3180001988 48.3250001388 48.3250001988 48.3320001388 48.3320001988 48.3350001388 48.3350001988 48.3380001388 48.3380001988 48.3450001388 48.3450001988 48.3520001388 48.3520001988 48.3550001388 48.3550001988 48.3580001388 48.3580001988 48.3650001388 48.3650001988 48.3720001388 48.3720001988 48.3750001388 48.3750001988 48.3780001388 48.3780001988 48.3850001388 48.3850001988 48.3920001388 48.3920001988 48.3950001388 48.3950001988 48.3980001388 48.3980001988 48.4050001388 48.4050001988 48.4120001388 48.4120001988 48.4150001388 48.4150001988 48.4180001388 48.4180001988 48.4250001388 48.4250001988 48.4320001388 48.4320001988 48.4350001388 48.4350001988 48.4380001388 48.4380001988 48.4450001388 48.4450001988 48.4520001388 48.4520001988 48.4550001388 48.4550001988 48.4580001388 48.4580001988 48.4650001388 48.4650001988 48.4720001388 48.4720001988 48.4750001388 48.4750001988 48.4780001388 48.4780001988 48.4850001388 48.4850001988 48.4920001388 48.4920001988 48.4950001388 48.4950001988 48.4980001388 48.4980001988 48.5050001388 48.5050001988 48.5120001388 48.5120001988 48.5150001388 48.5150001988 48.5180001388 48.5180001988 48.5250001388 48.5250001988 48.5320001388 48.5320001988 48.5350001388 48.5350001988 48.5380001388 48.5380001988 48.5450001388 48.5450001988 48.5520001388 48.5520001988 48.5550001388 48.5550001988 48.5580001388 48.5580001988 48.5620001388 48.5620001988 48.5650001388 48.5650001988 48.5720001388 48.5720001988 48.5750001388 48.5750001988 48.5780001388 48.5780001988 48.5820001388 48.5820001988 48.5850001388 48.5850001988 48.5920001388 48.5920001988 48.5950001388 48.5950001988 48.5980001388 48.5980001988 48.6020001388 48.6020001988 48.6050001388 48.6050001988 48.6120001388 48.6120001988 48.6150001388 48.6150001988 48.6180001388 48.6180001988 48.6220001388 48.6220001988 48.6250001388 48.6250001988 48.6320001388 48.6320001988 48.6350001388 48.6350001988 48.6380001388 48.6380001988 48.6420001388 48.6420001988 48.6450001388 48.6450001988 48.6520001388 48.6520001988 48.6550001388 48.6550001988 48.6580001388 48.6580001988 48.6620001388 48.6620001988 48.6650001388 48.6650001988 48.6720001388 48.6720001988 48.6750001388 48.6750001988 48.6780001388 48.6780001988 48.6820001388 48.6820001988 48.6850001388 48.6850001988 48.6920001388 48.6920001988 48.6950001388 48.6950001988 48.6980001388 48.6980001988 48.7020001388 48.7020001988 48.7050001388 48.7050001988 48.7120001388 48.7120001988 48.7150001388 48.7150001988 48.7180001388 48.7180001988 48.7220001388 48.7220001988 48.7250001388 48.7250001988 48.7320001388 48.7320001988 48.7350001388 48.7350001988 48.7380001388 48.7380001988 48.7420001388 48.7420001988 48.7450001388 48.7450001988 48.7520001388 48.7520001988 48.7550001388 48.7550001988 48.7580001388 48.7580001988 48.7620001388 48.7620001988 48.7650001388 48.7650001988 48.7720001388 48.7720001988 48.7750001388 48.7750001988 48.7780001388 48.7780001988 48.7820001388 48.7820001988 48.7850001388 48.7850001988 48.7920001388 48.7920001988 48.7950001388 48.7950001988 48.7980001388 48.7980001988 48.8020001388 48.8020001988 48.8050001388 48.8050001988 48.8120001388 48.8120001988 48.8150001388 48.8150001988 48.8180001388 48.8180001988 48.8220001388 48.8220001988 48.8250001388 48.8250001988 48.8320001388 48.8320001988 48.8350001388 48.8350001988 48.8380001388 48.8380001988 48.8420001388 48.8420001988 48.8450001388 48.8450001988 48.8520001388 48.8520001988 48.8550001388 48.8550001988 48.8580001388 48.8580001988 48.8620001388 48.8620001988 48.8650001388 48.8650001988 48.8720001388 48.8720001988 48.8750001388 48.8750001988 48.8780001388 48.8780001988 48.8820001388 48.8820001988 48.8850001388 48.8850001988 48.8920001388 48.8920001988 48.8950001388 48.8950001988 48.8980001388 48.8980001988 48.9020001388 48.9020001988 48.9050001388 48.9050001988 48.9120001388 48.9120001988 48.9150001388 48.9150001988 48.9180001388 48.9180001988 48.9220001388 48.9220001988 48.9250001388 48.9250001988 48.9320001388 48.9320001988 48.9350001388 48.9350001988 48.9380001388 48.9380001988 48.9420001388 48.9420001988 48.9450001388 48.9450001988 48.9520001388 48.9520001988 48.9550001388 48.9550001988 48.9580001388 48.9580001988 48.9620001388 48.9620001988 48.9650001388 48.9650001988 48.9720001388 48.9720001988 48.9750001388 48.9750001988 48.9780001388 48.9780001988 48.9820001388 48.9820001988 48.9850001388 48.9850001988 48.9920001388 48.9920001988 48.9950001388 48.9950001988 48.9980001388 48.9980001988 49.0020001388 49.0020001988 49.0050001388 49.0050001988 49.0120001388 49.0120001988 49.0150001388 49.0150001988 49.0180001388 49.0180001988 49.0220001388 49.0220001988 49.0250001388 49.0250001988 49.0320001388 49.0320001988 49.0350001388 49.0350001988 49.0380001388 49.0380001988 49.0420001388 49.0420001988 49.0520001388 49.0520001988 49.0550001388 49.0550001988 49.0580001388 49.0580001988 49.0620001388 49.0620001988 49.0720001388 49.0720001988 49.0750001388 49.0750001988 49.0780001388 49.0780001988 49.0820001388 49.0820001988 49.0920001388 49.0920001988 49.0950001388 49.0950001988 49.0980001388 49.0980001988 49.1020001388 49.1020001988 49.1120001388 49.1120001988 49.1150001388 49.1150001988 49.1180001388 49.1180001988 49.1220001388 49.1220001988 49.1320001388 49.1320001988 49.1380001388 49.1380001988 49.1420001388 49.1420001988 49.1520001388 49.1520001988 49.1580001388 49.1580001988 49.1620001388 49.1620001988 49.1720001388 49.1720001988 49.1780001388 49.1780001988 49.1820001388 49.1820001988 49.1920001388 49.1920001988 49.1980001388 49.1980001988 49.2020001388 49.2020001988 49.2120001388 49.2120001988 49.2180001388 49.2180001988 49.2220001388 49.2220001988 49.2320001388 49.2320001988 49.2380001388 49.2380001988 49.2420001388 49.2420001988 49.2520001388 49.2520001988 49.2580001388 49.2580001988 49.2620001388 49.2620001988 49.2720001388 49.2720001988 49.2780001388 49.2780001988 49.2820001388 49.2820001988 49.2920001388 49.2920001988 49.2980001388 49.2980001988 49.3020001388 49.3020001988 49.3120001388 49.3120001988 49.3180001388 49.3180001988 49.3220001388 49.3220001988 49.3320001388 49.3320001988 49.3380001388 49.3380001988 49.3420001388 49.3420001988 49.3520001388 49.3520001988 49.3580001388 49.3580001988 49.3620001388 49.3620001988 49.3720001388 49.3720001988 49.3780001388 49.3780001988 49.3820001388 49.3820001988 49.3920001388 49.3920001988 49.3980001388 49.3980001988 49.4020001388 49.4020001988 49.4120001388 49.4120001988 49.4180001388 49.4180001988 49.4220001388 49.4220001988 49.4320001388 49.4320001988 49.4380001388 49.4380001988 49.4420001388 49.4420001988 49.4520001388 49.4520001988 49.4580001388 49.4580001988 49.4620001388 49.4620001988 49.4720001388 49.4720001988 49.4780001388 49.4780001988 49.4820001388 49.4820001988 49.4920001388 49.4920001988 49.4980001388 49.4980001988 49.5020001388 49.5020001988 49.5120001388 49.5120001988 49.5180001388 49.5180001988 49.5220001388 49.5220001988 49.5320001388 49.5320001988 49.5380001388 49.5380001988 49.5420001388 49.5420001988 49.5520001388 49.5520001988 49.5580001388 49.5580001988 49.5620001388 49.5620001988 49.5720001388 49.5720001988 49.5780001388 49.5780001988 49.5820001388 49.5820001988 49.5920001388 49.5920001988 49.5980001388 49.5980001988 49.6020001388 49.6020001988 49.6120001388 49.6120001988 49.6180001388 49.6180001988 49.6220001388 49.6220001988 49.6320001388 49.6320001988 49.6380001388 49.6380001988 49.6420001388 49.6420001988 49.6520001388 49.6520001988 49.6580001388 49.6580001988 49.6620001388 49.6620001988 49.6720001388 49.6720001988 49.6780001388 49.6780001988 49.6820001388 49.6820001988 49.6920001388 49.6920001988 49.6980001388 49.6980001988 49.7020001388 49.7020001988 49.7100001388 49.7100001988 49.7120001388 49.7120001988 49.7180001388 49.7180001988 49.7220001388 49.7220001988 49.7300001388 49.7300001988 49.7320001388 49.7320001988 49.7380001388 49.7380001988 49.7420001388 49.7420001988 49.7500001388 49.7500001988 49.7520001388 49.7520001988 49.7580001388 49.7580001988 49.7620001388 49.7620001988 49.7700001388 49.7700001988 49.7720001388 49.7720001988 49.7780001388 49.7780001988 49.7820001388 49.7820001988 49.7900001388 49.7900001988 49.7920001388 49.7920001988 49.7980001388 49.7980001988 49.8020001388 49.8020001988 49.8100001388 49.8100001988 49.8120001388 49.8120001988 49.8180001388 49.8180001988 49.8220001388 49.8220001988 49.8300001388 49.8300001988 49.8320001388 49.8320001988 49.8380001388 49.8380001988 49.8420001388 49.8420001988 49.8500001388 49.8500001988 49.8510001388 49.8510001988 49.8520001388 49.8520001988 49.8580001388 49.8580001988 49.8620001388 49.8620001988 49.8700001388 49.8700001988 49.8710001388 49.8710001988 49.8720001388 49.8720001988 49.8780001388 49.8780001988 49.8820001388 49.8820001988 49.8900001388 49.8900001988 49.8910001388 49.8910001988 49.8920001388 49.8920001988 49.8980001388 49.8980001988 49.9020001388 49.9020001988 49.9100001388 49.9100001988 49.9110001388 49.9110001988 49.9120001388 49.9120001988 49.9180001388 49.9180001988 49.9220001388 49.9220001988 49.9300001388 49.9300001988 49.9310001388 49.9310001988 49.9320001388 49.9320001988 49.9380001388 49.9380001988 49.9420001388 49.9420001988 49.9500001388 49.9500001988 49.9510001388 49.9510001988 49.9520001388 49.9520001988 49.9580001388 49.9580001988 49.9620001388 49.9620001988 49.9700001388 49.9700001988 49.9710001388 49.9710001988 49.9720001388 49.9720001988 49.9780001388 49.9780001988 49.9820001388 49.9820001988 49.9900001388 49.9900001988 49.9910001388 49.9910001988 49.9920001388 49.9920001988 49.9980001388 49.9980001988 50.0020001388 50.0020001988 50.0100001388 50.0100001988 50.0110001388 50.0110001988 50.0120001388 50.0120001988 50.0180001388 50.0180001988 50.0220001388 50.0220001988 50.0300001388 50.0300001988 50.0310001388 50.0310001988 50.0320001388 50.0320001988 50.0380001388 50.0380001988 50.0420001388 50.0420001988 50.0500001388 50.0500001988 50.0510001388 50.0510001988 50.0520001388 50.0520001988 50.0580001388 50.0580001988 50.0620001388 50.0620001988 50.0700001388 50.0700001988 50.0710001388 50.0710001988 50.0720001388 50.0720001988 50.0780001388 50.0780001988 50.0820001388 50.0820001988 50.0900001388 50.0900001988 50.0910001388 50.0910001988 50.0920001388 50.0920001988 50.0980001388 50.0980001988 50.1020001388 50.1020001988 50.1100001388 50.1100001988 50.1110001388 50.1110001988 50.1120001388 50.1120001988 50.1180001388 50.1180001988 50.1220001388 50.1220001988 50.1300001388 50.1300001988 50.1310001388 50.1310001988 50.1320001388 50.1320001988 50.1380001388 50.1380001988 50.1420001388 50.1420001988 50.1500001388 50.1500001988 50.1510001388 50.1510001988 50.1520001388 50.1520001988 50.1580001388 50.1580001988 50.1620001388 50.1620001988 50.1700001388 50.1700001988 50.1710001388 50.1710001988 50.1720001388 50.1720001988 50.1780001388 50.1780001988 50.1820001388 50.1820001988 50.1900001388 50.1900001988 50.1910001388 50.1910001988 50.1920001388 50.1920001988 50.1980001388 50.1980001988 50.2020001388 50.2020001988 50.2110001388 50.2110001988 50.2120001388 50.2120001988 50.2160001388 50.2160001988 50.2180001388 50.2180001988 50.2220001388 50.2220001988 50.2300001388 50.2300001988 50.2310001388 50.2310001988 50.2320001388 50.2320001988 50.2380001388 50.2380001988 50.2420001388 50.2420001988 50.2500001388 50.2500001988 50.2510001388 50.2510001988 50.2520001388 50.2520001988 50.2580001388 50.2580001988 50.2620001388 50.2620001988 50.2700001388 50.2700001988 50.2710001388 50.2710001988 50.2720001388 50.2720001988 50.2780001388 50.2780001988 50.2820001388 50.2820001988 50.2900001388 50.2900001988 50.2910001388 50.2910001988 50.2920001388 50.2920001988 50.2980001388 50.2980001988 50.3020001388 50.3020001988 50.3100001388 50.3100001988 50.3110001388 50.3110001988 50.3120001388 50.3120001988 50.3180001388 50.3180001988 50.3220001388 50.3220001988 50.3300001388 50.3300001988 50.3310001388 50.3310001988 50.3320001388 50.3320001988 50.3380001388 50.3380001988 50.3420001388 50.3420001988 50.3500001388 50.3500001988 50.3510001388 50.3510001988 50.3520001388 50.3520001988 50.3580001388 50.3580001988 50.3620001388 50.3620001988 50.3700001388 50.3700001988 50.3710001388 50.3710001988 50.3720001388 50.3720001988 50.3780001388 50.3780001988 50.3820001388 50.3820001988 50.3900001388 50.3900001988 50.3910001388 50.3910001988 50.3920001388 50.3920001988 50.3980001388 50.3980001988 50.4100001388 50.4100001988 50.4110001388 50.4110001988 50.4180001388 50.4180001988 50.4300001388 50.4300001988 50.4310001388 50.4310001988 50.4380001388 50.4380001988 50.4500001388 50.4500001988 50.4510001388 50.4510001988 50.4580001388 50.4580001988 50.4700001388 50.4700001988 50.4710001388 50.4710001988 50.4780001388 50.4780001988 50.4900001388 50.4900001988 50.4910001388 50.4910001988 50.4980001388 50.4980001988 50.5110001388 50.5110001988 50.5160001388 50.5160001988 50.5180001388 50.5180001988 50.5300001388 50.5300001988 50.5310001388 50.5310001988 50.5380001388 50.5380001988 50.5500001388 50.5500001988 50.5510001388 50.5510001988 50.5560001388 50.5560001988 50.5580001388 50.5580001988 50.5700001388 50.5700001988 50.5710001388 50.5710001988 50.5760001388 50.5760001988 50.5780001388 50.5780001988 50.5900001388 50.5900001988 50.5910001388 50.5910001988 50.5960001388 50.5960001988 50.5980001388 50.5980001988 50.6100001388 50.6100001988 50.6110001388 50.6110001988 50.6160001388 50.6160001988 50.6180001388 50.6180001988 50.6300001388 50.6300001988 50.6310001388 50.6310001988 50.6360001388 50.6360001988 50.6380001388 50.6380001988 50.6500001388 50.6500001988 50.6510001388 50.6510001988 50.6560001388 50.6560001988 50.6580001388 50.6580001988 50.6700001388 50.6700001988 50.6710001388 50.6710001988 50.6760001388 50.6760001988 50.6780001388 50.6780001988 50.6900001388 50.6900001988 50.6910001388 50.6910001988 50.6960001388 50.6960001988 50.6980001388 50.6980001988 50.7100001388 50.7100001988 50.7110001388 50.7110001988 50.7160001388 50.7160001988 50.7180001388 50.7180001988 50.7300001388 50.7300001988 50.7310001388 50.7310001988 50.7360001388 50.7360001988 50.7380001388 50.7380001988 50.7500001388 50.7500001988 50.7510001388 50.7510001988 50.7560001388 50.7560001988 50.7580001388 50.7580001988 50.7700001388 50.7700001988 50.7710001388 50.7710001988 50.7760001388 50.7760001988 50.7780001388 50.7780001988 50.7900001388 50.7900001988 50.7910001388 50.7910001988 50.7960001388 50.7960001988 50.7980001388 50.7980001988 50.8100001388 50.8100001988 50.8110001388 50.8110001988 50.8160001388 50.8160001988 50.8180001388 50.8180001988 50.8300001388 50.8300001988 50.8310001388 50.8310001988 50.8360001388 50.8360001988 50.8380001388 50.8380001988 50.8500001388 50.8500001988 50.8510001388 50.8510001988 50.8560001388 50.8560001988 50.8580001388 50.8580001988 50.8700001388 50.8700001988 50.8710001388 50.8710001988 50.8760001388 50.8760001988 50.8780001388 50.8780001988 50.8900001388 50.8900001988 50.8910001388 50.8910001988 50.8960001388 50.8960001988 50.8980001388 50.8980001988 50.9100001388 50.9100001988 50.9110001388 50.9110001988 50.9160001388 50.9160001988 50.9180001388 50.9180001988 50.9300001388 50.9300001988 50.9310001388 50.9310001988 50.9360001388 50.9360001988 50.9380001388 50.9380001988 50.9500001388 50.9500001988 50.9510001388 50.9510001988 50.9560001388 50.9560001988 50.9580001388 50.9580001988 50.9700001388 50.9700001988 50.9710001388 50.9710001988 50.9760001388 50.9760001988 50.9780001388 50.9780001988 50.9900001388 50.9900001988 50.9910001388 50.9910001988 50.9960001388 50.9960001988 50.9980001388 50.9980001988 51.0100001388 51.0100001988 51.0110001388 51.0110001988 51.0160001388 51.0160001988 51.0180001388 51.0180001988 51.0300001388 51.0300001988 51.0310001388 51.0310001988 51.0360001388 51.0360001988 51.0380001388 51.0380001988 51.0500001388 51.0500001988 51.0510001388 51.0510001988 51.0560001388 51.0560001988 51.0580001388 51.0580001988 51.0700001388 51.0700001988 51.0710001388 51.0710001988 51.0760001388 51.0760001988 51.0780001388 51.0780001988 51.0900001388 51.0900001988 51.0910001388 51.0910001988 51.0960001388 51.0960001988 51.0980001388 51.0980001988 51.1100001388 51.1100001988 51.1110001388 51.1110001988 51.1160001388 51.1160001988 51.1180001388 51.1180001988 51.1300001388 51.1300001988 51.1310001388 51.1310001988 51.1360001388 51.1360001988 51.1380001388 51.1380001988 51.1500001388 51.1500001988 51.1510001388 51.1510001988 51.1560001388 51.1560001988 51.1580001388 51.1580001988 51.1700001388 51.1700001988 51.1710001388 51.1710001988 51.1760001388 51.1760001988 51.1780001388 51.1780001988 51.1900001388 51.1900001988 51.1910001388 51.1910001988 51.1960001388 51.1960001988 51.1980001388 51.1980001988 51.2100001388 51.2100001988 51.2110001388 51.2110001988 51.2160001388 51.2160001988 51.2180001388 51.2180001988 51.2300001388 51.2300001988 51.2310001388 51.2310001988 51.2380001388 51.2380001988 51.2500001388 51.2500001988 51.2510001388 51.2510001988 51.2580001388 51.2580001988 51.2700001388 51.2700001988 51.2710001388 51.2710001988 51.2780001388 51.2780001988 51.2900001388 51.2900001988 51.2910001388 51.2910001988 51.2980001388 51.2980001988 51.3010001388 51.3010001988 51.3100001388 51.3100001988 51.3110001388 51.3110001988 51.3180001388 51.3180001988 51.3210001388 51.3210001988 51.3300001388 51.3300001988 51.3310001388 51.3310001988 51.3380001388 51.3380001988 51.3410001388 51.3410001988 51.3500001388 51.3500001988 51.3510001388 51.3510001988 51.3580001388 51.3580001988 51.3610001388 51.3610001988 51.3700001388 51.3700001988 51.3710001388 51.3710001988 51.3780001388 51.3780001988 51.3810001388 51.3810001988 51.3900001388 51.3900001988 51.3910001388 51.3910001988 51.3980001388 51.3980001988 51.4010001388 51.4010001988 51.4100001388 51.4100001988 51.4110001388 51.4110001988 51.4180001388 51.4180001988 51.4210001388 51.4210001988 51.4300001388 51.4300001988 51.4310001388 51.4310001988 51.4380001388 51.4380001988 51.4410001388 51.4410001988 51.4500001388 51.4500001988 51.4510001388 51.4510001988 51.4580001388 51.4580001988 51.4610001388 51.4610001988 51.4700001388 51.4700001988 51.4710001388 51.4710001988 51.4780001388 51.4780001988 51.4810001388 51.4810001988 51.4900001388 51.4900001988 51.4910001388 51.4910001988 51.4980001388 51.4980001988 51.5010001388 51.5010001988 51.5100001388 51.5100001988 51.5110001388 51.5110001988 51.5180001388 51.5180001988 51.5210001388 51.5210001988 51.5300001388 51.5300001988 51.5310001388 51.5310001988 51.5380001388 51.5380001988 51.5410001388 51.5410001988 51.5500001388 51.5500001988 51.5510001388 51.5510001988 51.5580001388 51.5580001988 51.5610001388 51.5610001988 51.5700001388 51.5700001988 51.5710001388 51.5710001988 51.5780001388 51.5780001988 51.5810001388 51.5810001988 51.5900001388 51.5900001988 51.5910001388 51.5910001988 51.5980001388 51.5980001988 51.6010001388 51.6010001988 51.6100001388 51.6100001988 51.6110001388 51.6110001988 51.6180001388 51.6180001988 51.6210001388 51.6210001988 51.6300001388 51.6300001988 51.6310001388 51.6310001988 51.6380001388 51.6380001988 51.6410001388 51.6410001988 51.6500001388 51.6500001988 51.6510001388 51.6510001988 51.6580001388 51.6580001988 51.6610001388 51.6610001988 51.6700001388 51.6700001988 51.6710001388 51.6710001988 51.6780001388 51.6780001988 51.6810001388 51.6810001988 51.6900001388 51.6900001988 51.6910001388 51.6910001988 51.6980001388 51.6980001988 51.7010001388 51.7010001988 51.7100001388 51.7100001988 51.7110001388 51.7110001988 51.7180001388 51.7180001988 51.7210001388 51.7210001988 51.7300001388 51.7300001988 51.7310001388 51.7310001988 51.7380001388 51.7380001988 51.7410001388 51.7410001988 51.7500001388 51.7500001988 51.7510001388 51.7510001988 51.7580001388 51.7580001988 51.7610001388 51.7610001988 51.7700001388 51.7700001988 51.7710001388 51.7710001988 51.7780001388 51.7780001988 51.7810001388 51.7810001988 51.7900001388 51.7900001988 51.7910001388 51.7910001988 51.7980001388 51.7980001988 51.8010001388 51.8010001988 51.8100001388 51.8100001988 51.8110001388 51.8110001988 51.8180001388 51.8180001988 51.8210001388 51.8210001988 51.8300001388 51.8300001988 51.8310001388 51.8310001988 51.8380001388 51.8380001988 51.8410001388 51.8410001988 51.8500001388 51.8500001988 51.8510001388 51.8510001988 51.8580001388 51.8580001988 51.8610001388 51.8610001988 51.8700001388 51.8700001988 51.8710001388 51.8710001988 51.8780001388 51.8780001988 51.8810001388 51.8810001988 51.8900001388 51.8900001988 51.8910001388 51.8910001988 51.8980001388 51.8980001988 51.9010001388 51.9010001988 51.9100001388 51.9100001988 51.9110001388 51.9110001988 51.9180001388 51.9180001988 51.9210001388 51.9210001988 51.9300001388 51.9300001988 51.9310001388 51.9310001988 51.9380001388 51.9380001988 51.9410001388 51.9410001988 51.9500001388 51.9500001988 51.9510001388 51.9510001988 51.9580001388 51.9580001988 51.9610001388 51.9610001988 51.9700001388 51.9700001988 51.9710001388 51.9710001988 51.9780001388 51.9780001988 51.9810001388 51.9810001988 51.9900001388 51.9900001988 51.9910001388 51.9910001988 51.9980001388 51.9980001988 52.0010001388 52.0010001988 52.0110001388 52.0110001988 52.0180001388 52.0180001988 52.0210001388 52.0210001988 52.0310001388 52.0310001988 52.0380001388 52.0380001988 52.0410001388 52.0410001988 52.0510001388 52.0510001988 52.0580001388 52.0580001988 52.0610001388 52.0610001988 52.0640001388 52.0640001988 52.0640002276 52.0640002876 52.0640003164 52.0640003764 52.0700001388 52.0700001988 52.0710001388 52.0710001988 52.0780001388 52.0780001988 52.0810001388 52.0810001988 52.0900001388 52.0900001988 52.0910001388 52.0910001988 52.0980001388 52.0980001988 52.1010001388 52.1010001988 52.1100001388 52.1100001988 52.1110001388 52.1110001988 52.1180001388 52.1180001988 52.1210001388 52.1210001988 52.1300001388 52.1300001988 52.1310001388 52.1310001988 52.1380001388 52.1380001988 52.1410001388 52.1410001988 52.1500001388 52.1500001988 52.1510001388 52.1510001988 52.1580001388 52.1580001988 52.1610001388 52.1610001988 52.1700001388 52.1700001988 52.1710001388 52.1710001988 52.1780001388 52.1780001988 52.1810001388 52.1810001988 52.1900001388 52.1900001988 52.1910001388 52.1910001988 52.1980001388 52.1980001988 52.2010001388 52.2010001988 52.2100001388 52.2100001988 52.2110001388 52.2110001988 52.2180001388 52.2180001988 52.2300001388 52.2300001988 52.2310001388 52.2310001988 52.2380001388 52.2380001988 52.2500001388 52.2500001988 52.2510001388 52.2510001988 52.2580001388 52.2580001988 52.2700001388 52.2700001988 52.2710001388 52.2710001988 52.2780001388 52.2780001988 52.2900001388 52.2900001988 52.2910001388 52.2910001988 52.2980001388 52.2980001988 52.3100001388 52.3100001988 52.3110001388 52.3110001988 52.3180001388 52.3180001988 52.3300001388 52.3300001988 52.3310001388 52.3310001988 52.3380001388 52.3380001988 52.3500001388 52.3500001988 52.3510001388 52.3510001988 52.3580001388 52.3580001988 52.3700001388 52.3700001988 52.3710001388 52.3710001988 52.3780001388 52.3780001988 52.3900001388 52.3900001988 52.3910001388 52.3910001988 52.3980001388 52.3980001988 52.4100001388 52.4100001988 52.4110001388 52.4110001988 52.4180001388 52.4180001988 52.4300001388 52.4300001988 52.4310001388 52.4310001988 52.4380001388 52.4380001988 52.4500001388 52.4500001988 52.4510001388 52.4510001988 52.4580001388 52.4580001988 52.4700001388 52.4700001988 52.4710001388 52.4710001988 52.4780001388 52.4780001988 52.4900001388 52.4900001988 52.4910001388 52.4910001988 52.4980001388 52.4980001988 52.5100001388 52.5100001988 52.5110001388 52.5110001988 52.5180001388 52.5180001988 52.5300001388 52.5300001988 52.5310001388 52.5310001988 52.5380001388 52.5380001988 52.5500001388 52.5500001988 52.5510001388 52.5510001988 52.5580001388 52.5580001988 52.5700001388 52.5700001988 52.5710001388 52.5710001988 52.5780001388 52.5780001988 52.5900001388 52.5900001988 52.5910001388 52.5910001988 52.5980001388 52.5980001988 52.6100001388 52.6100001988 52.6110001388 52.6110001988 52.6180001388 52.6180001988 52.6300001388 52.6300001988 52.6310001388 52.6310001988 52.6380001388 52.6380001988 52.6500001388 52.6500001988 52.6510001388 52.6510001988 52.6580001388 52.6580001988 52.6700001388 52.6700001988 52.6710001388 52.6710001988 52.6780001388 52.6780001988 52.6900001388 52.6900001988 52.6910001388 52.6910001988 52.6980001388 52.6980001988 52.7100001388 52.7100001988 52.7110001388 52.7110001988 52.7180001388 52.7180001988 52.7300001388 52.7300001988 52.7310001388 52.7310001988 52.7380001388 52.7380001988 52.7500001388 52.7500001988 52.7510001388 52.7510001988 52.7580001388 52.7580001988 52.7700001388 52.7700001988 52.7710001388 52.7710001988 52.7780001388 52.7780001988 52.7900001388 52.7900001988 52.7910001388 52.7910001988 52.7980001388 52.7980001988 52.8100001388 52.8100001988 52.8110001388 52.8110001988 52.8180001388 52.8180001988 52.8300001388 52.8300001988 52.8310001388 52.8310001988 52.8380001388 52.8380001988 52.8500001388 52.8500001988 52.8510001388 52.8510001988 52.8580001388 52.8580001988 52.8700001388 52.8700001988 52.8710001388 52.8710001988 52.8780001388 52.8780001988 52.8900001388 52.8900001988 52.8910001388 52.8910001988 52.8980001388 52.8980001988 52.9100001388 52.9100001988 52.9110001388 52.9110001988 52.9180001388 52.9180001988 52.9300001388 52.9300001988 52.9310001388 52.9310001988 52.9380001388 52.9380001988 52.9500001388 52.9500001988 52.9510001388 52.9510001988 52.9580001388 52.9580001988 52.9700001388 52.9700001988 52.9710001388 52.9710001988 52.9780001388 52.9780001988 52.9900001388 52.9900001988 52.9910001388 52.9910001988 52.9980001388 52.9980001988 53.0100001388 53.0100001988 53.0110001388 53.0110001988 53.0180001388 53.0180001988 53.0300001388 53.0300001988 53.0310001388 53.0310001988 53.0380001388 53.0380001988 53.0500001388 53.0500001988 53.0510001388 53.0510001988 53.0580001388 53.0580001988 53.0700001388 53.0700001988 53.0710001388 53.0710001988 53.0780001388 53.0780001988 53.0900001388 53.0900001988 53.0910001388 53.0910001988 53.0980001388 53.0980001988 53.1100001388 53.1100001988 53.1110001388 53.1110001988 53.1180001388 53.1180001988 53.1300001388 53.1300001988 53.1310001388 53.1310001988 53.1380001388 53.1380001988 53.1500001388 53.1500001988 53.1510001388 53.1510001988 53.1580001388 53.1580001988 53.1700001388 53.1700001988 53.1710001388 53.1710001988 53.1780001388 53.1780001988 53.1900001388 53.1900001988 53.1910001388 53.1910001988 53.1980001388 53.1980001988 53.2100001388 53.2100001988 53.2110001388 53.2110001988 53.2180001388 53.2180001988 53.2300001388 53.2300001988 53.2310001388 53.2310001988 53.2380001388 53.2380001988 53.2500001388 53.2500001988 53.2510001388 53.2510001988 53.2580001388 53.2580001988 53.2700001388 53.2700001988 53.2710001388 53.2710001988 53.2780001388 53.2780001988 53.2900001388 53.2900001988 53.2910001388 53.2910001988 53.2980001388 53.2980001988 53.3100001388 53.3100001988 53.3110001388 53.3110001988 53.3180001388 53.3180001988 53.3300001388 53.3300001988 53.3310001388 53.3310001988 53.3380001388 53.3380001988 53.3500001388 53.3500001988 53.3510001388 53.3510001988 53.3580001388 53.3580001988 53.3700001388 53.3700001988 53.3710001388 53.3710001988 53.3780001388 53.3780001988 53.3900001388 53.3900001988 53.3910001388 53.3910001988 53.3980001388 53.3980001988 53.4100001388 53.4100001988 53.4110001388 53.4110001988 53.4180001388 53.4180001988 53.4300001388 53.4300001988 53.4310001388 53.4310001988 53.4380001388 53.4380001988 53.4500001388 53.4500001988 53.4510001388 53.4510001988 53.4580001388 53.4580001988 53.4700001388 53.4700001988 53.4710001388 53.4710001988 53.4780001388 53.4780001988 53.4900001388 53.4900001988 53.4910001388 53.4910001988 53.4980001388 53.4980001988 53.5100001388 53.5100001988 53.5110001388 53.5110001988 53.5180001388 53.5180001988 53.5300001388 53.5300001988 53.5310001388 53.5310001988 53.5380001388 53.5380001988 53.5500001388 53.5500001988 53.5510001388 53.5510001988 53.5580001388 53.5580001988 53.5700001388 53.5700001988 53.5710001388 53.5710001988 53.5780001388 53.5780001988 53.5900001388 53.5900001988 53.5910001388 53.5910001988 53.5980001388 53.5980001988 53.6100001388 53.6100001988 53.6110001388 53.6110001988 53.6180001388 53.6180001988 53.6300001388 53.6300001988 53.6310001388 53.6310001988 53.6380001388 53.6380001988 53.6500001388 53.6500001988 53.6580001388 53.6580001988 53.6700001388 53.6700001988 53.6780001388 53.6780001988 53.6790001388 53.6790001988 53.6900001388 53.6900001988 53.6980001388 53.6980001988 53.6990001388 53.6990001988 53.7100001388 53.7100001988 53.7180001388 53.7180001988 53.7190001388 53.7190001988 53.7300001388 53.7300001988 53.7380001388 53.7380001988 53.7390001388 53.7390001988 53.7500001388 53.7500001988 53.7580001388 53.7580001988 53.7590001388 53.7590001988 53.7700001388 53.7700001988 53.7780001388 53.7780001988 53.7790001388 53.7790001988 53.7900001388 53.7900001988 53.7980001388 53.7980001988 53.7990001388 53.7990001988 53.8100001388 53.8100001988 53.8180001388 53.8180001988 53.8190001388 53.8190001988 53.8300001388 53.8300001988 53.8380001388 53.8380001988 53.8390001388 53.8390001988 53.8500001388 53.8500001988 53.8580001388 53.8580001988 53.8590001388 53.8590001988 53.8700001388 53.8700001988 53.8780001388 53.8780001988 53.8790001388 53.8790001988 53.8900001388 53.8900001988 53.8980001388 53.8980001988 53.8990001388 53.8990001988 53.9160001388 53.9160001988 53.9180001388 53.9180001988 53.9190001388 53.9190001988 53.9300001388 53.9300001988 53.9380001388 53.9380001988 53.9390001388 53.9390001988 53.9500001388 53.9500001988 53.9580001388 53.9580001988 53.9590001388 53.9590001988 53.9700001388 53.9700001988 53.9780001388 53.9780001988 53.9790001388 53.9790001988 53.9900001388 53.9900001988 53.9980001388 53.9980001988 53.9990001388 53.9990001988 54.0100001388 54.0100001988 54.0180001388 54.0180001988 54.0190001388 54.0190001988 54.0300001388 54.0300001988 54.0380001388 54.0380001988 54.0390001388 54.0390001988 54.0500001388 54.0500001988 54.0580001388 54.0580001988 54.0590001388 54.0590001988 54.0700001388 54.0700001988 54.0780001388 54.0780001988 54.0790001388 54.0790001988 54.0900001388 54.0900001988 54.0980001388 54.0980001988 54.0990001388 54.0990001988 54.1100001388 54.1100001988 54.1180001388 54.1180001988 54.1190001388 54.1190001988 54.1300001388 54.1300001988 54.1380001388 54.1380001988 54.1390001388 54.1390001988 54.1500001388 54.1500001988 54.1580001388 54.1580001988 54.1590001388 54.1590001988 54.1700001388 54.1700001988 54.1780001388 54.1780001988 54.1790001388 54.1790001988 54.1900001388 54.1900001988 54.1980001388 54.1980001988 54.1990001388 54.1990001988 54.2100001388 54.2100001988 54.2180001388 54.2180001988 54.2190001388 54.2190001988 54.2300001388 54.2300001988 54.2380001388 54.2380001988 54.2390001388 54.2390001988 54.2500001388 54.2500001988 54.2580001388 54.2580001988 54.2590001388 54.2590001988 54.2700001388 54.2700001988 54.2780001388 54.2780001988 54.2790001388 54.2790001988 54.2900001388 54.2900001988 54.2980001388 54.2980001988 54.2990001388 54.2990001988 54.3100001388 54.3100001988 54.3180001388 54.3180001988 54.3190001388 54.3190001988 54.3300001388 54.3300001988 54.3380001388 54.3380001988 54.3390001388 54.3390001988 54.3470001388 54.3470001988 54.3500001388 54.3500001988 54.3580001388 54.3580001988 54.3590001388 54.3590001988 54.3670001388 54.3670001988 54.3700001388 54.3700001988 54.3780001388 54.3780001988 54.3790001388 54.3790001988 54.3870001388 54.3870001988 54.3900001388 54.3900001988 54.3980001388 54.3980001988 54.3990001388 54.3990001988 54.4070001388 54.4070001988 54.4100001388 54.4100001988 54.4180001388 54.4180001988 54.4190001388 54.4190001988 54.4270001388 54.4270001988 54.4300001388 54.4300001988 54.4380001388 54.4380001988 54.4390001388 54.4390001988 54.4470001388 54.4470001988 54.4500001388 54.4500001988 54.4580001388 54.4580001988 54.4590001388 54.4590001988 54.4670001388 54.4670001988 54.4700001388 54.4700001988 54.4780001388 54.4780001988 54.4790001388 54.4790001988 54.4900001388 54.4900001988 54.4980001388 54.4980001988 54.4990001388 54.4990001988 54.5100001388 54.5100001988 54.5180001388 54.5180001988 54.5190001388 54.5190001988 54.5300001388 54.5300001988 54.5380001388 54.5380001988 54.5390001388 54.5390001988 54.5500001388 54.5500001988 54.5580001388 54.5580001988 54.5590001388 54.5590001988 54.5700001388 54.5700001988 54.5780001388 54.5780001988 54.5790001388 54.5790001988 54.5900001388 54.5900001988 54.5980001388 54.5980001988 54.5990001388 54.5990001988 54.6100001388 54.6100001988 54.6180001388 54.6180001988 54.6190001388 54.6190001988 54.6300001388 54.6300001988 54.6380001388 54.6380001988 54.6390001388 54.6390001988 54.6500001388 54.6500001988 54.6530001388 54.6530001988 54.6580001388 54.6580001988 54.6590001388 54.6590001988 54.6700001388 54.6700001988 54.6730001388 54.6730001988 54.6780001388 54.6780001988 54.6790001388 54.6790001988 54.6900001388 54.6900001988 54.6930001388 54.6930001988 54.6980001388 54.6980001988 54.6990001388 54.6990001988 54.7100001388 54.7100001988 54.7130001388 54.7130001988 54.7180001388 54.7180001988 54.7190001388 54.7190001988 54.7300001388 54.7300001988 54.7330001388 54.7330001988 54.7380001388 54.7380001988 54.7390001388 54.7390001988 54.7500001388 54.7500001988 54.7530001388 54.7530001988 54.7580001388 54.7580001988 54.7590001388 54.7590001988 54.7700001388 54.7700001988 54.7730001388 54.7730001988 54.7780001388 54.7780001988 54.7790001388 54.7790001988 54.7900001388 54.7900001988 54.7930001388 54.7930001988 54.7980001388 54.7980001988 54.7990001388 54.7990001988 54.8100001388 54.8100001988 54.8130001388 54.8130001988 54.8180001388 54.8180001988 54.8190001388 54.8190001988 54.8300001388 54.8300001988 54.8330001388 54.8330001988 54.8380001388 54.8380001988 54.8390001388 54.8390001988 54.8500001388 54.8500001988 54.8530001388 54.8530001988 54.8580001388 54.8580001988 54.8590001388 54.8590001988 54.8700001388 54.8700001988 54.8730001388 54.8730001988 54.8780001388 54.8780001988 54.8790001388 54.8790001988 54.8900001388 54.8900001988 54.8930001388 54.8930001988 54.8980001388 54.8980001988 54.8990001388 54.8990001988 54.9130001388 54.9130001988 54.9160001388 54.9160001988 54.9180001388 54.9180001988 54.9190001388 54.9190001988 54.9300001388 54.9300001988 54.9330001388 54.9330001988 54.9380001388 54.9380001988 54.9390001388 54.9390001988 54.9500001388 54.9500001988 54.9530001388 54.9530001988 54.9580001388 54.9580001988 54.9590001388 54.9590001988 54.9700001388 54.9700001988 54.9730001388 54.9730001988 54.9780001388 54.9780001988 54.9790001388 54.9790001988 54.9900001388 54.9900001988 54.9930001388 54.9930001988 54.9980001388 54.9980001988 54.9990001388 54.9990001988 55.0100001388 55.0100001988 55.0130001388 55.0130001988 55.0180001388 55.0180001988 55.0190001388 55.0190001988 55.0300001388 55.0300001988 55.0330001388 55.0330001988 55.0380001388 55.0380001988 55.0390001388 55.0390001988 55.0500001388 55.0500001988 55.0530001388 55.0530001988 55.0580001388 55.0580001988 55.0590001388 55.0590001988 55.0700001388 55.0700001988 55.0730001388 55.0730001988 55.0790001388 55.0790001988 55.0900001388 55.0900001988 55.0930001388 55.0930001988 55.0990001388 55.0990001988 55.1100001388 55.1100001988 55.1190001388 55.1190001988 55.1300001388 55.1300001988 55.1390001388 55.1390001988 55.1500001388 55.1500001988 55.1590001388 55.1590001988 55.1700001388 55.1700001988 55.1790001388 55.1790001988 55.1900001388 55.1900001988 55.1990001388 55.1990001988 55.2010001388 55.2010001988 55.2100001388 55.2100001988 55.2190001388 55.2190001988 55.2210001388 55.2210001988 55.2300001388 55.2300001988 55.2390001388 55.2390001988 55.2410001388 55.2410001988 55.2500001388 55.2500001988 55.2590001388 55.2590001988 55.2610001388 55.2610001988 55.2700001388 55.2700001988 55.2790001388 55.2790001988 55.2810001388 55.2810001988 55.2900001388 55.2900001988 55.2990001388 55.2990001988 55.3010001388 55.3010001988 55.3100001388 55.3100001988 55.3190001388 55.3190001988 55.3210001388 55.3210001988 55.3260001388 55.3260001988 55.3300001388 55.3300001988 55.3390001388 55.3390001988 55.3410001388 55.3410001988 55.3460001388 55.3460001988 55.3500001388 55.3500001988 55.3590001388 55.3590001988 55.3610001388 55.3610001988 55.3660001388 55.3660001988 55.3700001388 55.3700001988 55.3790001388 55.3790001988 55.3810001388 55.3810001988 55.3860001388 55.3860001988 55.3900001388 55.3900001988 55.3990001388 55.3990001988 55.4010001388 55.4010001988 55.4060001388 55.4060001988 55.4100001388 55.4100001988 55.4190001388 55.4190001988 55.4210001388 55.4210001988 55.4300001388 55.4300001988 55.4390001388 55.4390001988 55.4410001388 55.4410001988 55.4500001388 55.4500001988 55.4590001388 55.4590001988 55.4610001388 55.4610001988 55.4700001388 55.4700001988 55.4790001388 55.4790001988 55.4810001388 55.4810001988 55.4900001388 55.4900001988 55.4990001388 55.4990001988 55.5010001388 55.5010001988 55.5100001388 55.5100001988 55.5190001388 55.5190001988 55.5210001388 55.5210001988 55.5300001388 55.5300001988 55.5390001388 55.5390001988 55.5410001388 55.5410001988 55.5500001388 55.5500001988 55.5590001388 55.5590001988 55.5610001388 55.5610001988 55.5700001388 55.5700001988 55.5790001388 55.5790001988 55.5810001388 55.5810001988 55.5900001388 55.5900001988 55.5990001388 55.5990001988 55.6010001388 55.6010001988 55.6100001388 55.6100001988 55.6190001388 55.6190001988 55.6210001388 55.6210001988 55.6300001388 55.6300001988 55.6390001388 55.6390001988 55.6410001388 55.6410001988 55.6500001388 55.6500001988 55.6590001388 55.6590001988 55.6610001388 55.6610001988 55.6700001388 55.6700001988 55.6790001388 55.6790001988 55.6810001388 55.6810001988 55.6900001388 55.6900001988 55.6990001388 55.6990001988 55.7010001388 55.7010001988 55.7100001388 55.7100001988 55.7190001388 55.7190001988 55.7210001388 55.7210001988 55.7300001388 55.7300001988 55.7390001388 55.7390001988 55.7410001388 55.7410001988 55.7500001388 55.7500001988 55.7590001388 55.7590001988 55.7610001388 55.7610001988 55.7700001388 55.7700001988 55.7790001388 55.7790001988 55.7810001388 55.7810001988 55.7900001388 55.7900001988 55.7990001388 55.7990001988 55.8010001388 55.8010001988 55.8100001388 55.8100001988 55.8190001388 55.8190001988 55.8210001388 55.8210001988 55.8300001388 55.8300001988 55.8390001388 55.8390001988 55.8410001388 55.8410001988 55.8500001388 55.8500001988 55.8590001388 55.8590001988 55.8610001388 55.8610001988 55.8700001388 55.8700001988 55.8790001388 55.8790001988 55.8810001388 55.8810001988 55.8990001388 55.8990001988 55.9010001388 55.9010001988 55.9190001388 55.9190001988 55.9210001388 55.9210001988 55.9390001388 55.9390001988 55.9410001388 55.9410001988 55.9590001388 55.9590001988 55.9610001388 55.9610001988 55.9790001388 55.9790001988 55.9810001388 55.9810001988 55.9990001388 55.9990001988 56.0010001388 56.0010001988 56.0190001388 56.0190001988 56.0210001388 56.0210001988 56.0390001388 56.0390001988 56.0410001388 56.0410001988 56.0590001388 56.0590001988 56.0610001388 56.0610001988 56.0790001388 56.0790001988 56.0810001388 56.0810001988 56.0990001388 56.0990001988 56.1010001388 56.1010001988 56.1190001388 56.1190001988 56.1210001388 56.1210001988 56.1390001388 56.1390001988 56.1410001388 56.1410001988 56.1590001388 56.1590001988 56.1610001388 56.1610001988 56.1790001388 56.1790001988 56.1810001388 56.1810001988 56.1990001388 56.1990001988 56.2010001388 56.2010001988 56.2190001388 56.2190001988 56.2210001388 56.2210001988 56.2390001388 56.2390001988 56.2410001388 56.2410001988 56.2590001388 56.2590001988 56.2610001388 56.2610001988 56.2790001388 56.2790001988 56.2810001388 56.2810001988 56.2990001388 56.2990001988 56.3010001388 56.3010001988 56.3190001388 56.3190001988 56.3210001388 56.3210001988 56.3410001388 56.3410001988 56.3610001388 56.3610001988 56.3810001388 56.3810001988 56.4010001388 56.4010001988 56.4210001388 56.4210001988 56.4410001388 56.4410001988 56.4610001388 56.4610001988 56.4810001388 56.4810001988 56.5010001388 56.5010001988 56.5210001388 56.5210001988 56.5410001388 56.5410001988 56.5610001388 56.5610001988 56.5810001388 56.5810001988 56.6450001388 56.6450001988 56.6650001388 56.6650001988 56.6850001388 56.6850001988 56.7050001388 56.7050001988 56.7250001388 56.7250001988 56.7450001388 56.7450001988 56.7650001388 56.7650001988 56.7850001388 56.7850001988 56.8050001388 56.8050001988 56.8250001388 56.8250001988 56.8450001388 56.8450001988 56.8650001388 56.8650001988 56.8850001388 56.8850001988 56.9050001388 56.9050001988 56.9100001388 56.9100001988 56.9250001388 56.9250001988 56.9300001388 56.9300001988 56.9450001388 56.9450001988 56.9500001388 56.9500001988 56.9650001388 56.9650001988 56.9700001388 56.9700001988 56.9850001388 56.9850001988 56.9900001388 56.9900001988 57.0050001388 57.0050001988 57.0250001388 57.0250001988 57.0450001388 57.0450001988 57.0650001388 57.0650001988 57.0850001388 57.0850001988 57.1050001388 57.1050001988 57.1250001388 57.1250001988 57.1450001388 57.1450001988 57.1650001388 57.1650001988 57.1850001388 57.1850001988 57.2050001388 57.2050001988 57.2250001388 57.2250001988 57.2450001388 57.2450001988 57.2650001388 57.2650001988 57.2850001388 57.2850001988 57.3050001388 57.3050001988 57.3250001388 57.3250001988 57.3450001388 57.3450001988 57.3650001388 57.3650001988 57.3850001388 57.3850001988 57.4050001388 57.4050001988 57.4250001388 57.4250001988 57.4450001388 57.4450001988 57.4650001388 57.4650001988 57.4850001388 57.4850001988 57.5050001388 57.5050001988 57.5250001388 57.5250001988 57.5250002276 57.5250002876 57.5450001388 57.5450001988 57.5450002276 57.5450002876 57.5650001388 57.5650001988 57.5650002276 57.5650002876 57.5850001388 57.5850001988 57.5850002276 57.5850002876 57.6050001388 57.6050001988 57.6110001388 57.6110001988 57.6250001388 57.6250001988 57.6250002276 57.6250002876 57.6450001388 57.6450001988 57.6450002276 57.6450002876 57.6650001388 57.6650001988 57.6650002276 57.6650002876 57.6850001388 57.6850001988 57.6850002276 57.6850002876 57.7050001388 57.7050001988 57.7050002276 57.7050002876 57.7250001388 57.7250001988 57.7250002276 57.7250002876 57.7450001388 57.7450001988 57.7450002276 57.7450002876 57.7650001388 57.7650001988 57.7650002276 57.7650002876 57.7850001388 57.7850001988 57.7850002276 57.7850002876 57.8050001388 57.8050001988 57.8050002276 57.8050002876 57.8250001388 57.8250001988 57.8250002276 57.8250002876 57.8450001388 57.8450001988 57.8450002276 57.8450002876 57.8650001388 57.8650001988 57.8650002276 57.8650002876 57.8850001388 57.8850001988 57.8850002276 57.8850002876 57.9050001388 57.9050001988 57.9050002276 57.9050002876 57.9250001388 57.9250001988 57.9250002276 57.9250002876 57.9450001388 57.9450001988 57.9450002276 57.9450002876 57.9650001388 57.9650001988 57.9650002276 57.9650002876 57.9850001388 57.9850001988 57.9850002276 57.9850002876 58.0050001388 58.0050001988 58.0050002276 58.0050002876 58.0250001388 58.0250001988 58.0450001388 58.0450001988 58.0640001388 58.0640001988 58.0640002276 58.0640002876 58.0640003164 58.0640003764 58.0650001388 58.0650001988 58.0850001388 58.0850001988 58.0850001988 58.0850002588 58.1050001388 58.1050001988 58.1110001388 58.1110001988 58.1250001388 58.1250001988 58.1250001988 58.1250002588 58.1450001388 58.1450001988 58.1450001988 58.1450002588 58.1650001388 58.1650001988 58.1650001988 58.1650002588 58.1850001388 58.1850001988 58.1850001988 58.1850002588 58.2050001388 58.2050001988 58.2050001988 58.2050002588 58.2250001388 58.2250001988 58.2250001988 58.2250002588 58.2450001388 58.2450001988 58.2450001988 58.2450002588 58.2650001388 58.2650001988 58.2650001988 58.2650002588 58.2850001388 58.2850001988 58.2850001988 58.2850002588 58.3050001388 58.3050001988 58.3050001988 58.3050002588 58.3250001388 58.3250001988 58.3250001988 58.3250002588 58.3450001388 58.3450001988 58.3450001988 58.3450002588 58.3650001388 58.3650001988 58.3650001988 58.3650002588 58.3850001388 58.3850001988 58.3850001988 58.3850002588 58.4050001388 58.4050001988 58.4050001988 58.4050002588 58.4250001388 58.4250001988 58.4250001988 58.4250002588 58.4450001388 58.4450001988 58.4450001988 58.4450002588 58.4650001388 58.4650001988 58.4650001988 58.4650002588 58.4850001388 58.4850001988 58.4850001988 58.4850002588 58.5050001388 58.5050001988 58.5050001988 58.5050002588 58.5250001388 58.5250001988 58.5250001988 58.5250002588 58.5450001388 58.5450001988 58.5510001388 58.5510001988 58.5650001388 58.5650001988 58.5650001988 58.5650002588 58.5850001388 58.5850001988 58.5850001988 58.5850002588 58.6050001388 58.6050001988 58.6050001988 58.6050002588 58.6250001388 58.6250001988 58.6250001988 58.6250002588 58.6450001388 58.6450001988 58.6450001988 58.6450002588 58.6650001388 58.6650001988 58.6650001988 58.6650002588 58.6850001388 58.6850001988 58.6850001988 58.6850002588 58.7050001388 58.7050001988 58.7110001388 58.7110001988 58.7250001388 58.7250001988 58.7250001988 58.7250002588 58.7450001388 58.7450001988 58.7450001988 58.7450002588 58.7650001388 58.7650001988 58.7650001988 58.7650002588 58.7850001388 58.7850001988 58.7850001988 58.7850002588 58.8050001388 58.8050001988 58.8050001988 58.8050002588 58.8250001388 58.8250001988 58.8250001988 58.8250002588 58.8450001388 58.8450001988 58.8450001988 58.8450002588 58.8650001388 58.8650001988 58.8650001988 58.8650002588 58.8850001388 58.8850001988 58.8850001988 58.8850002588 58.9050001388 58.9050001988 58.9050001988 58.9050002588 58.9250001388 58.9250001988 58.9250001988 58.9250002588 58.9450001388 58.9450001988 58.9450001988 58.9450002588 58.9650001388 58.9650001988 58.9650001988 58.9650002588 58.9850001388 58.9850001988 58.9850001988 58.9850002588 59.0050001388 59.0050001988 59.0050001988 59.0050002588 59.0250001388 59.0250001988 59.0310001388 59.0310001988 59.0450001388 59.0450001988 59.0450001988 59.0450002588 59.0650001388 59.0650001988 59.0650001988 59.0650002588 59.0850001388 59.0850001988 59.0910001388 59.0910001988 59.1050001388 59.1050001988 59.1050001988 59.1050002588 59.1250001388 59.1250001988 59.1250001988 59.1250002588 59.1450001388 59.1450001988 59.1450001988 59.1450002588 59.1650001388 59.1650001988 59.1650001988 59.1650002588 59.1850001388 59.1850001988 59.1850001988 59.1850002588 59.2050001388 59.2050001988 59.2050001988 59.2050002588 59.2250001388 59.2250001988 59.2250001988 59.2250002588 59.2450001388 59.2450001988 59.2510001388 59.2510001988 59.2650001388 59.2650001988 59.2710001388 59.2710001988 59.2850001388 59.2850001988 59.2850001988 59.2850002588 59.3050001388 59.3050001988 59.3110001388 59.3110001988 59.3250001388 59.3250001988 59.3310001388 59.3310001988 59.3450001388 59.3450001988 59.3450001988 59.3450002588 59.3650001388 59.3650001988 59.3650001988 59.3650002588 59.3850001388 59.3850001988 59.3850001988 59.3850002588 59.4050001388 59.4050001988 59.4050001988 59.4050002588 59.4250001388 59.4250001988 59.4250001988 59.4250002588 59.4450001388 59.4450001988 59.4450001988 59.4450002588 59.4650001388 59.4650001988 59.4650001988 59.4650002588 59.4850001388 59.4850001988 59.4850001988 59.4850002588 59.5050001388 59.5050001988 59.5050001988 59.5050002588 59.5250001388 59.5250001988 59.5250001988 59.5250002588 59.5450001388 59.5450001988 59.5450001988 59.5450002588 59.5650001388 59.5650001988 59.5650001988 59.5650002588 59.5850001388 59.5850001988 59.5850001988 59.5850002588 59.6050001388 59.6050001988 59.6050001988 59.6050002588 59.6250001388 59.6250001988 59.6250001988 59.6250002588 59.6450001388 59.6450001988 59.6450001988 59.6450002588 59.6650001388 59.6650001988 59.6650001988 59.6650002588 59.6850001388 59.6850001988 59.6850001988 59.6850002588 59.7050001388 59.7050001988 59.7110001388 59.7110001988 59.7250001388 59.7250001988 59.7250001988 59.7250002588 59.7450001388 59.7450001988 59.7450001988 59.7450002588 59.7650001388 59.7650001988 59.7650001988 59.7650002588 59.7850001388 59.7850001988 59.7850001988 59.7850002588 59.8050001388 59.8050001988 59.8050001988 59.8050002588 59.8250001388 59.8250001988 59.8250001988 59.8250002588 59.8450001388 59.8450001988 59.8450001988 59.8450002588 59.8650001388 59.8650001988 59.8650001988 59.8650002588 59.8850001388 59.8850001988 59.8850001988 59.8850002588 59.9050001388 59.9050001988 59.9050001988 59.9050002588 59.9250001388 59.9250001988 59.9250001988 59.9250002588 59.9450001388 59.9450001988 59.9510001388 59.9510001988 59.9650001388 59.9650001988 59.9770001388 59.9770001988 59.9850001388 59.9850001988 59.9910001388 59.9910001988 60.0050001388 60.0050001988 60.0050001988 60.0050002588 60.0250001388 60.0250001988 60.0310001388 60.0310001988 60.0450001388 60.0450001988 60.0450001988 60.0450002588 60.0650001388 60.0650001988 60.0650001988 60.0650002588 60.0850001388 60.0850001988 60.0850001988 60.0850002588 60.1050001388 60.1050001988 60.1050001988 60.1050002588 60.1250001388 60.1250001988 60.1250001988 60.1250002588 60.1450001388 60.1450001988 60.1450001988 60.1450002588 60.1650001388 60.1650001988 60.1650001988 60.1650002588 60.1850001388 60.1850001988 60.1850001988 60.1850002588 60.2050001388 60.2050001988 60.2050001988 60.2050002588 60.2250001388 60.2250001988 60.2250001988 60.2250002588 60.2450001388 60.2450001988 60.2450001988 60.2450002588 60.2650001388 60.2650001988 60.2650001988 60.2650002588 60.2850001388 60.2850001988 60.2850001988 60.2850002588 60.3050001388 60.3050001988 60.3050001988 60.3050002588 60.3250001388 60.3250001988 60.3250001988 60.3250002588 60.3450001388 60.3450001988 60.3450001988 60.3450002588 60.3650001388 60.3650001988 60.3650001988 60.3650002588 60.3850001388 60.3850001988 60.3910001388 60.3910001988 60.4050001388 60.4050001988 60.4050001988 60.4050002588 60.4250001388 60.4250001988 60.4250001988 60.4250002588 60.4450001388 60.4450001988 60.4450001988 60.4450002588 60.4650001388 60.4650001988 60.4650001988 60.4650002588 60.4850001388 60.4850001988 60.4850001988 60.4850002588 60.5050001388 60.5050001988 60.5250001388 60.5250001988 60.5450001388 60.5450001988 60.5650001388 60.5650001988 60.5850001388 60.5850001988 60.6050001388 60.6050001988 60.6250001388 60.6250001988 60.6450001388 60.6450001988 60.6650001388 60.6650001988 60.6850001388 60.6850001988 60.7050001388 60.7050001988 60.7250001388 60.7250001988 60.7450001388 60.7450001988 60.7650001388 60.7650001988 60.7850001388 60.7850001988 60.8050001388 60.8050001988 60.8250001388 60.8250001988 60.8450001388 60.8450001988 60.8650001388 60.8650001988 60.8850001388 60.8850001988 60.9050001388 60.9050001988 60.9250001388 60.9250001988 60.9450001388 60.9450001988 60.9650001388 60.9650001988 60.9850001388 60.9850001988 61.0050001388 61.0050001988 61.0250001388 61.0250001988 61.0450001388 61.0450001988 61.0650001388 61.0650001988 61.0850001388 61.0850001988 61.1050001388 61.1050001988 61.1250001388 61.1250001988 61.1450001388 61.1450001988 61.1650001388 61.1650001988 61.1850001388 61.1850001988 61.2050001388 61.2050001988 61.2250001388 61.2250001988 61.2450001388 61.2450001988 61.2650001388 61.2650001988 61.2850001388 61.2850001988 61.3050001388 61.3050001988 61.3250001388 61.3250001988 61.3450001388 61.3450001988 61.3650001388 61.3650001988 61.3850001388 61.3850001988 61.4050001388 61.4050001988 61.4250001388 61.4250001988 61.4450001388 61.4450001988 61.4650001388 61.4650001988 61.4850001388 61.4850001988 61.5050001388 61.5050001988 61.5250001388 61.5250001988 61.5450001388 61.5450001988 61.5650001388 61.5650001988 61.5850001388 61.5850001988 61.6050001388 61.6050001988 61.6250001388 61.6250001988 61.6450001388 61.6450001988 61.6650001388 61.6650001988 61.6850001388 61.6850001988 61.7050001388 61.7050001988 61.7250001388 61.7250001988 61.7450001388 61.7450001988 61.7650001388 61.7650001988 61.7850001388 61.7850001988 61.8050001388 61.8050001988 61.8250001388 61.8250001988 61.8450001388 61.8450001988 61.8650001388 61.8650001988 61.8850001388 61.8850001988 61.9050001388 61.9050001988 61.9250001388 61.9250001988 61.9450001388 61.9450001988 61.9650001388 61.9650001988 62.7130001388 62.7130001988 62.7330001388 62.7330001988 62.7530001388 62.7530001988 62.7730001388 62.7730001988 62.7930001388 62.7930001988 62.8130001388 62.8130001988 62.8330001388 62.8330001988 62.8530001388 62.8530001988 62.8730001388 62.8730001988 62.8930001388 62.8930001988 62.9130001388 62.9130001988 62.9330001388 62.9330001988 62.9530001388 62.9530001988 62.9730001388 62.9730001988 62.9930001388 62.9930001988 63.0130001388 63.0130001988 63.0330001388 63.0330001988 63.0530001388 63.0530001988 63.0730001388 63.0730001988 63.2810001388 63.2810001988 63.3010001388 63.3010001988 63.3270001388 63.3270001988 63.3410001388 63.3410001988 63.3610001388 63.3610001988 63.3810001388 63.3810001988 63.4010001388 63.4010001988 63.4210001388 63.4210001988 63.4470001388 63.4470001988 63.4610001388 63.4610001988 63.4810001388 63.4810001988 63.5070001388 63.5070001988 63.5210001388 63.5210001988 63.5410001388 63.5410001988 63.5610001388 63.5610001988 63.5810001388 63.5810001988 63.6010001388 63.6010001988 63.6210001388 63.6210001988 63.6470001388 63.6470001988 63.6610001388 63.6610001988 63.6810001388 63.6810001988 63.7010001388 63.7010001988 63.7210001388 63.7210001988 63.7410001388 63.7410001988 63.7610001388 63.7610001988 63.7810001388 63.7810001988 63.8010001388 63.8010001988 63.8210001388 63.8210001988 63.8410001388 63.8410001988","0 1 0 1 0 1 0 1 0 1 0 1 0 1 0 1 0 1 0 1 0 1 0 1 0 1 0 1 0 1 0 1 0 1 0 1 0 1 0 1 0 1 0 1 0 1 0 1 0 1 0 1 0 1 0 1 0 1 0 1 0 1 0 1 0 1 0 1 0 1 0 1 0 1 0 1 0 1 0 1 0 1 0 1 0 1 0 1 0 1 0 1 0 1 0 1 0 1 0 1 0 1 0 1 0 1 0 1 0 1 0 1 0 1 0 1 0 1 0 1 0 1 0 1 0 1 0 1 0 1 0 1 0 1 0 1 0 1 0 1 0 1 0 1 0 1 0 1 0 1 0 1 0 1 0 1 0 1 0 1 0 1 0 1 0 1 0 1 0 1 0 1 0 1 0 1 0 1 0 1 0 1 0 1 0 1 0 1 0 1 0 1 0 1 0 1 0 1 0 1 0 1 0 1 0 1 0 1 0 1 0 1 0 1 0 1 0 1 0 1 0 1 0 1 0 1 0 1 0 1 0 1 0 1 0 1 0 1 0 1 0 1 0 1 0 1 0 1 0 1 0 1 0 1 0 1 0 1 0 1 0 1 0 1 0 1 0 1 0 1 0 1 0 1 0 1 0 1 0 1 0 1 0 1 0 1 0 1 0 1 0 1 0 1 0 1 0 1 0 1 0 1 0 1 0 1 0 1 0 1 0 1 0 1 0 1 0 1 0 1 0 1 0 1 0 1 0 1 0 1 0 1 0 1 0 1 0 1 0 1 0 1 0 1 0 1 0 1 0 1 0 1 0 1 0 1 0 1 0 1 0 1 0 1 0 1 0 1 0 1 0 1 0 1 0 1 0 1 0 1 0 1 0 1 0 1 0 1 0 1 0 1 0 1 0 1 0 1 0 1 0 1 0 1 0 1 0 1 0 1 0 1 0 1 0 1 0 1 0 1 0 1 0 1 0 1 0 1 0 1 0 1 0 1 0 1 0 1 0 1 0 1 0 1 0 1 0 1 0 1 0 1 0 1 0 1 0 1 0 1 0 1 0 1 0 1 0 1 0 1 0 1 0 1 0 1 0 1 0 1 0 1 0 1 0 1 0 1 0 1 0 1 0 1 0 1 0 1 0 1 0 1 0 1 0 1 0 1 0 1 0 1 0 1 0 1 0 1 0 1 0 1 0 1 0 1 0 1 0 1 0 1 0 1 0 1 0 1 0 1 0 1 0 1 0 1 0 1 0 1 0 1 0 1 0 1 0 1 0 1 0 1 0 1 0 1 0 1 0 1 0 1 0 1 0 1 0 1 0 1 0 1 0 1 0 1 0 1 0 1 0 1 0 1 0 1 0 1 0 1 0 1 0 1 0 1 0 1 0 1 0 1 0 1 0 1 0 1 0 1 0 1 0 1 0 1 0 1 0 1 0 1 0 1 0 1 0 1 0 1 0 1 0 1 0 1 0 1 0 1 0 1 0 1 0 1 0 1 0 1 0 1 0 1 0 1 0 1 0 1 0 1 0 1 0 1 0 1 0 1 0 1 0 1 0 1 0 1 0 1 0 1 0 1 0 1 0 1 0 1 0 1 0 1 0 1 0 1 0 1 0 1 0 1 0 1 0 1 0 1 0 1 0 1 0 1 0 1 0 1 0 1 0 1 0 1 0 1 0 1 0 1 0 1 0 1 0 1 0 1 0 1 0 1 0 1 0 1 0 1 0 1 0 1 0 1 0 1 0 1 0 1 0 1 0 1 0 1 0 1 0 1 0 1 0 1 0 1 0 1 0 1 0 1 0 1 0 1 0 1 0 1 0 1 0 1 0 1 0 1 0 1 0 1 0 1 0 1 0 1 0 1 0 1 0 1 0 1 0 1 0 1 0 1 0 1 0 1 0 1 0 1 0 1 0 1 0 1 0 1 0 1 0 1 0 1 0 1 0 1 0 1 0 1 0 1 0 1 0 1 0 1 0 1 0 1 0 1 0 1 0 1 0 1 0 1 0 1 0 1 0 1 0 1 0 1 0 1 0 1 0 1 0 1 0 1 0 1 0 1 0 1 0 1 0 1 0 1 0 1 0 1 0 1 0 1 0 1 0 1 0 1 0 1 0 1 0 1 0 1 0 1 0 1 0 1 0 1 0 1 0 1 0 1 0 1 0 1 0 1 0 1 0 1 0 1 0 1 0 1 0 1 0 1 0 1 0 1 0 1 0 1 0 1 0 1 0 1 0 1 0 1 0 1 0 1 0 1 0 1 0 1 0 1 0 1 0 1 0 1 0 1 0 1 0 1 0 1 0 1 0 1 0 1 0 1 0 1 0 1 0 1 0 1 0 1 0 1 0 1 0 1 0 1 0 1 0 1 0 1 0 1 0 1 0 1 0 1 0 1 0 1 0 1 0 1 0 1 0 1 0 1 0 1 0 1 0 1 0 1 0 1 0 1 0 1 0 1 0 1 0 1 0 1 0 1 0 1 0 1 0 1 0 1 0 1 0 1 0 1 0 1 0 1 0 1 0 1 0 1 0 1 0 1 0 1 0 1 0 1 0 1 0 1 0 1 0 1 0 1 0 1 0 1 0 1 0 1 0 1 0 1 0 1 0 1 0 1 0 1 0 1 0 1 0 1 0 1 0 1 0 1 0 1 0 1 0 1 0 1 0 1 0 1 0 1 0 1 0 1 0 1 0 1 0 1 0 1 0 1 0 1 0 1 0 1 0 1 0 1 0 1 0 1 0 1 0 1 0 1 0 1 0 1 0 1 0 1 0 1 0 1 0 1 0 1 0 1 0 1 0 1 0 1 0 1 0 1 0 1 0 1 0 1 0 1 0 1 0 1 0 1 0 1 0 1 0 1 0 1 0 1 0 1 0 1 0 1 0 1 0 1 0 1 0 1 0 1 0 1 0 1 0 1 0 1 0 1 0 1 0 1 0 1 0 1 0 1 0 1 0 1 0 1 0 1 0 1 0 1 0 1 0 1 0 1 0 1 0 1 0 1 0 1 0 1 0 1 0 1 0 1 0 1 0 1 0 1 0 1 0 1 0 1 0 1 0 1 0 1 0 1 0 1 0 1 0 1 0 1 0 1 0 1 0 1 0 1 0 1 0 1 0 1 0 1 0 1 0 1 0 1 0 1 0 1 0 1 0 1 0 1 0 1 0 1 0 1 0 1 0 1 0 1 0 1 0 1 0 1 0 1 0 1 0 1 0 1 0 1 0 1 0 1 0 1 0 1 0 1 0 1 0 1 0 1 0 1 0 1 0 1 0 1 0 1 0 1 0 1 0 1 0 1 0 1 0 1 0 1 0 1 0 1 0 1 0 1 0 1 0 1 0 1 0 1 0 1 0 1 0 1 0 1 0 1 0 1 0 1 0 1 0 1 0 1 0 1 0 1 0 1 0 1 0 1 0 1 0 1 0 1 0 1 0 1 0 1 0 1 0 1 0 1 0 1 0 1 0 1 0 1 0 1 0 1 0 1 0 1 0 1 0 1 0 1 0 1 0 1 0 1 0 1 0 1 0 1 0 1 0 1 0 1 0 1 0 1 0 1 0 1 0 1 0 1 0 1 0 1 0 1 0 1 0 1 0 1 0 1 0 1 0 1 0 1 0 1 0 1 0 1 0 1 0 1 0 1 0 1 0 1 0 1 0 1 0 1 0 1 0 1 0 1 0 1 0 1 0 1 0 1 0 1 0 1 0 1 0 1 0 1 0 1 0 1 0 1 0 1 0 1 0 1 0 1 0 1 0 1 0 1 0 1 0 1 0 1 0 1 0 1 0 1 0 1 0 1 0 1 0 1 0 1 0 1 0 1 0 1 0 1 0 1 0 1 0 1 0 1 0 1 0 1 0 1 0 1 0 1 0 1 0 1 0 1 0 1 0 1 0 1 0 1 0 1 0 1 0 1 0 1 0 1 0 1 0 1 0 1 0 1 0 1 0 1 0 1 0 1 0 1 0 1 0 1 0 1 0 1 0 1 0 1 0 1 0 1 0 1 0 1 0 1 0 1 0 1 0 1 0 1 0 1 0 1 0 1 0 1 0 1 0 1 0 1 0 1 0 1 0 1 0 1 0 1 0 1 0 1 0 1 0 1 0 1 0 1 0 1 0 1 0 1 0 1 0 1 0 1 0 1 0 1 0 1 0 1 0 1 0 1 0 1 0 1 0 1 0 1 0 1 0 1 0 1 0 1 0 1 0 1 0 1 0 1 0 1 0 1 0 1 0 1 0 1 0 1 0 1 0 1 0 1 0 1 0 1 0 1 0 1 0 1 0 1 0 1 0 1 0 1 0 1 0 1 0 1 0 1 0 1 0 1 0 1 0 1 0 1 0 1 0 1 0 1 0 1 0 1 0 1 0 1 0 1 0 1 0 1 0 1 0 1 0 1 0 1 0 1 0 1 0 1 0 1 0 1 0 1 0 1 0 1 0 1 0 1 0 1 0 1 0 1 0 1 0 1 0 1 0 1 0 1 0 1 0 1 0 1 0 1 0 1 0 1 0 1 0 1 0 1 0 1 0 1 0 1 0 1 0 1 0 1 0 1 0 1 0 1 0 1 0 1 0 1 0 1 0 1 0 1 0 1 0 1 0 1 0 1 0 1 0 1 0 1 0 1 0 1 0 1 0 1 0 1 0 1 0 1 0 1 0 1 0 1 0 1 0 1 0 1 0 1 0 1 0 1 0 1 0 1 0 1 0 1 0 1 0 1 0 1 0 1 0 1 0 1 0 1 0 1 0 1 0 1 0 1 0 1 0 1 0 1 0 1 0 1 0 1 0 1 0 1 0 1 0 1 0 1 0 1 0 1 0 1 0 1 0 1 0 1 0 1 0 1 0 1 0 1 0 1 0 1 0 1 0 1 0 1 0 1 0 1 0 1 0 1 0 1 0 1 0 1 0 1 0 1 0 1 0 1 0 1 0 1 0 1 0 1 0 1 0 1 0 1 0 1 0 1 0 1 0 1 0 1 0 1 0 1 0 1 0 1 0 1 0 1 0 1 0 1 0 1 0 1 0 1 0 1 0 1 0 1 0 1 0 1 0 1 0 1 0 1 0 1 0 1 0 1 0 1 0 1 0 1 0 1 0 1 0 1 0 1 0 1 0 1 0 1 0 1 0 1 0 1 0 1 0 1 0 1 0 1 0 1 0 1 0 1 0 1 0 1 0 1 0 1 0 1 0 1 0 1 0 1 0 1 0 1 0 1 0 1 0 1 0 1 0 1 0 1 0 1 0 1 0 1 0 1 0 1 0 1 0 1 0 1 0 1 0 1 0 1 0 1 0 1 0 1 0 1 0 1 0 1 0 1 0 1 0 1 0 1 0 1 0 1 0 1 0 1 0 1 0 1 0 1 0 1 0 1 0 1 0 1 0 1 0 1 0 1 0 1 0 1 0 1 0 1 0 1 0 1 0 1 0 1 0 1 0 1 0 1 0 1 0 1 0 1 0 1 0 1 0 1 0 1 0 1 0 1 0 1 0 1 0 1 0 1 0 1 0 1 0 1 0 1 0 1 0 1 0 1 0 1 0 1 0 1 0 1 0 1 0 1 0 1 0 1 0 1 0 1 0 1 0 1 0 1 0 1 0 1 0 1 0 1 0 1 0 1 0 1 0 1 0 1 0 1 0 1 0 1 0 1 0 1 0 1 0 1 0 1 0 1 0 1 0 1 0 1 0 1 0 1 0 1 0 1 0 1 0 1 0 1 0 1 0 1 0 1 0 1 0 1 0 1 0 1 0 1 0 1 0 1 0 1 0 1 0 1 0 1 0 1 0 1 0 1 0 1 0 1 0 1 0 1 0 1 0 1 0 1 0 1 0 1 0 1 0 1 0 1 0 1 0 1 0 1 0 1 0 1 0 1 0 1 0 1 0 1 0 1 0 1 0 1 0 1 0 1 0 1 0 1 0 1 0 1 0 1 0 1 0 1 0 1 0 1 0 1 0 1 0 1 0 1 0 1 0 1 0 1 0 1 0 1 0 1 0 1 0 1 0 1 0 1 0 1 0 1 0 1 0 1 0 1 0 1 0 1 0 1 0 1 0 1 0 1 0 1 0 1 0 1 0 1 0 1 0 1 0 1 0 1 0 1 0 1 0 1 0 1 0 1 0 1 0 1 0 1 0 1 0 1 0 1 0 1 0 1 0 1 0 1 0 1 0 1 0 1 0 1 0 1 0 1 0 1 0 1 0 1 0 1 0 1 0 1 0 1 0 1 0 1 0 1 0 1 0 1 0 1 0 1 0 1 0 1 0 1 0 1 0 1 0 1 0 1 0 1 0 1 0 1 0 1 0 1 0 1 0 1 0 1 0 1 0 1 0 1 0 1 0 1 0 1 0 1 0 1 0 1 0 1 0 1 0 1 0 1 0 1 0 1 0 1 0 1 0 1 0 1 0 1 0 1 0 1 0 1 0 1 0 1 0 1 0 1 0 1 0 1 0 1 0 1 0 1 0 1 0 1 0 1 0 1 0 1 0 1 0 1 0 1 0 1 0 1 0 1 0 1 0 1 0 1 0 1 0 1 0 1 0 1 0 1 0 1 0 1 0 1 0 1 0 1 0 1 0 1 0 1 0 1 0 1 0 1 0 1 0 1 0 1 0 1 0 1 0 1 0 1 0 1 0 1 0 1 0 1 0 1 0 1 0 1 0 1 0 1 0 1 0 1 0 1 0 1 0 1 0 1 0 1 0 1 0 1 0 1 0 1 0 1 0 1 0 1 0 1 0 1 0 1 0 1 0 1 0 1 0 1 0 1 0 1 0 1 0 1 0 1 0 1 0 1 0 1 0 1 0 1 0 1 0 1 0 1 0 1 0 1 0 1 0 1 0 1 0 1 0 1 0 1 0 1 0 1 0 1 0 1 0 1 0 1 0 1 0 1 0 1 0 1 0 1 0 1 0 1 0 1 0 1 0 1 0 1 0 1 0 1 0 1 0 1 0 1 0 1 0 1 0 1 0 1 0 1 0 1 0 1 0 1 0 1 0 1 0 1 0 1 0 1 0 1 0 1 0 1 0 1 0 1 0 1 0 1 0 1 0 1 0 1 0 1 0 1 0 1 0 1 0 1 0 1 0 1 0 1 0 1 0 1 0 1 0 1 0 1 0 1 0 1 0 1 0 1 0 1 0 1 0 1 0 1 0 1 0 1 0 1 0 1 0 1 0 1 0 1 0 1 0 1 0 1 0 1 0 1 0 1 0 1 0 1 0 1 0 1 0 1 0 1 0 1 0 1 0 1 0 1 0 1 0 1 0 1 0 1 0 1 0 1 0 1 0 1 0 1 0 1 0 1 0 1 0 1 0 1 0 1 0 1 0 1 0 1 0 1 0 1 0 1 0 1 0 1 0 1 0 1 0 1 0 1 0 1 0 1 0 1 0 1 0 1 0 1 0 1 0 1 0 1 0 1 0 1 0 1 0 1 0 1 0 1 0 1 0 1 0 1 0 1 0 1 0 1 0 1 0 1 0 1 0 1 0 1 0 1 0 1 0 1 0 1 0 1 0 1 0 1 0 1 0 1 0 1 0 1 0 1 0 1 0 1 0 1 0 1 0 1 0 1 0 1 0 1 0 1 0 1 0 1 0 1 0 1 0 1 0 1 0 1 0 1 0 1 0 1 0 1 0 1 0 1 0 1 0 1 0 1 0 1 0 1 0 1 0 1 0 1 0 1 0 1 0 1 0 1 0 1 0 1 0 1 0 1 0 1 0 1 0 1 0 1 0 1 0 1 0 1 0 1 0 1 0 1 0 1 0 1 0 1 0 1 0 1 0 1 0 1 0 1 0 1 0 1 0 1 0 1 0 1 0 1 0 1 0 1 0 1 0 1 0 1 0 1 0 1 0 1 0 1 0 1 0 1 0 1 0 1 0 1 0 1 0 1 0 1 0 1 0 1 0 1 0 1 0 1 0 1 0 1 0 1 0 1 0 1 0 1 0 1 0 1 0 1 0 1 0 1 0 1 0 1 0 1 0 1 0 1 0 1 0 1 0 1 0 1 0 1 0 1 0 1 0 1 0 1 0 1 0 1 0 1 0 1 0 1 0 1 0 1 0 1 0 1 0 1 0 1 0 1 0 1 0 1 0 1 0 1 0 1 0 1 0 1 0 1 0 1 0 1 0 1 0 1 0 1 0 1 0 1 0 1 0 1 0 1 0 1 0 1 0 1 0 1 0 1 0 1 0 1 0 1 0 1 0 1 0 1 0 1 0 1 0 1 0 1 0 1 0 1 0 1 0 1 0 1 0 1 0 1 0 1 0 1 0 1 0 1 0 1 0 1 0 1 0 1 0 1 0 1 0 1 0 1 0 1 0 1 0 1 0 1 0 1 0 1 0 1 0 1 0 1 0 1 0 1 0 1 0 1 0 1 0 1 0 1 0 1 0 1 0 1 0 1 0 1 0 1 0 1 0 1 0 1 0 1 0 1 0 1 0 1 0 1 0 1 0 1 0 1 0 1 0 1 0 1 0 1 0 1 0 1 0 1 0 1 0 1 0 1 0 1 0 1 0 1 0 1 0 1 0 1 0 1 0 1 0 1 0 1 0 1 0 1 0 1 0 1 0 1 0 1 0 1 0 1 0 1 0 1 0 1 0 1 0 1 0 1 0 1 0 1 0 1 0 1 0 1 0 1 0 1 0 1 0 1 0 1 0 1 0 1 0 1 0 1 0 1 0 1 0 1 0 1 0 1 0 1 0 1 0 1 0 1 0 1 0 1 0 1 0 1 0 1 0 1 0 1 0 1 0 1 0 1 0 1 0 1 0 1 0 1 0 1 0 1 0 1 0 1 0 1 0 1 0 1 0 1 0 1 0 1 0 1 0 1 0 1 0 1 0 1 0 1 0 1 0 1 0 1 0 1 0 1 0 1 0 1 0 1 0 1 0 1 0 1 0 1 0 1 0 1 0 1 0 1 0 1 0 1 0 1 0 1 0 1 0 1 0 1 0 1 0 1 0 1 0 1 0 1 0 1 0 1 0 1 0 1 0 1 0 1 0 1 0 1 0 1 0 1 0 1 0 1 0 1 0 1 0 1 0 1 0 1 0 1 0 1 0 1 0 1 0 1 0 1 0 1 0 1 0 1 0 1 0 1 0 1 0 1 0 1 0 1 0 1 0 1 0 1 0 1 0 1 0 1 0 1 0 1 0 1 0 1 0 1 0 1 0 1 0 1 0 1 0 1 0 1 0 1 0 1 0 1 0 1 0 1 0 1 0 1 0 1 0 1 0 1 0 1 0 1 0 1 0 1 0 1 0 1 0 1 0 1 0 1 0 1 0 1 0 1 0 1 0 1 0 1 0 1 0 1 0 1 0 1 0 1 0 1 0 1 0 1 0 1 0 1 0 1 0 1 0 1 0 1 0 1 0 1 0 1 0 1 0 1 0 1 0 1 0 1 0 1 0 1 0 1 0 1 0 1 0 1 0 1 0 1 0 1 0 1 0 1 0 1 0 1 0 1 0 1 0 1 0 1 0 1 0 1 0 1 0 1 0 1 0 1 0 1 0 1 0 1 0 1 0 1 0 1 0 1 0 1 0 1 0 1 0 1 0 1 0 1 0 1 0 1 0 1 0 1 0 1 0 1 0 1 0 1 0 1 0 1 0 1 0 1 0 1 0 1 0 1 0 1 0 1 0 1 0 1 0 1 0 1 0 1 0 1 0 1 0 1 0 1 0 1 0 1 0 1 0 1 0 1 0 1 0 1 0 1 0 1 0 1 0 1 0 1 0 1 0 1 0 1 0 1 0 1 0 1 0 1 0 1 0 1 0 1 0 1 0 1 0 1 0 1 0 1 0 1 0 1 0 1 0 1 0 1 0 1 0 1 0 1 0 1 0 1 0 1 0 1 0 1 0 1 0 1 0 1 0 1 0 1 0 1 0 1 0 1 0 1 0 1 0 1 0 1 0 1 0 1 0 1 0 1 0 1 0 1 0 1 0 1 0 1 0 1 0 1 0 1 0 1 0 1 0 1 0 1 0 1 0 1 0 1 0 1 0 1 0 1 0 1 0 1 0 1 0 1 0 1 0 1 0 1 0 1 0 1 0 1 0 1 0 1 0 1 0 1 0 1 0 1 0 1 0 1 0 1 0 1 0 1 0 1 0 1 0 1 0 1 0 1 0 1 0 1 0 1 0 1 0 1 0 1 0 1 0 1 0 1 0 1 0 1 0 1 0 1 0 1 0 1 0 1 0 1 0 1 0 1 0 1 0 1 0 1 0 1 0 1 0 1 0 1 0 1 0 1 0 1 0 1 0 1 0 1 0 1 0 1 0 1 0 1 0 1 0 1 0 1 0 1 0 1 0 1 0 1 0 1 0 1 0 1 0 1 0 1 0 1 0 1 0 1 0 1 0 1 0 1 0 1 0 1 0 1 0 1 0 1 0 1 0 1 0 1 0 1 0 1 0 1 0 1 0 1 0 1 0 1 0 1 0 1 0 1 0 1 0 1 0 1 0 1 0 1 0 1 0 1 0 1 0 1 0 1 0 1 0 1 0 1 0 1 0 1 0 1 0 1 0 1 0 1 0 1 0 1 0 1 0 1 0 1 0 1 0 1 0 1 0 1 0 1 0 1 0 1 0 1 0 1 0 1 0 1 0 1 0 1 0 1 0 1 0 1 0 1 0 1 0 1 0 1 0 1 0 1 0 1 0 1 0 1 0 1 0 1 0 1 0 1 0 1 0 1 0 1 0 1 0 1 0 1 0 1 0 1 0 1 0 1 0 1 0 1 0 1 0 1 0 1 0 1 0 1 0 1 0 1 0 1 0 1 0 1 0 1 0 1 0 1 0 1 0 1 0 1 0 1 0 1 0 1 0 1 0 1 0 1 0 1 0 1 0 1 0 1 0 1 0 1 0 1 0 1 0 1 0 1 0 1 0 1 0 1 0 1 0 1 0 1 0 1 0 1 0 1 0 1 0 1 0 1 0 1 0 1 0 1 0 1 0 1 0 1 0 1 0 1 0 1 0 1 0 1 0 1 0 1 0 1 0 1 0 1 0 1 0 1 0 1 0 1 0 1 0 1 0 1 0 1 0 1 0 1 0 1 0 1 0 1 0 1 0 1 0 1 0 1 0 1 0 1 0 1 0 1 0 1 0 1 0 1 0 1 0 1 0 1 0 1 0 1 0 1 0 1 0 1 0 1 0 1 0 1 0 1 0 1 0 1 0 1 0 1 0 1 0 1 0 1 0 1 0 1 0 1 0 1 0 1 0 1 0 1 0 1 0 1 0 1 0 1 0 1 0 1 0 1 0 1 0 1 0 1 0 1 0 1 0 1 0 1 0 1 0 1 0 1 0 1 0 1 0 1 0 1 0 1 0 1 0 1 0 1 0 1 0 1 0 1 0 1 0 1 0 1 0 1 0 1 0 1 0 1 0 1 0 1 0 1 0 1 0 1 0 1 0 1 0 1 0 1 0 1 0 1 0 1 0 1 0 1 0 1 0 1 0 1 0 1 0 1 0 1 0 1 0 1 0 1 0 1 0 1 0 1 0 1 0 1 0 1 0 1 0 1 0 1 0 1 0 1 0 1 0 1 0 1 0 1 0 1 0 1 0 1 0 1 0 1 0 1 0 1 0 1 0 1 0 1 0 1 0 1 0 1 0 1 0 1 0 1 0 1 0 1 0 1 0 1 0 1 0 1 0 1 0 1 0 1 0 1 0 1 0 1 0 1 0 1 0 1 0 1 0 1 0 1 0 1 0 1 0 1 0 1 0 1 0 1 0 1 0 1 0 1 0 1 0 1 0 1 0 1 0 1 0 1 0 1 0 1 0 1 0 1 0 1 0 1 0 1 0 1 0 1 0 1 0 1 0 1 0 1 0 1 0 1 0 1 0 1 0 1 0 1 0 1 0 1 0 1 0 1 0 1 0 1 0 1 0 1 0 1 0 1 0 1 0 1 0 1 0 1 0 1 0 1 0 1 0 1 0 1 0 1 0 1 0 1 0 1 0 1 0 1 0 1 0 1 0 1 0 1 0 1 0 1 0 1 0 1 0 1 0 1 0 1 0 1 0 1 0 1 0 1 0 1 0 1 0 1 0 1 0 1 0 1 0 1 0 1 0 1 0 1 0 1 0 1 0 1 0 1 0 1 0 1 0 1 0 1 0 1 0 1 0 1 0 1 0 1 0 1 0 1 0 1 0 1 0 1 0 1 0 1 0 1 0 1 0 1 0 1 0 1 0 1 0 1 0 1 0 1 0 1 0 1 0 1 0 1 0 1 0 1 0 1 0 1 0 1 0 1 0 1 0 1 0 1 0 1 0 1 0 1 0 1 0 1 0 1 0 1 0 1 0 1 0 1 0 1 0 1 0 1 0 1 0 1 0 1 0 1 0 1 0 1 0 1 0 1 0 1 0 1 0 1 0 1 0 1 0 1 0 1 0 1 0 1 0 1 0 1 0 1 0 1 0 1 0 1 0 1 0 1 0 1 0 1 0 1 0 1 0 1 0 1 0 1 0 1 0 1 0 1 0 1 0 1 0 1 0 1 0 1 0 1 0 1 0 1 0 1 0 1 0 1 0 1 0 1 0 1 0 1 0 1 0 1 0 1 0 1 0 1 0 1 0 1 0 1 0 1 0 1 0 1 0 1 0 1 0 1 0 1 0 1 0 1 0 1 0 1 0 1 0 1 0 1 0 1 0 1 0 1 0 1 0 1 0 1 0 1 0 1 0 1 0 1 0 1 0 1 0 1 0 1 0 1 0 1 0 1 0 1 0 1 0 1 0 1 0 1 0 1 0 1 0 1 0 1 0 1 0 1 0 1 0 1 0 1 0 1 0 1 0 1 0 1 0 1 0 1 0 1 0 1 0 1 0 1 0 1 0 1 0 1 0 1 0 1 0 1 0 1 0 1 0 1 0 1 0 1 0 1 0 1 0 1 0 1 0 1 0 1 0 1 0 1 0 1 0 1 0 1 0 1 0 1 0 1 0 1 0 1 0 1 0 1 0 1 0 1 0 1 0 1 0 1 0 1 0 1 0 1 0 1 0 1 0 1 0 1 0 1 0 1 0 1 0 1 0 1 0 1 0 1 0 1 0 1 0 1 0 1 0 1 0 1 0 1 0 1 0 1 0 1 0 1 0 1 0 1 0 1 0 1 0 1 0 1 0 1 0 1 0 1 0 1 0 1 0 1 0 1 0 1 0 1 0 1 0 1 0 1 0 1 0 1 0 1 0 1 0 1 0 1 0 1 0 1 0 1 0 1 0 1 0 1 0 1 0 1 0 1 0 1 0 1 0 1 0 1 0 1 0 1 0 1 0 1 0 1 0 1 0 1 0 1 0 1 0 1 0 1 0 1 0 1 0 1 0 1 0 1 0 1 0 1 0 1 0 1 0 1 0 1 0 1 0 1 0 1 0 1 0 1 0 1 0 1 0 1 0 1 0 1 0 1 0 1 0 1 0 1 0 1 0 1 0 1 0 1 0 1 0 1 0 1 0 1 0 1 0 1 0 1 0 1 0 1 0 1 0 1 0 1 0 1 0 1 0 1 0 1 0 1 0 1 0 1 0 1 0 1 0 1 0 1 0 1 0 1 0 1 0 1 0 1 0 1 0 1 0 1 0 1 0 1 0 1 0 1 0 1 0 1 0 1 0 1 0 1 0 1 0 1 0 1 0 1 0 1 0 1 0 1 0 1 0 1 0 1 0 1 0 1 0 1 0 1 0 1 0 1 0 1 0 1 0 1 0 1 0 1 0 1 0 1 0 1 0 1 0 1 0 1 0 1 0 1 0 1 0 1 0 1 0 1 0 1 0 1 0 1 0 1 0 1 0 1 0 1 0 1 0 1 0 1 0 1 0 1 0 1 0 1 0 1 0 1 0 1 0 1 0 1 0 1 0 1 0 1 0 1 0 1 0 1 0 1 0 1 0 1 0 1 0 1 0 1 0 1 0 1 0 1 0 1 0 1 0 1 0 1 0 1 0 1 0 1 0 1 0 1 0 1 0 1 0 1 0 1 0 1 0 1 0 1 0 1 0 1 0 1 0 1 0 1 0 1 0 1 0 1 0 1 0 1 0 1 0 1 0 1 0 1 0 1 0 1 0 1 0 1 0 1 0 1 0 1 0 1 0 1 0 1 0 1 0 1 0 1 0 1 0 1 0 1 0 1 0 1 0 1 0 1 0 1 0 1 0 1 0 1 0 1 0 1 0 1 0 1 0 1 0 1 0 1 0 1 0 1 0 1 0 1 0 1 0 1 0 1 0 1 0 1 0 1 0 1 0 1 0 1 0 1 0 1 0 1 0 1 0 1 0 1 0 1 0 1 0 1 0 1 0 1 0 1 0 1 0 1 0 1 0 1 0 1 0 1 0 1 0 1 0 1 0 1 0 1 0 1 0 1 0 1 0 1 0 1 0 1 0 1 0 1 0 1 0 1 0 1 0 1 0 1 0 1 0 1 0 1 0 1 0 1 0 1 0 1 0 1 0 1 0 1 0 1 0 1 0 1 0 1 0 1 0 1 0 1 0 1 0 1 0 1 0 1 0 1 0 1 0 1 0 1 0 1 0 1 0 1 0 1 0 1 0 1 0 1 0 1 0 1 0 1 0 1 0 1 0 1 0 1 0 1 0 1 0 1 0 1 0 1 0 1 0 1 0 1 0 1 0 1 0 1 0 1 0 1 0 1 0 1 0 1 0 1 0 1 0 1 0 1 0 1 0 1 0 1 0 1 0 1 0 1 0 1 0 1 0 1 0 1 0 1 0 1 0 1 0 1 0 1 0 1 0 1 0 1 0 1 0 1 0 1 0 1 0 1 0 1 0 1 0 1 0 1 0 1 0 1 0 1 0 1 0 1 0 1 0 1 0 1 0 1 0 1 0 1 0 1 0 1 0 1 0 1 0 1 0 1 0 1 0 1 0 1 0 1 0 1 0 1 0 1 0 1 0 1 0 1 0 1 0 1 0 1 0 1 0 1 0 1 0 1 0 1 0 1 0 1 0 1 0 1 0 1 0 1 0 1 0 1 0 1 0 1 0 1 0 1 0 1 0 1 0 1 0 1 0 1 0 1 0 1 0 1 0 1 0 1 0 1 0 1 0 1 0 1 0 1 0 1 0 1 0 1 0 1 0 1 0 1 0 1 0 1 0 1 0 1 0 1 0 1 0 1 0 1 0 1 0 1 0 1 0 1 0 1 0 1 0 1 0 1 0 1 0 1 0 1 0 1 0 1 0 1 0 1 0 1 0 1 0 1 0 1 0 1 0 1 0 1 0 1 0 1 0 1 0 1 0 1 0 1 0 1 0 1 0 1 0 1 0 1 0 1 0 1 0 1 0 1 0 1 0 1 0 1 0 1 0 1 0 1 0 1 0 1 0 1 0 1 0 1 0 1 0 1 0 1 0 1 0 1 0 1 0 1 0 1 0 1 0 1 0 1 0 1 0 1 0 1 0 1 0 1 0 1 0 1 0 1 0 1 0 1 0 1 0 1 0 1 0 1 0 1 0 1 0 1 0 1 0 1 0 1 0 1 0 1 0 1 0 1 0 1 0 1 0 1 0 1 0 1 0 1 0 1 0 1 0 1 0 1 0 1 0 1 0 1 0 1 0 1 0 1 0 1 0 1 0 1 0 1 0 1 0 1 0 1 0 1 0 1 0 1 0 1 0 1 0 1 0 1 0 1 0 1 0 1 0 1 0 1 0 1 0 1 0 1 0 1 0 1 0 1 0 1 0 1 0 1 0 1 0 1 0 1 0 1 0 1 0 1 0 1 0 1 0 1 0 1 0 1 0 1 0 1 0 1 0 1 0 1 0 1 0 1 0 1 0 1 0 1 0 1 0 1 0 1 0 1 0 1 0 1 0 1 0 1 0 1 0 1 0 1 0 1 0 1 0 1 0 1 0 1 0 1 0 1 0 1 0 1 0 1 0 1 0 1 0 1 0 1 0 1 0 1 0 1 0 1 0 1 0 1 0 1 0 1 0 1 0 1 0 1 0 1 0 1 0 1 0 1 0 1 0 1 0 1 0 1 0 1 0 1 0 1 0 1 0 1 0 1 0 1 0 1 0 1 0 1 0 1 0 1 0 1 0 1 0 1 0 1 0 1 0 1 0 1 0 1 0 1 0 1 0 1 0 1 0 1 0 1 0 1 0 1 0 1 0 1 0 1 0 1 0 1 0 1 0 1 0 1 0 1 0 1 0 1 0 1 0 1 0 1 0 1 0 1 0 1 0 1 0 1 0 1 0 1 0 1 0 1 0 1 0 1 0 1 0 1 0 1 0 1 0 1 0 1 0 1 0 1 0 1 0 1 0 1 0 1 0 1 0 1 0 1 0 1 0 1 0 1 0 1 0 1 0 1 0 1 0 1 0 1 0 1 0 1 0 1 0 1 0 1 0 1 0 1 0 1 0 1 0 1 0 1 0 1 0 1 0 1 0 1 0 1 0 1 0 1 0 1 0 1 0 1 0 1 0 1 0 1 0 1 0 1 0 1 0 1 0 1 0 1 0 1 0 1 0 1 0 1 0 1 0 1 0 1 0 1 0 1 0 1 0 1 0 1 0 1 0 1 0 1 0 1 0 1 0 1 0 1 0 1 0 1 0 1 0 1 0 1 0 1 0 1 0 1 0 1 0 1 0 1 0 1 0 1 0 1 0 1 0 1 0 1 0 1 0 1 0 1 0 1 0 1 0 1 0 1 0 1 0 1 0 1 0 1 0 1 0 1 0 1 0 1 0 1 0 1 0 1 0 1 0 1 0 1 0 1 0 1 0 1 0 1 0 1 0 1 0 1 0 1 0 1 0 1 0 1 0 1 0 1 0 1 0 1 0 1 0 1 0 1 0 1 0 1 0 1 0 1 0 1 0 1 0 1 0 1 0 1 0 1 0 1 0 1 0 1 0 1 0 1 0 1 0 1 0 1 0 1 0 1 0 1 0 1 0 1 0 1 0 1 0 1 0 1 0 1 0 1 0 1 0 1 0 1 0 1 0 1 0 1 0 1 0 1 0 1 0 1 0 1 0 1 0 1 0 1 0 1 0 1 0 1 0 1 0 1 0 1 0 1 0 1 0 1 0 1 0 1 0 1 0 1 0 1 0 1 0 1 0 1 0 1 0 1 0 1 0 1 0 1 0 1 0 1 0 1 0 1 0 1 0 1 0 1 0 1 0 1 0 1 0 1 0 1 0 1 0 1 0 1 0 1 0 1 0 1 0 1 0 1 0 1 0 1 0 1 0 1 0 1 0 1 0 1 0 1 0 1 0 1 0 1 0 1 0 1 0 1 0 1 0 1 0 1 0 1 0 1 0 1 0 1 0 1 0 1 0 1 0 1 0 1 0 1 0 1 0 1 0 1 0 1 0 1 0 1 0 1 0 1 0 1 0 1 0 1 0 1 0 1 0 1 0 1 0 1 0 1 0 1 0 1 0 1 0 1 0 1 0 1 0 1 0 1 0 1 0 1 0 1 0 1 0 1 0 1 0 1 0 1 0 1 0 1 0 1 0 1 0 1 0 1 0 1 0 1 0 1 0 1 0 1 0 1 0 1 0 1 0 1 0 1 0 1 0 1 0 1 0 1 0 1 0 1 0 1 0 1 0 1 0 1 0 1 0 1 0 1 0 1 0 1 0 1 0 1 0 1 0 1 0 1 0 1 0 1 0 1 0 1 0 1 0 1 0 1 0 1 0 1 0 1 0 1 0 1 0 1 0 1 0 1 0 1 0 1 0 1 0 1 0 1 0 1 0 1 0 1 0 1 0 1 0 1 0 1 0 1 0 1 0 1 0 1 0 1 0 1 0 1 0 1 0 1 0 1 0 1 0 1 0 1 0 1 0 1 0 1 0 1 0 1 0 1 0 1 0 1 0 1 0 1 0 1 0 1 0 1 0 1 0 1 0 1 0 1 0 1 0 1 0 1 0 1 0 1 0 1 0 1 0 1 0 1 0 1 0 1 0 1 0 1 0 1 0 1 0 1 0 1 0 1 0 1 0 1 0 1 0 1 0 1 0 1 0 1 0 1 0 1 0 1 0 1 0 1 0 1 0 1 0 1 0 1 0 1 0 1 0 1 0 1 0 1 0 1 0 1 0 1 0 1 0 1 0 1 0 1 0 1 0 1 0 1 0 1 0 1 0 1 0 1 0 1 0 1 0 1 0 1 0 1 0 1 0 1 0 1 0 1 0 1 0 1 0 1 0 1 0 1 0 1 0 1 0 1 0 1 0 1 0 1 0 1 0 1 0 1 0 1 0 1 0 1 0 1 0 1 0 1 0 1 0 1 0 1 0 1 0 1 0 1 0 1 0 1 0 1 0 1 0 1 0 1 0 1 0 1 0 1 0 1 0 1 0 1 0 1 0 1 0 1 0 1 0 1 0 1 0 1 0 1 0 1 0 1 0 1 0 1 0 1 0 1 0 1 0 1 0 1 0 1 0 1 0 1 0 1 0 1 0 1 0 1 0 1 0 1 0 1 0 1 0 1 0 1 0 1 0 1 0 1 0 1 0 1 0 1 0 1 0 1 0 1 0 1 0 1 0 1 0 1 0 1 0 1 0 1 0 1 0 1 0 1 0 1 0 1 0 1 0 1 0 1 0 1 0 1 0 1 0 1 0 1 0 1 0 1 0 1 0 1 0 1 0 1 0 1 0 1 0 1 0 1 0 1 0 1 0 1 0 1 0 1 0 1 0 1 0 1 0 1 0 1 0 1 0 1 0 1 0 1 0 1 0 1 0 1 0 1 0 1 0 1 0 1 0 1 0 1 0 1 0 1 0 1 0 1 0 1 0 1 0 1 0 1 0 1 0 1 0 1 0 1 0 1 0 1 0 1 0 1 0 1 0 1 0 1 0 1 0 1 0 1 0 1 0 1 0 1 0 1 0 1 0 1 0 1 0 1 0 1 0 1 0 1 0 1 0 1 0 1 0 1 0 1 0 1 0 1 0 1 0 1 0 1 0 1 0 1 0 1 0 1 0 1 0 1 0 1 0 1 0 1 0 1 0 1 0 1 0 1 0 1 0 1 0 1 0 1 0 1 0 1 0 1 0 1 0 1 0 1 0 1 0 1 0 1 0 1 0 1 0 1 0 1 0 1 0 1 0 1 0 1 0 1 0 1 0 1 0 1 0 1 0 1 0 1 0 1 0 1 0 1 0 1 0 1 0 1 0 1 0 1 0 1 0 1 0 1 0 1 0 1 0 1 0 1 0 1 0 1 0 1 0 1 0 1 0 1 0 1 0 1 0 1 0 1 0 1 0 1 0 1 0 1 0 1 0 1 0 1 0 1 0 1 0 1 0 1 0 1 0 1 0 1 0 1 0 1 0 1 0 1 0 1 0 1 0 1 0 1 0 1 0 1 0 1 0 1 0 1 0 1 0 1 0 1 0 1 0 1 0 1 0 1 0 1 0 1 0 1 0 1 0 1 0 1 0 1 0 1 0 1 0 1 0 1 0 1 0 1 0 1 0 1 0 1 0 1 0 1 0 1 0 1 0 1 0 1 0 1 0 1 0 1 0 1 0 1 0 1 0 1 0 1 0 1 0 1 0 1 0 1 0 1 0 1 0 1 0 1 0 1 0 1 0 1 0 1 0 1 0 1 0 1 0 1 0 1 0 1 0 1 0 1 0 1 0 1 0 1 0 1 0 1 0 1 0 1 0 1 0 1 0 1 0 1 0 1 0 1 0 1 0 1 0 1 0 1 0 1 0 1 0 1 0 1 0 1 0 1 0 1 0 1 0 1 0 1 0 1 0 1 0 1 0 1 0 1 0 1 0 1 0 1 0 1 0 1 0 1 0 1 0 1 0 1 0 1 0 1 0 1 0 1 0 1 0 1 0 1 0 1 0 1 0 1 0 1 0 1 0 1 0 1 0 1 0 1 0 1 0 1 0 1 0 1 0 1 0 1 0 1 0 1 0 1 0 1 0 1 0 1 0 1 0 1 0 1 0 1 0 1 0 1 0 1 0 1 0 1 0 1 0 1 0 1 0 1 0 1 0 1 0 1 0 1 0 1 0 1 0 1 0 1 0 1 0 1 0 1 0 1 0 1 0 1 0 1 0 1 0 1 0 1 0 1 0 1 0 1 0 1 0 1 0 1 0 1 0 1 0 1 0 1 0 1 0 1 0 1 0 1 0 1 0 1 0 1 0 1 0 1 0 1 0 1 0 1 0 1 0 1 0 1 0 1 0 1 0 1 0 1 0 1 0 1 0 1 0 1 0 1 0 1 0 1 0 1 0 1 0 1 0 1 0 1 0 1 0 1 0 1 0 1 0 1 0 1 0 1 0 1 0 1 0 1 0 1 0 1 0 1 0 1 0 1 0 1 0 1 0 1 0 1 0 1 0 1 0 1 0 1 0 1 0 1 0 1 0 1 0 1 0 1 0 1 0 1 0 1 0 1 0 1 0 1 0 1 0 1 0 1 0 1 0 1 0 1 0 1 0 1 0 1 0 1 0 1 0 1 0 1 0 1 0 1 0 1 0 1 0 1 0 1 0 1 0 1 0 1 0 1 0 1 0 1 0 1 0 1 0 1 0 1 0 1 0 1 0 1 0 1 0 1 0 1 0 1 0 1 0 1 0 1 0 1 0 1 0 1 0 1 0 1 0 1 0 1 0 1 0 1 0 1 0 1 0 1 0 1 0 1 0 1 0 1 0 1 0 1 0 1 0 1 0 1 0 1 0 1 0 1 0 1 0 1 0 1 0 1 0 1 0 1 0 1 0 1 0 1 0 1 0 1 0 1 0 1 0 1 0 1 0 1 0 1 0 1 0 1 0 1 0 1 0 1 0 1 0 1 0 1 0 1 0 1 0 1 0 1 0 1 0 1 0 1 0 1 0 1 0 1 0 1 0 1 0 1 0 1 0 1 0 1 0 1 0 1 0 1 0 1 0 1 0 1 0 1 0 1 0 1 0 1 0 1 0 1 0 1 0 1 0 1 0 1 0 1 0 1 0 1 0 1 0 1 0 1 0 1 0 1 0 1 0 1 0 1 0 1 0 1 0 1 0 1 0 1 0 1 0 1 0 1 0 1 0 1 0 1 0 1 0 1 0 1 0 1 0 1 0 1 0 1 0 1 0 1 0 1 0 1 0 1 0 1 0 1 0 1 0 1 0 1 0 1 0 1 0 1 0 1 0 1 0 1 0 1 0 1 0 1 0 1 0 1 0 1 0 1 0 1 0 1 0 1 0 1 0 1 0 1 0 1 0 1 0 1 0 1 0 1 0 1 0 1 0 1 0 1 0 1 0 1 0 1 0 1 0 1 0 1 0 1 0 1 0 1 0 1 0 1 0 1 0 1 0 1 0 1 0 1 0 1 0 1 0 1 0 1 0 1 0 1 0 1 0 1 0 1 0 1 0 1 0 1 0 1 0 1 0 1 0 1 0 1 0 1 0 1 0 1 0 1 0 1 0 1 0 1 0 1 0 1 0 1 0 1 0 1 0 1 0 1 0 1 0 1 0 1 0 1 0 1 0 1 0 1 0 1 0 1 0 1 0 1 0 1 0 1 0 1 0 1 0 1 0 1 0 1 0 1 0 1 0 1 0 1 0 1 0 1 0 1 0 1 0 1 0 1 0 1 0 1 0 1 0 1 0 1 0 1 0 1 0 1 0 1 0 1 0 1 0 1 0 1 0 1 0 1 0 1 0 1 0 1 0 1 0 1 0 1 0 1 0 1 0 1 0 1 0 1 0 1 0 1 0 1 0 1 0 1 0 1 0 1 0 1 0 1 0 1 0 1 0 1 0 1 0 1 0 1 0 1 0 1 0 1 0 1 0 1 0 1 0 1 0 1 0 1 0 1 0 1 0 1 0 1 0 1 0 1 0 1 0 1 0 1 0 1 0 1 0 1 0 1 0 1 0 1 0 1 0 1 0 1 0 1 0 1 0 1 0 1 0 1 0 1 0 1 0 1 0 1 0 1 0 1 0 1 0 1 0 1 0 1 0 1 0 1 0 1 0 1 0 1 0 1 0 1 0 1 0 1 0 1 0 1 0 1 0 1 0 1 0 1 0 1 0 1 0 1 0 1 0 1 0 1 0 1 0 1 0 1 0 1 0 1 0 1 0 1 0 1 0 1 0 1 0 1 0 1 0 1 0 1 0 1 0 1 0 1 0 1 0 1 0 1 0 1 0 1 0 1 0 1 0 1 0 1 0 1 0 1 0 1 0 1 0 1 0 1 0 1 0 1 0 1 0 1 0 1 0 1 0 1 0 1 0 1 0 1 0 1 0 1 0 1 0 1 0 1 0 1 0 1 0 1 0 1 0 1 0 1 0 1 0 1 0 1 0 1 0 1 0 1 0 1 0 1 0 1 0 1 0 1 0 1 0 1 0 1 0 1 0 1 0 1 0 1 0 1 0 1 0 1 0 1 0 1 0 1 0 1 0 1 0 1 0 1 0 1 0 1 0 1 0 1 0 1 0 1 0 1 0 1 0 1 0 1 0 1 0 1 0 1 0 1 0 1 0 1 0 1 0 1 0 1 0 1 0 1 0 1 0 1 0 1 0 1 0 1 0 1 0 1 0 1 0 1 0 1 0 1 0 1 0 1 0 1 0 1 0 1 0 1 0 1 0 1 0 1 0 1 0 1 0 1 0 1 0 1 0 1 0 1 0 1 0 1 0 1 0 1 0 1 0 1 0 1 0 1 0 1 0 1 0 1 0 1 0 1 0 1 0 1 0 1 0 1 0 1 0 1 0 1 0 1 0 1 0 1 0 1 0 1 0 1 0 1 0 1 0 1 0 1 0 1 0 1 0 1 0 1 0 1 0 1 0 1 0 1 0 1 0 1 0 1 0 1 0 1 0 1 0 1 0 1 0 1 0 1 0 1 0 1 0 1 0 1 0 1 0 1 0 1 0 1 0 1 0 1 0 1 0 1 0 1 0 1 0 1 0 1 0 1 0 1 0 1 0 1 0 1 0 1 0 1 0 1 0 1 0 1 0 1 0 1 0 1 0 1 0 1 0 1 0 1 0 1 0 1 0 1 0 1 0 1 0 1 0 1 0 1 0 1 0 1 0 1 0 1 0 1 0 1 0 1 0 1 0 1 0 1 0 1 0 1 0 1 0 1 0 1 0 1 0 1 0 1 0 1 0 1 0 1 0 1 0 1 0 1 0 1 0 1 0 1 0 1 0 1 0 1 0 1 0 1 0 1 0 1 0 1 0 1 0 1 0 1 0 1 0 1 0 1 0 1 0 1 0 1 0 1 0 1 0 1 0 1 0 1 0 1 0 1 0 1 0 1 0 1 0 1 0 1 0 1 0 1 0 1 0 1 0 1 0 1 0 1 0 1 0 1 0 1 0 1 0 1 0 1 0 1 0 1 0 1 0 1 0 1 0 1 0 1 0 1 0 1 0 1 0 1 0 1 0 1 0 1 0 1 0 1 0 1 0 1 0 1 0 1 0 1 0 1 0 1 0 1 0 1 0 1 0 1 0 1 0 1 0 1 0 1 0 1 0 1 0 1 0 1 0 1 0 1 0 1 0 1 0 1 0 1 0 1 0 1 0 1 0 1 0 1 0 1 0 1 0 1 0 1 0 1 0 1 0 1 0 1 0 1 0 1 0 1 0 1 0 1 0 1 0 1 0 1 0 1 0 1 0 1 0 1 0 1 0 1 0 1 0 1 0 1 0 1 0 1 0 1 0 1 0 1 0 1 0 1 0 1 0 1 0 1 0 1 0 1 0 1 0 1 0 1 0 1 0 1 0 1 0 1 0 1 0 1 0 1 0 1 0 1 0 1 0 1 0 1 0 1 0 1 0 1 0 1 0 1 0 1 0 1 0 1 0 1 0 1 0 1 0 1 0 1 0 1 0 1 0 1 0 1 0 1 0 1 0 1 0 1 0 1 0 1 0 1 0 1 0 1 0 1 0 1 0 1 0 1 0 1 0 1 0 1 0 1 0 1 0 1 0 1 0 1 0 1 0 1 0 1 0 1 0 1 0 1 0 1 0 1 0 1 0 1 0 1 0 1 0 1 0 1 0 1 0 1 0 1 0 1 0 1 0 1 0 1 0 1 0 1 0 1 0 1 0 1 0 1 0 1 0 1 0 1 0 1 0 1 0 1 0 1 0 1 0 1 0 1 0 1 0 1 0 1 0 1 0 1 0 1 0 1 0 1 0 1 0 1 0 1 0 1 0 1 0 1 0 1 0 1 0 1 0 1 0 1 0 1 0 1 0 1 0 1 0 1 0 1 0 1 0 1 0 1 0 1 0 1 0 1 0 1 0 1 0 1 0 1 0 1 0 1 0 1 0 1 0 1 0 1 0 1 0 1 0 1 0 1 0 1 0 1 0 1 0 1 0 1 0 1 0 1 0 1 0 1 0 1 0 1 0 1 0 1 0 1 0 1 0 1 0 1 0 1 0 1 0 1 0 1 0 1 0 1 0 1 0 1 0 1 0 1 0 1 0 1 0 1 0 1 0 1 0 1 0 1 0 1 0 1 0 1 0 1 0 1 0 1 0 1 0 1 0 1 0 1 0 1 0 1 0 1 0 1 0 1 0 1 0 1 0 1 0 1 0 1 0 1 0 1 0 1 0 1 0 1 0 1 0 1 0 1 0 1 0 1 0 1 0 1 0 1 0 1 0 1 0 1 0 1 0 1 0 1 0 1 0 1 0 1 0 1 0 1 0 1 0 1 0 1 0 1 0 1 0 1 0 1 0 1 0 1 0 1 0 1 0 1 0 1 0 1 0 1 0 1 0 1 0 1 0 1 0 1 0 1 0 1 0 1 0 1 0 1 0 1 0 1 0 1 0 1 0 1 0 1 0 1 0 1 0 1 0 1 0 1 0 1 0 1 0 1 0 1 0 1 0 1 0 1 0 1 0 1 0 1 0 1 0 1 0 1 0 1 0 1 0 1 0 1 0 1 0 1 0 1 0 1 0 1 0 1 0 1 0 1 0 1 0 1 0 1 0 1 0 1 0 1 0 1 0 1 0 1 0 1 0 1 0 1 0 1 0 1 0 1 0 1 0 1 0 1 0 1 0 1 0 1 0 1 0 1 0 1 0 1 0 1 0 1 0 1 0 1 0 1 0 1 0 1 0 1 0 1 0 1 0 1 0 1 0 1 0 1 0 1 0 1 0 1 0 1 0 1 0 1 0 1 0 1 0 1 0 1 0 1 0 1 0 1 0 1 0 1 0 1 0 1 0 1 0 1 0 1 0 1 0 1 0 1 0 1 0 1 0 1 0 1 0 1 0 1 0 1 0 1 0 1 0 1 0 1 0 1 0 1 0 1 0 1 0 1 0 1 0 1 0 1 0 1 0 1 0 1 0 1 0 1 0 1 0 1 0 1 0 1 0 1 0 1 0 1 0 1 0 1 0 1 0 1 0 1 0 1 0 1 0 1 0 1 0 1 0 1 0 1 0 1 0 1 0 1 0 1 0 1 0 1 0 1 0 1 0 1 0 1 0 1 0 1 0 1 0 1 0 1 0 1 0 1 0 1 0 1 0 1 0 1 0 1 0 1 0 1 0 1 0 1 0 1 0 1 0 1 0 1 0 1 0 1 0 1 0 1 0 1 0 1 0 1 0 1 0 1 0 1 0 1 0 1 0 1 0 1 0 1 0 1 0 1 0 1 0 1 0 1 0 1 0 1 0 1 0 1 0 1 0 1 0 1 0 1 0 1 0 1 0 1 0 1 0 1 0 1 0 1 0 1 0 1 0 1 0 1 0 1 0 1 0 1 0 1 0 1 0 1 0 1 0 1 0 1 0 1 0 1 0 1 0 1 0 1 0 1 0 1 0 1 0 1 0 1 0 1 0 1 0 1 0 1 0 1 0 1 0 1 0 1 0 1 0 1 0 1 0 1 0 1 0 1 0 1 0 1 0 1 0 1 0 1 0 1 0 1 0 1 0 1 0 1 0 1 0 1 0 1 0 1 0 1 0 1 0 1 0 1 0 1 0 1 0 1 0 1 0 1 0 1 0 1 0 1 0 1 0 1 0 1 0 1 0 1 0 1 0 1 0 1 0 1 0 1 0 1 0 1 0 1 0 1 0 1 0 1 0 1 0 1 0 1 0 1 0 1 0 1 0 1 0 1 0 1 0 1 0 1 0 1 0 1 0 1 0 1 0 1 0 1 0 1 0 1 0 1 0 1 0 1 0 1 0 1 0 1 0 1 0 1 0 1 0 1 0 1 0 1 0 1 0 1 0 1 0 1 0 1 0 1 0 1 0 1 0 1 0 1 0 1 0 1 0 1 0 1 0 1 0 1 0 1 0 1 0 1 0 1 0 1 0 1 0 1 0 1 0 1 0 1 0 1 0 1 0 1 0 1 0 1 0 1 0 1 0 1 0 1 0 1 0 1 0 1 0 1 0 1 0 1 0 1 0 1 0 1 0 1 0 1 0 1 0 1 0 1 0 1 0 1 0 1 0 1 0 1 0 1 0 1 0 1 0 1 0 1 0 1 0 1 0 1 0 1 0 1 0 1 0 1 0 1 0 1 0 1 0 1 0 1 0 1 0 1 0 1 0 1 0 1 0 1 0 1 0 1 0 1 0 1 0 1 0 1 0 1 0 1 0 1 0 1 0 1 0 1 0 1 0 1 0 1 0 1 0 1 0 1 0 1 0 1 0 1 0 1 0 1 0 1 0 1 0 1 0 1 0 1 0 1 0 1 0 1 0 1 0 1 0 1 0 1 0 1 0 1 0 1 0 1 0 1 0 1 0 1 0 1 0 1 0 1 0 1 0 1 0 1 0 1 0 1 0 1 0 1 0 1 0 1 0 1 0 1 0 1 0 1 0 1 0 1 0 1 0 1 0 1 0 1 0 1 0 1 0 1 0 1 0 1 0 1 0 1 0 1 0 1 0 1 0 1 0 1 0 1 0 1 0 1 0 1 0 1 0 1 0 1 0 1 0 1 0 1 0 1 0 1 0 1 0 1 0 1 0 1 0 1 0 1 0 1 0 1 0 1 0 1 0 1 0 1 0 1 0 1 0 1 0 1 0 1 0 1 0 1 0 1 0 1 0 1 0 1 0 1 0 1 0 1 0 1 0 1 0 1 0 1 0 1 0 1 0 1 0 1 0 1 0 1 0 1 0 1 0 1 0 1 0 1 0 1 0 1 0 1 0 1 0 1 0 1 0 1 0 1 0 1 0 1 0 1 0 1 0 1 0 1 0 1 0 1 0 1 0 1 0 1 0 1 0 1 0 1 0 1 0 1 0 1 0 1 0 1 0 1 0 1 0 1 0 1 0 1 0 1 0 1 0 1 0 1 0 1 0 1 0 1 0 1 0 1 0 1 0 1 0 1 0 1 0 1 0 1 0 1 0 1 0 1 0 1 0 1 0 1 0 1 0 1 0 1 0 1 0 1 0 1 0 1 0 1 0 1 0 1 0 1 0 1 0 1 0 1 0 1 0 1 0 1 0 1 0 1 0 1 0 1 0 1 0 1 0 1 0 1 0 1 0 1 0 1 0 1 0 1 0 1 0 1 0 1 0 1 0 1 0 1 0 1 0 1 0 1 0 1 0 1 0 1 0 1 0 1 0 1 0 1 0 1 0 1 0 1 0 1 0 1 0 1 0 1 0 1 0 1 0 1 0 1 0 1 0 1 0 1 0 1 0 1 0 1 0 1 0 1 0 1 0 1 0 1 0 1 0 1 0 1 0 1 0 1 0 1 0 1 0 1 0 1 0 1 0 1 0 1 0 1 0 1 0 1 0 1 0 1 0 1 0 1 0 1 0 1 0 1 0 1 0 1 0 1 0 1 0 1 0 1 0 1 0 1 0 1 0 1 0 1 0 1 0 1 0 1 0 1 0 1 0 1 0 1 0 1 0 1 0 1 0 1 0 1 0 1 0 1 0 1 0 1 0 1 0 1 0 1 0 1 0 1 0 1 0 1 0 1 0 1 0 1 0 1 0 1 0 1 0 1 0 1 0 1 0 1 0 1 0 1 0 1 0 1 0 1 0 1 0 1 0 1 0 1 0 1 0 1 0 1 0 1 0 1 0 1 0 1 0 1 0 1 0 1 0 1 0 1 0 1 0 1 0 1 0 1 0 1 0 1 0 1 0 1 0 1 0 1 0 1 0 1 0 1 0 1 0 1 0 1 0 1 0 1 0 1 0 1 0 1 0 1 0 1 0 1 0 1 0 1 0 1 0 1 0 1 0 1 0 1 0 1 0 1 0 1 0 1 0 1 0 1 0 1 0 1 0 1 0 1 0 1 0 1 0 1 0 1 0 1 0 1 0 1 0 1 0 1 0 1 0 1 0 1 0 1 0 1 0 1 0 1 0 1 0 1 0 1 0 1 0 1 0 1 0 1 0 1 0 1 0 1 0 1 0 1 0 1 0 1 0 1 0 1 0 1 0 1 0 1 0 1 0 1 0 1 0 1 0 1 0 1 0 1 0 1 0 1 0 1 0 1 0 1 0 1 0 1 0 1 0 1 0 1 0 1 0 1 0 1 0 1 0 1 0 1 0 1 0 1 0 1 0 1 0 1 0 1 0 1 0 1 0 1 0 1 0 1 0 1 0 1 0 1 0 1 0 1 0 1 0 1 0 1 0 1 0 1 0 1 0 1 0 1 0 1 0 1 0 1 0 1 0 1 0 1 0 1 0 1 0 1 0 1 0 1 0 1 0 1 0 1 0 1 0 1 0 1 0 1 0 1 0 1 0 1 0 1 0 1 0 1 0 1 0 1 0 1 0 1 0 1 0 1 0 1 0 1 0 1 0 1 0 1 0 1 0 1 0 1 0 1 0 1 0 1 0 1 0 1 0 1 0 1 0 1 0 1 0 1 0 1 0 1 0 1 0 1 0 1 0 1 0 1 0 1 0 1 0 1 0 1 0 1 0 1 0 1 0 1 0 1 0 1 0 1 0 1 0 1 0 1 0 1 0 1 0 1 0 1 0 1 0 1 0 1 0 1 0 1 0 1 0 1 0 1 0 1 0 1 0 1 0 1 0 1 0 1 0 1 0 1 0 1 0 1 0 1 0 1 0 1 0 1 0 1 0 1 0 1 0 1 0 1 0 1 0 1 0 1 0 1 0 1 0 1 0 1 0 1 0 1 0 1 0 1 0 1 0 1 0 1 0 1 0 1 0 1 0 1 0 1 0 1 0 1 0 1 0 1 0 1 0 1 0 1 0 1 0 1 0 1 0 1 0 1 0 1 0 1 0 1 0 1 0 1 0 1 0 1 0 1 0 1 0 1 0 1 0 1 0 1 0 1 0 1 0 1 0 1 0 1 0 1 0 1 0 1 0 1 0 1 0 1 0 1 0 1 0 1 0 1 0 1 0 1 0 1 0 1 0 1 0 1 0 1 0 1 0 1 0 1 0 1 0 1 0 1 0 1 0 1 0 1 0 1 0 1 0 1 0 1 0 1 0 1 0 1 0 1 0 1 0 1 0 1 0 1 0 1 0 1 0 1 0 1 0 1 0 1 0 1 0 1 0 1 0 1 0 1 0 1 0 1 0 1 0 1 0 1 0 1 0 1 0 1 0 1 0 1 0 1 0 1 0 1 0 1 0 1 0 1 0 1 0 1 0 1 0 1 0 1 0 1 0 1 0 1 0 1 0 1 0 1 0 1 0 1 0 1 0 1 0 1 0 1 0 1 0 1 0 1 0 1 0 1 0 1 0 1 0 1 0 1 0 1 0 1 0 1 0 1 0 1 0 1 0 1 0 1 0 1 0 1 0 1 0 1 0 1 0 1 0 1 0 1 0 1 0 1 0 1 0 1 0 1 0 1 0 1 0 1 0 1 0 1 0 1 0 1 0 1 0 1 0 1 0 1 0 1 0 1 0 1 0 1 0 1 0 1 0 1 0 1 0 1 0 1 0 1 0 1 0 1 0 1 0 1 0 1 0 1 0 1 0 1 0 1 0 1 0 1 0 1 0 1 0 1 0 1 0 1 0 1 0 1 0 1 0 1 0 1 0 1 0 1 0 1 0 1 0 1 0 1 0 1 0 1 0 1 0 1 0 1 0 1 0 1 0 1 0 1 0 1 0 1 0 1 0 1 0 1 0 1 0 1 0 1 0 1 0 1 0 1 0 1 0 1 0 1 0 1 0 1 0 1 0 1 0 1 0 1 0 1 0 1 0 1 0 1 0 1 0 1 0 1 0 1 0 1 0 1 0 1 0 1 0 1 0 1 0 1 0 1 0 1 0 1 0 1 0 1 0 1 0 1 0 1 0 1 0 1 0 1 0 1 0 1 0 1 0 1 0 1 0 1 0 1 0 1 0 1 0 1 0 1 0 1 0 1 0 1 0 1 0 1 0 1 0 1 0 1 0 1 0 1 0 1 0 1 0 1 0 1 0 1 0 1 0 1 0 1 0 1 0 1 0 1 0 1 0 1 0 1 0 1 0 1 0 1 0 1 0 1 0 1 0 1 0 1 0 1 0 1 0 1 0 1 0 1 0 1 0 1 0 1 0 1 0 1 0 1 0 1 0 1 0 1 0 1 0 1 0 1 0 1 0 1 0 1 0 1 0 1 0 1 0 1 0 1 0 1 0 1 0 1 0 1 0 1 0 1 0 1 0 1 0 1 0 1 0 1 0 1 0 1 0 1 0 1 0 1 0 1 0 1 0 1 0 1 0 1 0 1 0 1 0 1 0 1 0 1 0 1 0 1 0 1 0 1 0 1 0 1 0 1 0 1 0 1 0 1 0 1 0 1 0 1 0 1 0 1 0 1 0 1 0 1 0 1 0 1 0 1 0 1 0 1 0 1 0 1 0 1 0 1 0 1 0 1 0 1 0 1 0 1 0 1 0 1 0 1 0 1 0 1 0 1 0 1 0 1 0 1 0 1 0 1 0 1 0 1 0 1 0 1 0 1 0 1 0 1 0 1 0 1 0 1 0 1 0 1 0 1 0 1 0 1 0 1 0 1 0 1 0 1 0 1 0 1 0 1 0 1 0 1 0 1 0 1 0 1 0 1 0 1 0 1 0 1 0 1 0 1 0 1 0 1 0 1 0 1 0 1 0 1 0 1 0 1 0 1 0 1 0 1 0 1 0 1 0 1 0 1 0 1 0 1 0 1 0 1 0 1 0 1 0 1 0 1 0 1 0 1 0 1 0 1 0 1 0 1 0 1 0 1 0 1 0 1 0 1 0 1 0 1 0 1 0 1 0 1 0 1 0 1 0 1 0 1 0 1 0 1 0 1 0 1 0 1 0 1 0 1 0 1 0 1 0 1 0 1 0 1 0 1 0 1 0 1 0 1 0 1 0 1 0 1 0 1 0 1 0 1 0 1 0 1 0 1 0 1 0 1 0 1 0 1 0 1 0 1 0 1 0 1 0 1 0 1 0 1 0 1 0 1 0 1 0 1 0 1 0 1 0 1 0 1 0 1 0 1 0 1 0 1 0 1 0 1 0 1 0 1 0 1 0 1 0 1 0 1 0 1 0 1 0 1 0 1 0 1 0 1 0 1 0 1 0 1 0 1 0 1 0 1 0 1 0 1 0 1 0 1 0 1 0 1 0 1 0 1 0 1 0 1 0 1 0 1 0 1 0 1 0 1 0 1 0 1 0 1 0 1 0 1 0 1 0 1 0 1 0 1 0 1 0 1 0 1 0 1 0 1 0 1 0 1 0 1 0 1 0 1 0 1 0 1 0 1 0 1 0 1 0 1 0 1 0 1 0 1 0 1 0 1 0 1 0 1 0 1 0 1 0 1 0 1 0 1 0 1 0 1 0 1 0 1 0 1 0 1 0 1 0 1 0 1 0 1 0 1 0 1 0 1 0 1 0 1 0 1 0 1 0 1 0 1 0 1 0 1 0 1 0 1 0 1 0 1 0 1 0 1 0 1 0 1 0 1 0 1 0 1 0 1 0 1 0 1 0 1 0 1 0 1 0 1 0 1 0 1 0 1 0 1 0 1 0 1 0 1 0 1 0 1 0 1 0 1 0 1 0 1 0 1 0 1 0 1 0 1 0 1 0 1 0 1 0 1 0 1 0 1 0 1 0 1 0 1 0 1 0 1 0 1 0 1 0 1 0 1 0 1 0 1 0 1 0 1 0 1 0 1 0 1 0 1 0 1 0 1 0 1 0 1 0 1 0 1 0 1 0 1 0 1 0 1 0 1 0 1 0 1 0 1 0 1 0 1 0 1 0 1 0 1 0 1 0 1 0 1 0 1 0 1 0 1 0 1 0 1 0 1 0 1 0 1 0 1 0 1 0 1 0 1 0 1 0 1 0 1 0 1 0 1 0 1 0 1 0 1 0 1 0 1 0 1 0 1 0 1 0 1 0 1 0 1 0 1 0 1 0 1 0 1 0 1 0 1 0 1 0 1 0 1 0 1 0 1 0 1 0 1 0 1 0 1 0 1 0 1 0 1 0 1 0 1 0 1 0 1 0 1 0 1 0 1 0 1 0 1 0 1 0 1 0 1 0 1 0 1 0 1 0 1 0 1 0 1 0 1 0 1 0 1 0 1 0 1 0 1 0 1 0 1 0 1 0 1 0 1 0 1 0 1 0 1 0 1 0 1 0 1 0 1 0 1 0 1 0 1 0 1 0 1 0 1 0 1 0 1 0 1 0 1 0 1 0 1 0 1 0 1 0 1 0 1 0 1 0 1 0 1 0 1 0 1 0 1 0 1 0 1 0 1 0 1 0 1 0 1 0 1 0 1 0 1 0 1 0 1 0 1 0 1 0 1 0 1 0 1 0 1 0 1 0 1 0 1 0 1 0 1 0 1 0 1 0 1 0 1 0 1 0 1 0 1 0 1 0 1 0 1 0 1 0 1 0 1 0 1 0 1 0 1 0 1 0 1 0 1 0 1 0 1 0 1 0 1 0 1 0 1 0 1 0 1 0 1 0 1 0 1 0 1 0 1 0 1 0 1 0 1 0 1 0 1 0 1 0 1 0 1 0 1 0 1 0 1 0 1 0 1 0 1 0 1 0 1 0 1 0 1 0 1 0 1 0 1 0 1 0 1 0 1 0 1 0 1 0 1 0 1 0 1 0 1 0 1 0 1 0 1 0 1 0 1 0 1 0 1 0 1 0 1 0 1 0 1 0 1 0 1 0 1 0 1 0 1 0 1 0 1 0 1 0 1 0 1 0 1 0 1 0 1 0 1 0 1 0 1 0 1 0 1 0 1 0 1 0 1 0 1 0 1 0 1 0 1 0 1 0 1 0 1 0 1 0 1 0 1 0 1 0 1 0 1 0 1 0 1 0 1 0 1 0 1 0 1 0 1 0 1 0 1 0 1 0 1 0 1 0 1 0 1 0 1 0 1 0 1 0 1 0 1 0 1 0 1 0 1 0 1 0 1 0 1 0 1 0 1 0 1 0 1 0 1 0 1 0 1 0 1 0 1 0 1 0 1 0 1 0 1 0 1 0 1 0 1 0 1 0 1 0 1 0 1 0 1 0 1 0 1 0 1 0 1 0 1 0 1 0 1 0 1 0 1 0 1 0 1 0 1 0 1 0 1 0 1 0 1 0 1 0 1 0 1 0 1 0 1 0 1 0 1 0 1 0 1 0 1 0 1 0 1 0 1 0 1 0 1 0 1 0 1 0 1 0 1 0 1 0 1 0 1 0 1 0 1 0 1 0 1 0 1 0 1 0 1 0 1 0 1 0 1 0 1 0 1 0 1 0 1 0 1 0 1 0 1 0 1 0 1 0 1 0 1 0 1 0 1 0 1 0 1 0 1 0 1 0 1 0 1 0 1 0 1 0 1 0 1 0 1 0 1 0 1 0 1 0 1 0 1 0 1 0 1 0 1 0 1 0 1 0 1 0 1 0 1 0 1 0 1 0 1 0 1 0 1 0 1 0 1 0 1 0 1 0 1 0 1 0 1 0 1 0 1 0 1 0 1 0 1 0 1 0 1 0 1 0 1 0 1 0 1 0 1 0 1 0 1 0 1 0 1 0 1 0 1 0 1 0 1 0 1 0 1 0 1 0 1 0 1 0 1 0 1 0 1 0 1 0 1 0 1 0 1 0 1 0 1 0 1 0 1 0 1 0 1 0 1 0 1 0 1 0 1 0 1 0 1 0 1 0 1 0 1 0 1 0 1 0 1 0 1 0 1 0 1 0 1 0 1 0 1 0 1 0 1 0 1 0 1 0 1 0 1 0 1 0 1 0 1 0 1 0 1 0 1 0 1 0 1 0 1 0 1 0 1 0 1 0 1 0 1 0 1 0 1 0 1 0 1 0 1 0 1 0 1 0 1 0 1 0 1 0 1 0 1 0 1 0 1 0 1 0 1 0 1 0 1 0 1 0 1 0 1 0 1 0 1 0 1 0 1 0 1 0 1 0 1 0 1 0 1 0 1 0 1 0 1 0 1 0 1 0 1 0 1 0 1 0 1 0 1 0 1 0 1 0 1 0 1 0 1 0 1 0 1 0 1 0 1 0 1 0 1 0 1 0 1 0 1 0 1 0 1 0 1 0 1 0 1 0 1 0 1 0 1 0 1 0 1 0 1 0 1 0 1 0 1 0 1 0 1 0 1 0 1 0 1 0 1 0 1 0 1 0 1 0 1 0 1 0 1 0 1 0 1 0 1 0 1 0 1 0 1 0 1 0 1 0 1 0 1 0 1 0 1 0 1 0 1 0 1 0 1 0 1 0 1 0 1 0 1 0 1 0 1 0 1 0 1 0 1 0 1 0 1 0 1 0 1 0 1 0 1 0 1 0 1 0 1 0 1 0 1 0 1 0 1 0 1 0 1 0 1 0 1 0 1 0 1 0 1 0 1 0 1 0 1 0 1 0 1 0 1 0 1 0 1 0 1 0 1 0 1 0 1 0 1 0 1 0 1 0 1 0 1 0 1 0 1 0 1 0 1 0 1 0 1 0 1 0 1 0 1 0 1 0 1 0 1 0 1 0 1 0 1 0 1 0 1 0 1 0 1 0 1 0 1 0 1 0 1 0 1 0 1 0 1 0 1 0 1 0 1 0 1 0 1 0 1 0 1 0 1 0 1 0 1 0 1 0 1 0 1 0 1 0 1 0 1 0 1 0 1 0 1 0 1 0 1 0 1 0 1 0 1 0 1 0 1 0 1 0 1 0 1 0 1 0 1 0 1 0 1 0 1 0 1 0 1 0 1 0 1 0 1 0 1 0 1 0 1 0 1 0 1 0 1 0 1 0 1 0 1 0 1 0 1 0 1 0 1 0 1 0 1 0 1 0 1 0 1 0 1 0 1 0 1 0 1 0 1 0 1 0 1 0 1 0 1 0 1 0 1 0 1 0 1 0 1 0 1 0 1 0 1 0 1 0 1 0 1 0 1 0 1 0 1 0 1 0 1 0 1 0 1 0 1 0 1 0 1 0 1 0 1 0 1 0 1 0 1 0 1 0 1 0 1 0 1 0 1 0 1 0 1 0 1 0 1 0 1 0 1 0 1 0 1 0 1 0 1 0 1 0 1 0 1 0 1 0 1 0 1 0 1 0 1 0 1 0 1 0 1 0 1 0 1 0 1 0 1 0 1 0 1 0 1 0 1 0 1 0 1 0 1 0 1 0 1 0 1 0 1 0 1 0 1 0 1 0 1 0 1 0 1 0 1 0 1 0 1 0 1 0 1 0 1 0 1 0 1 0 1 0 1 0 1 0 1 0 1 0 1 0 1 0 1 0 1 0 1 0 1 0 1 0 1 0 1 0 1 0 1 0 1 0 1 0 1 0 1 0 1 0 1 0 1 0 1 0 1 0 1 0 1 0 1 0 1 0 1 0 1 0 1 0 1 0 1 0 1 0 1 0 1 0 1 0 1 0 1 0 1 0 1 0 1 0 1 0 1 0 1 0 1 0 1 0 1 0 1 0 1 0 1 0 1 0 1 0 1 0 1 0 1 0 1 0 1 0 1 0 1 0 1 0 1 0 1 0 1 0 1 0 1 0 1 0 1 0 1 0 1 0 1 0 1 0 1 0 1 0 1 0 1 0 1 0 1 0 1 0 1 0 1 0 1 0 1 0 1 0 1 0 1 0 1 0 1 0 1 0 1 0 1 0 1 0 1 0 1 0 1 0 1 0 1 0 1 0 1 0 1 0 1 0 1 0 1 0 1 0 1 0 1 0 1 0 1 0 1 0 1 0 1 0 1 0 1 0 1 0 1 0 1 0 1 0 1 0 1 0 1 0 1 0 1 0 1 0 1 0 1 0 1 0 1 0 1 0 1 0 1 0 1 0 1 0 1 0 1 0 1 0 1 0 1 0 1 0 1 0 1 0 1 0 1 0 1 0 1 0 1 0 1 0 1 0 1 0 1 0 1 0 1 0 1 0 1 0 1 0 1 0 1 0 1 0 1 0 1 0 1 0 1 0 1 0 1 0 1 0 1 0 1 0 1 0 1 0 1 0 1 0 1 0 1 0 1 0 1 0 1 0 1 0 1 0 1 0 1 0 1 0 1 0 1 0 1 0 1 0 1 0 1 0 1 0 1 0 1 0 1 0 1 0 1 0 1 0 1 0 1 0 1 0 1 0 1 0 1 0 1 0 1 0 1 0 1 0 1 0 1 0 1 0 1 0 1 0 1 0 1 0 1 0 1 0 1 0 1 0 1 0 1 0 1 0 1 0 1 0 1 0 1 0 1 0 1 0 1 0 1 0 1 0 1 0 1 0 1 0 1 0 1 0 1 0 1 0 1 0 1 0 1 0 1 0 1 0 1 0 1 0 1 0 1 0 1 0 1 0 1 0 1 0 1 0 1 0 1 0 1 0 1 0 1 0 1 0 1 0 1 0 1 0 1 0 1 0 1 0 1 0 1 0 1 0 1 0 1 0 1 0 1 0 1 0 1 0 1 0 1 0 1 0 1 0 1 0 1 0 1 0 1 0 1 0 1 0 1 0 1 0 1 0 1 0 1 0 1 0 1 0 1 0 1 0 1 0 1 0 1 0 1 0 1 0 1 0 1 0 1 0 1 0 1 0 1 0 1 0 1 0 1 0 1 0 1 0 1 0 1 0 1 0 1 0 1 0 1 0 1 0 1 0 1 0 1 0 1 0 1 0 1 0 1 0 1 0 1 0 1 0 1 0 1 0 1 0 1 0 1 0 1 0 1 0 1 0 1 0 1 0 1 0 1 0 1 0 1 0 1 0 1 0 1 0 1 0 1 0 1 0 1 0 1 0 1 0 1 0 1 0 1 0 1 0 1 0 1 0 1 0 1 0 1 0 1 0 1 0 1 0 1 0 1 0 1 0 1 0 1 0 1 0 1 0 1 0 1 0 1 0 1 0 1 0 1 0 1 0 1 0 1 0 1 0 1 0 1 0 1 0 1 0 1 0 1 0 1 0 1 0 1 0 1 0 1 0 1 0 1 0 1 0 1 0 1 0 1 0 1 0 1 0 1 0 1 0 1 0 1 0 1 0 1 0 1 0 1 0 1 0 1 0 1 0 1 0 1 0 1 0 1 0 1 0 1 0 1 0 1 0 1 0 1 0 1 0 1 0 1 0 1 0 1 0 1 0 1 0 1 0 1 0 1 0 1 0 1 0 1 0 1 0 1 0 1 0 1 0 1 0 1 0 1 0 1 0 1 0 1 0 1 0 1 0 1 0 1 0 1 0 1 0 1 0 1 0 1 0 1 0 1 0 1 0 1 0 1 0 1 0 1 0 1 0 1 0 1 0 1 0 1 0 1 0 1 0 1 0 1 0 1 0 1 0 1 0 1 0 1 0 1 0 1 0 1 0 1 0 1 0 1 0 1 0 1 0 1 0 1 0 1 0 1 0 1 0 1 0 1 0 1 0 1 0 1 0 1 0 1 0 1 0 1 0 1 0 1 0 1 0 1 0 1 0 1 0 1 0 1 0 1 0 1 0 1 0 1 0 1 0 1 0 1 0 1 0 1 0 1 0 1 0 1 0 1 0 1 0 1 0 1 0 1 0 1 0 1 0 1 0 1 0 1 0 1 0 1 0 1 0 1 0 1 0 1 0 1 0 1 0 1 0 1 0 1 0 1 0 1 0 1 0 1 0 1 0 1 0 1 0 1 0 1 0 1 0 1 0 1 0 1 0 1 0 1 0 1 0 1 0 1 0 1 0 1 0 1 0 1 0 1 0 1 0 1 0 1 0 1 0 1 0 1 0 1 0 1 0 1 0 1 0 1 0 1 0 1 0 1 0 1 0 1 0 1 0 1 0 1 0 1 0 1 0 1 0 1 0 1 0 1 0 1 0 1 0 1 0 1 0 1 0 1 0 1 0 1 0 1 0 1 0 1 0 1 0 1 0 1 0 1 0 1 0 1 0 1 0 1 0 1 0 1 0 1 0 1 0 1 0 1 0 1 0 1 0 1 0 1 0 1 0 1 0 1 0 1 0 1 0 1 0 1 0 1 0 1 0 1 0 1 0 1 0 1 0 1 0 1 0 1 0 1 0 1 0 1 0 1 0 1 0 1 0 1 0 1 0 1 0 1 0 1 0 1 0 1 0 1 0 1 0 1 0 1 0 1 0 1 0 1 0 1 0 1 0 1 0 1 0 1 0 1 0 1 0 1 0 1 0 1 0 1 0 1 0 1 0 1 0 1 0 1 0 1 0 1 0 1 0 1 0 1 0 1 0 1 0 1 0 1 0 1 0 1 0 1 0 1 0 1 0 1 0 1 0 1 0 1 0 1 0 1 0 1 0 1 0 1 0 1 0 1 0 1 0 1 0 1 0 1 0 1 0 1 0 1 0 1 0 1 0 1 0 1 0 1 0 1 0 1 0 1 0 1 0 1 0 1 0 1 0 1 0 1 0 1 0 1 0 1 0 1 0 1 0 1 0 1 0 1 0 1 0 1 0 1 0 1 0 1 0 1 0 1 0 1 0 1 0 1 0 1 0 1 0 1 0 1 0 1 0 1 0 1 0 1 0 1 0 1 0 1 0 1 0 1 0 1 0 1 0 1 0 1 0 1 0 1 0 1 0 1 0 1 0 1 0 1 0 1 0 1 0 1 0 1 0 1 0 1 0 1 0 1 0 1 0 1 0 1 0 1 0 1 0 1 0 1 0 1 0 1 0 1 0 1 0 1 0 1 0 1 0 1 0 1 0 1 0 1 0 1 0 1 0 1 0 1 0 1 0 1 0 1 0 1 0 1 0 1 0 1 0 1 0 1 0 1 0 1 0 1 0 1 0 1 0 1 0 1 0 1 0 1 0 1 0 1 0 1 0 1 0 1 0 1 0 1 0 1 0 1 0 1 0 1 0 1 0 1 0 1 0 1 0 1 0 1 0 1 0 1 0 1 0 1 0 1 0 1 0 1 0 1 0 1 0 1 0 1 0 1 0 1 0 1 0 1 0 1 0 1 0 1 0 1 0 1 0 1 0 1 0 1 0 1 0 1 0 1 0 1 0 1 0 1 0 1 0 1 0 1 0 1 0 1 0 1 0 1 0 1 0 1 0 1 0 1 0 1 0 1 0 1 0 1 0 1 0 1 0 1 0 1 0 1 0 1 0 1 0 1 0 1 0 1 0 1 0 1 0 1 0 1 0 1 0 1 0 1 0 1 0 1 0 1 0 1 0 1 0 1 0 1 0 1 0 1 0 1 0 1 0 1 0 1 0 1 0 1 0 1 0 1 0 1 0 1 0 1 0 1 0 1 0 1 0 1 0 1 0 1 0 1 0 1 0 1 0 1 0 1 0 1 0 1 0 1 0 1 0 1 0 1 0 1 0 1 0 1 0 1 0 1 0 1 0 1 0 1 0 1 0 1 0 1 0 1 0 1 0 1 0 1 0 1 0 1 0 1 0 1 0 1 0 1 0 1 0 1 0 1 0 1 0 1 0 1 0 1 0 1 0 1 0 1 0 1 0 1 0 1 0 1 0 1 0 1 0 1 0 1 0 1 0 1 0 1 0 1 0 1 0 1 0 1 0 1 0 1 0 1 0 1 0 1 0 1 0 1 0 1 0 1 0 1 0 1 0 1 0 1 0 1 0 1 0 1 0 1 0 1 0 1 0 1 0 1 0 1 0 1 0 1 0 1 0 1 0 1 0 1 0 1 0 1 0 1 0 1 0 1 0 1 0 1 0 1 0 1 0 1 0 1 0 1 0 1 0 1 0 1 0 1 0 1 0 1 0 1 0 1 0 1 0 1 0 1 0 1 0 1 0 1 0 1 0 1 0 1 0 1 0 1 0 1 0 1 0 1 0 1 0 1 0 1 0 1 0 1 0 1 0 1 0 1 0 1 0 1 0 1 0 1 0 1 0 1 0 1 0 1 0 1 0 1 0 1 0 1 0 1 0 1 0 1 0 1 0 1 0 1 0 1 0 1 0 1 0 1 0 1 0 1 0 1 0 1 0 1 0 1 0 1 0 1 0 1 0 1 0 1 0 1 0 1 0 1 0 1 0 1 0 1 0 1 0 1 0 1 0 1 0 1 0 1 0 1 0 1 0 1 0 1 0 1 0 1 0 1 0 1 0 1 0 1 0 1 0 1 0 1 0 1 0 1 0 1 0 1 0 1 0 1 0 1 0 1 0 1 0 1 0 1 0 1 0 1 0 1 0 1 0 1 0 1 0 1 0 1 0 1 0 1 0 1 0 1 0 1 0 1 0 1 0 1 0 1 0 1 0 1 0 1 0 1 0 1 0 1 0 1 0 1 0 1 0 1 0 1 0 1 0 1 0 1 0 1 0 1 0 1 0 1 0 1 0 1 0 1 0 1 0 1 0 1 0 1 0 1 0 1 0 1 0 1 0 1 0 1 0 1 0 1 0 1 0 1 0 1 0 1 0 1 0 1 0 1 0 1 0 1 0 1 0 1 0 1 0 1 0 1 0 1 0 1 0 1 0 1 0 1 0 1 0 1 0 1 0 1 0 1 0 1 0 1 0 1 0 1 0 1 0 1 0 1 0 1 0 1 0 1 0 1 0 1 0 1 0 1 0 1 0 1 0 1 0 1 0 1 0 1 0 1 0 1 0 1 0 1 0 1 0 1 0 1 0 1 0 1 0 1 0 1 0 1 0 1 0 1 0 1 0 1 0 1 0 1 0 1 0 1 0 1 0 1 0 1 0 1 0 1 0 1 0 1 0 1 0 1 0 1 0 1 0 1 0 1 0 1 0 1 0 1 0 1 0 1 0 1 0 1 0 1 0 1 0 1 0 1 0 1 0 1 0 1 0 1 0 1 0 1 0 1 0 1 0 1 0 1 0 1 0 1 0 1 0 1 0 1 0 1 0 1 0 1 0 1 0 1 0 1 0 1 0 1 0 1 0 1 0 1 0 1 0 1 0 1 0 1 0 1 0 1 0 1 0 1 0 1 0 1 0 1 0 1 0 1 0 1 0 1 0 1 0 1 0 1 0 1 0 1 0 1 0 1 0 1 0 1 0 1 0 1 0 1 0 1 0 1 0 1 0 1 0 1 0 1 0 1 0 1 0 1 0 1 0 1 0 1 0 1 0 1 0 1 0 1 0 1 0 1 0 1 0 1 0 1 0 1 0 1 0 1 0 1 0 1 0 1 0 1 0 1 0 1 0 1 0 1 0 1 0 1 0 1 0 1 0 1 0 1 0 1 0 1 0 1 0 1 0 1 0 1 0 1 0 1 0 1 0 1 0 1 0 1 0 1 0 1 0 1 0 1 0 1 0 1 0 1 0 1 0 1 0 1 0 1 0 1 0 1 0 1 0 1 0 1 0 1 0 1 0 1 0 1 0 1 0 1 0 1 0 1 0 1 0 1 0 1 0 1 0 1 0 1 0 1 0 1 0 1 0 1 0 1 0 1 0 1 0 1 0 1 0 1 0 1 0 1 0 1 0 1 0 1 0 1 0 1 0 1 0 1 0 1 0 1 0 1 0 1 0 1 0 1 0 1 0 1 0 1 0 1 0 1 0 1 0 1 0 1 0 1 0 1 0 1 0 1 0 1 0 1 0 1 0 1 0 1 0 1 0 1 0 1 0 1 0 1 0 1 0 1 0 1 0 1 0 1 0 1 0 1 0 1 0 1 0 1 0 1 0 1 0 1 0 1 0 1 0 1 0 1 0 1 0 1 0 1 0 1 0 1 0 1 0 1 0 1 0 1 0 1 0 1 0 1 0 1 0 1 0 1 0 1 0 1 0 1 0 1 0 1 0 1 0 1 0 1 0 1 0 1 0 1 0 1 0 1 0 1 0 1 0 1 0 1 0 1 0 1 0 1 0 1 0 1 0 1 0 1 0 1 0 1 0 1 0 1 0 1 0 1 0 1 0 1 0 1 0 1 0 1 0 1 0 1 0 1 0 1 0 1 0 1 0 1 0 1 0 1 0 1 0 1 0 1 0 1 0 1 0 1 0 1 0 1 0 1 0 1 0 1 0 1 0 1 0 1 0 1 0 1 0 1 0 1 0 1 0 1 0 1 0 1 0 1 0 1 0 1 0 1 0 1 0 1 0 1 0 1 0 1 0 1 0 1 0 1 0 1 0 1 0 1 0 1 0 1 0 1 0 1 0 1 0 1 0 1 0 1 0 1 0 1 0 1 0 1 0 1 0 1 0 1 0 1 0 1 0 1 0 1 0 1 0 1 0 1 0 1 0 1 0 1 0 1 0 1 0 1 0 1 0 1 0 1 0 1 0 1 0 1 0 1 0 1 0 1 0 1 0 1 0 1 0 1 0 1 0 1 0 1 0 1 0 1 0 1 0 1 0 1 0 1 0 1 0 1 0 1 0 1 0 1 0 1 0 1 0 1 0 1 0 1 0 1 0 1 0 1 0 1 0 1 0 1 0 1 0 1 0 1 0 1 0 1 0 1 0 1 0 1 0 1 0 1 0 1 0 1 0 1 0 1 0 1 0 1 0 1 0 1 0 1 0 1 0 1 0 1 0 1 0 1 0 1 0 1 0 1 0 1 0 1 0 1 0 1 0 1 0 1 0 1 0 1 0 1 0 1 0 1 0 1 0 1 0 1 0 1 0 1 0 1 0 1 0 1 0 1 0 1 0 1 0 1 0 1 0 1 0 1 0 1 0 1 0 1 0 1 0 1 0 1 0 1 0 1 0 1 0 1 0 1 0 1 0 1 0 1 0 1 0 1 0 1 0 1 0 1 0 1 0 1 0 1 0 1 0 1 0 1 0 1 0 1 0 1 0 1 0 1 0 1 0 1 0 1 0 1 0 1 0 1 0 1 0 1 0 1 0 1 0 1 0 1 0 1 0 1 0 1 0 1 0 1 0 1 0 1 0 1 0 1 0 1 0 1 0 1 0 1 0 1 0 1 0 1 0 1 0 1 0 1 0 1 0 1 0 1 0 1 0 1 0 1 0 1 0 1 0 1 0 1 0 1 0 1 0 1 0 1 0 1 0 1 0 1 0 1 0 1 0 1 0 1 0 1 0 1 0 1 0 1 0 1 0 1 0 1 0 1 0 1 0 1 0 1 0 1 0 1 0 1 0 1 0 1 0 1 0 1 0 1 0 1 0 1 0 1 0 1 0 1 0 1 0 1 0 1 0 1 0 1 0 1 0 1 0 1 0 1 0 1 0 1 0 1 0 1 0 1 0 1 0 1 0 1 0 1 0 1 0 1 0 1 0 1 0 1 0 1 0 1 0 1 0 1 0 1 0 1 0 1 0 1 0 1 0 1 0 1 0 1 0 1 0 1 0 1 0 1 0 1 0 1 0 1 0 1 0 1 0 1 0 1 0 1 0 1 0 1 0 1 0 1 0 1 0 1 0 1 0 1 0 1 0 1 0 1 0 1 0 1 0 1 0 1 0 1 0 1 0 1 0 1 0 1 0 1 0 1 0 1 0 1 0 1 0 1 0 1 0 1 0 1 0 1 0 1 0 1 0 1 0 1 0 1 0 1 0 1 0 1 0 1 0 1 0 1 0 1 0 1 0 1 0 1 0 1 0 1 0 1 0 1 0 1 0 1 0 1 0 1 0 1 0 1 0 1 0 1 0 1 0 1 0 1 0 1 0 1 0 1 0 1 0 1 0 1 0 1 0 1 0 1 0 1 0 1 0 1 0 1 0 1 0 1 0 1 0 1 0 1 0 1 0 1 0 1 0 1 0 1 0 1 0 1 0 1 0 1 0 1 0 1 0 1 0 1 0 1 0 1 0 1 0 1 0 1 0 1 0 1 0 1 0 1 0 1 0 1 0 1 0 1 0 1 0 1 0 1 0 1 0 1 0 1 0 1 0 1 0 1 0 1 0 1 0 1 0 1 0 1 0 1 0 1 0 1 0 1 0 1 0 1 0 1 0 1 0 1 0 1 0 1 0 1 0 1 0 1 0 1 0 1 0 1 0 1 0 1 0 1 0 1 0 1 0 1 0 1 0 1 0 1 0 1 0 1 0 1 0 1 0 1 0 1 0 1 0 1 0 1 0 1 0 1 0 1 0 1 0 1 0 1 0 1 0 1 0 1 0 1 0 1 0 1 0 1 0 1 0 1 0 1 0 1 0 1 0 1 0 1 0 1 0 1 0 1 0 1 0 1 0 1 0 1 0 1 0 1 0 1 0 1 0 1 0 1 0 1 0 1 0 1 0 1 0 1 0 1 0 1 0 1 0 1 0 1 0 1 0 1 0 1 0 1 0 1 0 1 0 1 0 1 0 1 0 1 0 1 0 1 0 1 0 1 0 1 0 1 0 1 0 1 0 1 0 1 0 1 0 1 0 1 0 1 0 1 0 1 0 1 0 1 0 1 0 1 0 1 0 1 0 1 0 1 0 1 0 1 0 1 0 1 0 1 0 1 0 1 0 1 0 1 0 1 0 1 0 1 0 1 0 1 0 1 0 1 0 1 0 1 0 1 0 1 0 1 0 1 0 1 0 1 0 1 0 1 0 1 0 1 0 1 0 1 0 1 0 1 0 1 0 1 0 1 0 1 0 1 0 1 0 1 0 1 0 1 0 1 0 1 0 1 0 1 0 1 0 1 0 1 0 1 0 1 0 1 0 1 0 1 0 1 0 1 0 1 0 1 0 1 0 1 0 1 0 1 0 1 0 1 0 1 0 1 0 1 0 1 0 1 0 1 0 1 0 1 0 1 0 1 0 1 0 1 0 1 0 1 0 1 0 1 0 1 0 1 0 1 0 1 0 1 0 1 0 1 0 1 0 1 0 1 0 1 0 1 0 1 0 1 0 1 0 1 0 1 0 1 0 1 0 1 0 1 0 1 0 1 0 1 0 1 0 1 0 1 0 1 0 1 0 1 0 1 0 1 0 1 0 1 0 1 0 1 0 1 0 1 0 1 0 1 0 1 0 1 0 1 0 1 0 1 0 1 0 1 0 1 0 1 0 1 0 1 0 1 0 1 0 1 0 1 0 1 0 1 0 1 0 1 0 1 0 1 0 1 0 1 0 1 0 1 0 1 0 1 0 1 0 1 0 1 0 1 0 1 0 1 0 1 0 1 0 1 0 1 0 1 0 1 0 1 0 1 0 1 0 1 0 1 0 1 0 1 0 1 0 1 0 1 0 1 0 1 0 1 0 1 0 1 0 1 0 1 0 1 0 1 0 1 0 1 0 1 0 1 0 1 0 1 0 1 0 1 0 1 0 1 0 1 0 1 0 1 0 1 0 1 0 1 0 1 0 1 0 1 0 1 0 1 0 1 0 1 0 1 0 1 0 1 0 1 0 1 0 1 0 1 0 1 0 1 0 1 0 1 0 1 0 1 0 1 0 1 0 1 0 1 0 1 0 1 0 1 0 1 0 1 0 1 0 1 0 1 0 1 0 1 0 1 0 1 0 1 0 1 0 1 0 1 0 1 0 1 0 1 0 1 0 1 0 1 0 1 0 1 0 1 0 1 0 1 0 1 0 1 0 1 0 1 0 1 0 1 0 1 0 1 0 1 0 1 0 1 0 1 0 1 0 1 0 1 0 1 0 1 0 1 0 1 0 1 0 1 0 1 0 1 0 1 0 1 0 1 0 1 0 1 0 1 0 1 0 1 0 1 0 1 0 1 0 1 0 1 0 1 0 1 0 1 0 1 0 1 0 1 0 1 0 1 0 1 0 1 0 1 0 1 0 1 0 1 0 1 0 1 0 1 0 1 0 1 0 1 0 1 0 1 0 1 0 1 0 1 0 1 0 1 0 1 0 1 0 1 0 1 0 1 0 1 0 1 0 1 0 1 0 1 0 1 0 1 0 1 0 1 0 1 0 1 0 1 0 1 0 1 0 1 0 1 0 1 0 1 0 1 0 1 0 1 0 1 0 1 0 1 0 1 0 1 0 1 0 1 0 1 0 1 0 1 0 1 0 1 0 1 0 1 0 1 0 1 0 1 0 1 0 1 0 1 0 1 0 1 0 1 0 1 0 1 0 1 0 1 0 1 0 1 0 1 0 1 0 1 0 1 0 1 0 1 0 1 0 1 0 1 0 1 0 1 0 1 0 1 0 1 0 1 0 1 0 1 0 1 0 1 0 1 0 1 0 1 0 1 0 1 0 1 0 1 0 1 0 1 0 1 0 1 0 1 0 1 0 1 0 1 0 1 0 1 0 1 0 1 0 1 0 1 0 1 0 1 0 1 0 1 0 1 0 1 0 1 0 1 0 1 0 1 0 1 0 1 0 1 0 1 0 1 0 1 0 1 0 1 0 1 0 1 0 1 0 1 0 1 0 1 0 1 0 1 0 1 0 1 0 1 0 1 0 1 0 1 0 1 0 1 0 1 0 1 0 1 0 1 0 1 0 1 0 1 0 1 0 1 0 1 0 1 0 1 0 1 0 1 0 1 0 1 0 1 0 1 0 1 0 1 0 1 0 1 0 1 0 1 0 1 0 1 0 1 0 1 0 1 0 1 0 1 0 1 0 1 0 1 0 1 0 1 0 1 0 1 0 1 0 1 0 1 0 1 0 1 0 1 0 1 0 1 0 1 0 1 0 1 0 1 0 1 0 1 0 1 0 1 0 1 0 1 0 1 0 1 0 1 0 1 0 1 0 1 0 1 0 1 0 1 0 1 0 1 0 1 0 1 0 1 0 1 0 1 0 1 0 1 0 1 0 1 0 1 0 1 0 1 0 1 0 1 0 1 0 1 0 1 0 1 0 1 0 1 0 1 0 1 0 1 0 1 0 1 0 1 0 1 0 1 0 1 0 1 0 1 0 1 0 1 0 1 0 1 0 1 0 1 0 1 0 1 0 1 0 1 0 1 0 1 0 1 0 1 0 1 0 1 0 1 0 1 0 1 0 1 0 1 0 1 0 1 0 1 0 1 0 1 0 1 0 1 0 1 0 1 0 1 0 1 0 1 0 1 0 1 0 1 0 1 0 1 0 1 0 1 0 1 0 1 0 1 0 1 0 1 0 1 0 1 0 1 0 1 0 1 0 1 0 1 0 1 0 1 0 1 0 1 0 1 0 1 0 1 0 1 0 1 0 1 0 1 0 1 0 1 0 1 0 1 0 1 0 1 0 1 0 1 0 1 0 1 0 1 0 1 0 1 0 1 0 1 0 1 0 1 0 1 0 1 0 1 0 1 0 1 0 1 0 1 0 1 0 1 0 1 0 1 0 1 0 1 0 1 0 1 0 1 0 1 0 1 0 1 0 1 0 1 0 1 0 1 0 1 0 1 0 1 0 1 0 1 0 1 0 1 0 1 0 1 0 1 0 1 0 1 0 1 0 1 0 1 0 1 0 1 0 1 0 1 0 1 0 1 0 1 0 1 0 1 0 1 0 1 0 1 0 1 0 1 0 1 0 1 0 1 0 1 0 1 0 1 0 1 0 1 0 1 0 1 0 1 0 1 0 1 0 1 0 1 0 1 0 1 0 1 0 1 0 1 0 1 0 1 0 1 0 1 0 1 0 1 0 1 0 1 0 1 0 1 0 1 0 1 0 1 0 1 0 1 0 1 0 1 0 1 0 1 0 1 0 1 0 1 0 1 0 1 0 1 0 1 0 1 0 1 0 1 0 1 0 1 0 1 0 1 0 1 0 1 0 1 0 1 0 1 0 1 0 1 0 1 0 1 0 1 0 1 0 1 0 1 0 1 0 1 0 1 0 1 0 1 0 1 0 1 0 1 0 1 0 1 0 1 0 1 0 1 0 1 0 1 0 1 0 1 0 1 0 1 0 1 0 1 0 1 0 1 0 1 0 1 0 1 0 1 0 1 0 1 0 1 0 1 0 1 0 1 0 1 0 1 0 1 0 1 0 1 0 1 0 1 0 1 0 1 0 1 0 1 0 1 0 1 0 1 0 1 0 1 0 1 0 1 0 1 0 1 0 1 0 1 0 1 0 1 0 1 0 1 0 1 0 1 0 1 0 1 0 1 0 1 0 1 0 1 0 1 0 1 0 1 0 1 0 1 0 1 0 1 0 1 0 1 0 1 0 1 0 1 0 1 0 1 0 1 0 1 0 1 0 1 0 1 0 1 0 1 0 1 0 1 0 1 0 1 0 1 0 1 0 1 0 1 0 1 0 1 0 1 0 1 0 1 0 1 0 1 0 1 0 1 0 1 0 1 0 1 0 1 0 1 0 1 0 1 0 1 0 1 0 1 0 1 0 1 0 1 0 1 0 1 0 1 0 1 0 1 0 1 0 1 0 1 0 1 0 1 0 1 0 1 0 1 0 1 0 1 0 1 0 1 0 1 0 1 0 1 0 1 0 1 0 1 0 1 0 1 0 1 0 1 0 1 0 1 0 1 0 1 0 1 0 1 0 1 0 1 0 1 0 1 0 1 0 1 0 1 0 1 0 1 0 1 0 1 0 1 0 1 0 1 0 1 0 1 0 1 0 1 0 1 0 1 0 1 0 1 0 1 0 1 0 1 0 1 0 1 0 1 0 1 0 1 0 1 0 1 0 1 0 1 0 1 0 1 0 1 0 1 0 1 0 1 0 1 0 1 0 1 0 1 0 1 0 1 0 1 0 1 0 1 0 1 0 1 0 1 0 1 0 1 0 1 0 1 0 1 0 1 0 1 0 1 0 1 0 1 0 1 0 1 0 1 0 1 0 1 0 1 0 1 0 1 0 1 0 1 0 1 0 1 0 1 0 1 0 1 0 1 0 1 0 1 0 1 0 1 0 1 0 1 0 1 0 1 0 1 0 1 0 1 0 1 0 1 0 1 0 1 0 1 0 1 0 1 0 1 0 1 0 1 0 1 0 1 0 1 0 1 0 1 0 1 0 1 0 1 0 1 0 1 0 1 0 1 0 1 0 1 0 1 0 1 0 1 0 1 0 1 0 1 0 1 0 1 0 1 0 1 0 1 0 1 0 1 0 1 0 1 0 1 0 1 0 1 0 1 0 1 0 1 0 1 0 1 0 1 0 1 0 1 0 1 0 1 0 1 0 1 0 1 0 1 0 1 0 1 0 1 0 1 0 1 0 1 0 1 0 1 0 1 0 1 0 1 0 1 0 1 0 1 0 1 0 1 0 1 0 1 0 1 0 1 0 1 0 1 0 1 0 1 0 1 0 1 0 1 0 1 0 1 0 1 0 1 0 1 0 1 0 1 0 1 0 1 0 1 0 1 0 1 0 1 0 1 0 1 0 1 0 1 0 1 0 1 0 1 0 1 0 1 0 1 0 1 0 1 0 1 0 1 0 1 0 1 0 1 0 1 0 1 0 1 0 1 0 1 0 1 0 1 0 1 0 1 0 1 0 1 0 1 0 1 0 1 0 1 0 1 0 1 0 1 0 1 0 1 0 1 0 1 0 1 0 1 0 1 0 1 0 1 0 1 0 1 0 1 0 1 0 1 0 1 0 1 0 1 0 1 0 1 0 1 0 1 0 1 0 1 0 1 0 1 0 1 0 1 0 1 0 1 0 1 0 1 0 1 0 1 0 1 0 1 0 1 0 1 0 1 0 1 0 1 0 1 0 1 0 1 0 1 0 1 0 1 0 1 0 1 0 1 0 1 0 1 0 1 0 1 0 1 0 1 0 1 0 1 0 1 0 1 0 1 0 1 0 1 0 1 0 1 0 1 0 1 0 1 0 1 0 1 0 1 0 1 0 1 0 1 0 1 0 1 0 1 0 1 0 1 0 1 0 1 0 1 0 1 0 1 0 1 0 1 0 1 0 1 0 1 0 1 0 1 0 1 0 1 0 1 0 1 0 1 0 1 0 1 0 1 0 1 0 1 0 1 0 1 0 1 0 1 0 1 0 1 0 1 0 1 0 1 0 1 0 1 0 1 0 1 0 1 0 1 0 1 0 1 0 1 0 1 0 1 0 1 0 1 0 1 0 1 0 1 0 1 0 1 0 1 0 1 0 1 0 1 0 1 0 1 0 1 0 1 0 1 0 1 0 1 0 1 0 1 0 1 0 1 0 1 0 1 0 1 0 1 0 1 0 1 0 1 0 1 0 1 0 1 0 1 0 1 0 1 0 1 0 1 0 1 0 1 0 1 0 1 0 1 0 1 0 1 0 1 0 1 0 1 0 1 0 1 0 1 0 1 0 1 0 1 0 1 0 1 0 1 0 1 0 1 0 1 0 1 0 1 0 1 0 1 0 1 0 1 0 1 0 1 0 1 0 1 0 1 0 1 0 1 0 1 0 1 0 1 0 1 0 1 0 1 0 1 0 1 0 1 0 1 0 1 0 1 0 1 0 1 0 1 0 1 0 1 0 1 0 1 0 1 0 1 0 1 0 1 0 1 0 1 0 1 0 1 0 1 0 1 0 1 0 1 0 1 0 1 0 1 0 1 0 1 0 1 0 1 0 1 0 1 0 1 0 1 0 1 0 1 0 1 0 1 0 1 0 1 0 1 0 1 0 1 0 1 0 1 0 1 0 1 0 1 0 1 0 1 0 1 0 1 0 1 0 1 0 1 0 1 0 1 0 1 0 1 0 1 0 1 0 1 0 1 0 1 0 1 0 1 0 1 0 1 0 1 0 1 0 1 0 1 0 1 0 1 0 1 0 1 0 1 0 1 0 1 0 1 0 1 0 1 0 1 0 1 0 1 0 1 0 1 0 1 0 1 0 1 0 1 0 1 0 1 0 1 0 1 0 1 0 1 0 1 0 1 0 1 0 1 0 1 0 1 0 1 0 1 0 1 0 1 0 1 0 1 0 1 0 1 0 1 0 1 0 1 0 1 0 1 0 1 0 1 0 1 0 1 0 1 0 1 0 1 0 1 0 1 0 1 0 1 0 1 0 1 0 1 0 1 0 1 0 1 0 1 0 1 0 1 0 1 0 1 0 1 0 1 0 1 0 1 0 1 0 1 0 1 0 1 0 1 0 1 0 1 0 1 0 1 0 1 0 1 0 1 0 1 0 1 0 1 0 1 0 1 0 1 0 1 0 1 0 1 0 1 0 1 0 1 0 1 0 1 0 1 0 1 0 1 0 1 0 1 0 1 0 1 0 1 0 1 0 1 0 1 0 1 0 1 0 1 0 1 0 1 0 1 0 1 0 1 0 1 0 1 0 1 0 1 0 1 0 1 0 1 0 1 0 1 0 1 0 1 0 1 0 1 0 1 0 1 0 1 0 1 0 1 0 1 0 1 0 1 0 1 0 1 0 1 0 1 0 1 0 1 0 1 0 1 0 1 0 1 0 1 0 1 0 1 0 1 0 1 0 1 0 1 0 1 0 1 0 1 0 1 0 1 0 1 0 1 0 1 0 1 0 1 0 1 0 1 0 1 0 1 0 1 0 1 0 1 0 1 0 1 0 1 0 1 0 1 0 1 0 1 0 1 0 1 0 1 0 1 0 1 0 1 0 1 0 1 0 1 0 1 0 1 0 1 0 1 0 1 0 1 0 1 0 1 0 1 0 1 0 1 0 1 0 1 0 1 0 1 0 1 0 1 0 1 0 1 0 1 0 1 0 1 0 1 0 1 0 1 0 1 0 1 0 1 0 1 0 1 0 1 0 1 0 1 0 1 0 1 0 1 0 1 0 1 0 1 0 1 0 1 0 1 0 1 0 1 0 1 0 1 0 1 0 1 0 1 0 1 0 1 0 1 0 1 0 1 0 1 0 1 0 1 0 1 0 1 0 1 0 1 0 1 0 1 0 1 0 1 0 1 0 1 0 1 0 1 0 1 0 1 0 1 0 1 0 1 0 1 0 1 0 1 0 1 0 1 0 1 0 1 0 1 0 1 0 1 0 1 0 1 0 1 0 1 0 1 0 1 0 1 0 1 0 1 0 1 0 1 0 1 0 1 0 1 0 1 0 1 0 1 0 1 0 1 0 1 0 1 0 1 0 1 0 1 0 1 0 1 0 1 0 1 0 1 0 1 0 1 0 1 0 1 0 1 0 1 0 1 0 1 0 1 0 1 0 1 0 1 0 1 0 1 0 1 0 1 0 1 0 1 0 1 0 1 0 1 0 1 0 1 0 1 0 1 0 1 0 1 0 1 0 1 0 1 0 1 0 1 0 1 0 1 0 1 0 1 0 1 0 1 0 1 0 1 0 1 0 1 0 1 0 1 0 1 0 1 0 1 0 1 0 1 0 1 0 1 0 1 0 1 0 1 0 1 0 1 0 1 0 1 0 1 0 1 0 1 0 1 0 1 0 1 0 1 0 1 0 1 0 1 0 1 0 1 0 1 0 1 0 1 0 1 0 1 0 1 0 1 0 1 0 1 0 1 0 1 0 1 0 1 0 1 0 1 0 1 0 1 0 1 0 1 0 1 0 1 0 1 0 1 0 1 0 1 0 1 0 1 0 1 0 1 0 1 0 1 0 1 0 1 0 1 0 1 0 1 0 1 0 1 0 1 0 1 0 1 0 1 0 1 0 1 0 1 0 1 0 1 0 1 0 1 0 1 0 1 0 1 0 1 0 1 0 1 0 1 0 1 0 1 0 1 0 1 0 1 0 1 0 1 0 1 0 1 0 1 0 1 0 1 0 1 0 1 0 1 0 1 0 1 0 1 0 1 0 1 0 1 0 1 0 1 0 1 0 1 0 1 0 1 0 1 0 1 0 1 0 1 0 1 0 1 0 1 0 1 0 1 0 1 0 1 0 1 0 1 0 1 0 1 0 1 0 1 0 1 0 1 0 1 0 1 0 1 0 1 0 1 0 1 0 1 0 1 0 1 0 1 0 1 0 1 0 1 0 1 0 1 0 1 0 1 0 1 0 1 0 1 0 1 0 1 0 1 0 1 0 1 0 1 0 1 0 1 0 1 0 1 0 1 0 1 0 1 0 1 0 1 0 1 0 1 0 1 0 1 0 1 0 1 0 1 0 1 0 1 0 1 0 1 0 1 0 1 0 1 0 1 0 1 0 1 0 1 0 1 0 1 0 1 0 1 0 1 0 1 0 1 0 1 0 1 0 1 0 1 0 1 0 1 0 1 0 1 0 1 0 1 0 1 0 1 0 1 0 1 0 1 0 1 0 1 0 1 0 1 0 1 0 1 0 1 0 1 0 1 0 1 0 1 0 1 0 1 0 1 0 1 0 1 0 1 0 1 0 1 0 1 0 1 0 1 0 1 0 1 0 1 0 1 0 1 0 1 0 1 0 1 0 1 0 1 0 1 0 1 0 1 0 1 0 1 0 1 0 1 0 1 0 1 0 1 0 1 0 1 0 1 0 1 0 1 0 1 0 1 0 1 0 1 0 1 0 1 0 1 0 1 0 1 0 1 0 1 0 1 0 1 0 1 0 1 0 1 0 1 0 1 0 1 0 1 0 1 0 1 0 1 0 1 0 1 0 1 0 1 0 1 0 1 0 1 0 1 0 1 0 1 0 1 0 1 0 1 0 1 0 1 0 1 0 1 0 1 0 1 0 1 0 1 0 1 0 1 0 1 0 1 0 1 0 1 0 1 0 1 0 1 0 1 0 1 0 1 0 1 0 1 0 1 0 1 0 1 0 1 0 1 0 1 0 1 0 1 0 1 0 1 0 1 0 1 0 1 0 1 0 1 0 1 0 1 0 1 0 1 0 1 0 1 0 1 0 1 0 1 0 1 0 1 0 1 0 1 0 1 0 1 0 1 0 1 0 1 0 1 0 1 0 1 0 1 0 1 0 1 0 1 0 1 0 1 0 1 0 1 0 1 0 1 0 1 0 1 0 1 0 1 0 1 0 1 0 1 0 1 0 1 0 1 0 1 0 1 0 1 0 1 0 1 0 1 0 1 0 1 0 1 0 1 0 1 0 1 0 1 0 1 0 1 0 1 0 1 0 1 0 1 0 1 0 1 0 1 0 1 0 1 0 1 0 1 0 1 0 1 0 1 0 1 0 1 0 1 0 1 0 1 0 1 0 1 0 1 0 1 0 1 0 1 0 1 0 1 0 1 0 1 0 1 0 1 0 1 0 1 0 1 0 1 0 1 0 1 0 1 0 1 0 1 0 1 0 1 0 1 0 1 0 1 0 1 0 1 0 1 0 1 0 1 0 1 0 1 0 1 0 1 0 1 0 1 0 1 0 1 0 1 0 1 0 1 0 1 0 1 0 1 0 1 0 1 0 1 0 1 0 1 0 1 0 1 0 1 0 1 0 1 0 1 0 1 0 1 0 1 0 1 0 1 0 1 0 1 0 1 0 1 0 1 0 1 0 1 0 1 0 1 0 1 0 1 0 1 0 1 0 1 0 1 0 1 0 1 0 1 0 1 0 1 0 1 0 1 0 1 0 1 0 1 0 1 0 1 0 1 0 1 0 1 0 1 0 1 0 1 0 1 0 1 0 1 0 1 0 1 0 1 0 1 0 1 0 1 0 1 0 1 0 1 0 1 0 1 0 1 0 1 0 1 0 1 0 1 0 1 0 1 0 1 0 1 0 1 0 1 0 1 0 1 0 1 0 1 0 1 0 1 0 1 0 1 0 1 0 1 0 1 0 1 0 1 0 1 0 1 0 1 0 1 0 1 0 1 0 1 0 1 0 1 0 1 0 1 0 1 0 1 0 1 0 1 0 1 0 1 0 1 0 1 0 1 0 1 0 1 0 1 0 1 0 1 0 1 0 1 0 1 0 1 0 1 0 1 0 1 0 1 0 1 0 1 0 1 0 1 0 1 0 1 0 1 0 1 0 1 0 1 0 1 0 1 0 1 0 1 0 1 0 1 0 1 0 1 0 1 0 1 0 1 0 1 0 1 0 1 0 1 0 1 0 1 0 1 0 1 0 1 0 1 0 1 0 1 0 1 0 1 0 1 0 1 0 1 0 1 0 1 0 1 0 1 0 1 0 1 0 1 0 1 0 1 0 1 0 1 0 1 0 1 0 1 0 1 0 1 0 1 0 1 0 1 0 1 0 1 0 1 0 1 0 1 0 1 0 1 0 1 0 1 0 1 0 1 0 1 0 1 0 1 0 1 0 1 0 1 0 1 0 1 0 1 0 1 0 1 0 1 0 1 0 1 0 1 0 1 0 1 0 1 0 1 0 1 0 1 0 1 0 1 0 1 0 1 0 1 0 1 0 1 0 1 0 1 0 1 0 1 0 1 0 1 0 1 0 1 0 1 0 1 0 1 0 1 0 1 0 1 0 1 0 1 0 1 0 1 0 1 0 1 0 1 0 1 0 1 0 1 0 1 0 1 0 1 0 1 0 1 0 1 0 1 0 1 0 1 0 1 0 1 0 1 0 1 0 1 0 1 0 1 0 1 0 1 0 1 0 1 0 1 0 1 0 1 0 1 0 1 0 1 0 1 0 1 0 1 0 1 0 1 0 1 0 1 0 1 0 1 0 1 0 1 0 1 0 1 0 1 0 1 0 1 0 1 0 1 0 1 0 1 0 1 0 1 0 1 0 1 0 1 0 1 0 1 0 1 0 1 0 1 0 1 0 1 0 1 0 1 0 1 0 1 0 1 0 1 0 1 0 1 0 1 0 1 0 1 0 1 0 1 0 1 0 1 0 1 0 1 0 1 0 1 0 1 0 1 0 1 0 1 0 1 0 1 0 1 0 1 0 1 0 1 0 1 0 1 0 1 0 1 0 1 0 1 0 1 0 1 0 1 0 1 0 1 0 1 0 1 0 1 0 1 0 1 0 1 0 1 0 1 0"
VoIP-UL-0-20250917-22:24:49-144340,attr,Highway.upf.pppIf.ppp,transmissionState:vector,interpolationmode,sample-hold,,,
VoIP-UL-0-20250917-22:24:49-144340,attr,Highway.upf.pppIf.ppp,transmissionState:vector,source,transmissionStateChanged,,,
VoIP-UL-0-20250917-22:24:49-144340,attr,Highway.upf.pppIf.ppp,transmissionState:vector,title,"tx state, vector",,,
